"CLUES","Conteo_N1_T10","Conteo_N1_T20","Conteo_N1_T40","Conteo_N1_T60","Conteo_N2_T10","Conteo_N2_T20","Conteo_N2_T40","Conteo_N2_T60","Conteo_N3_T10","Conteo_N3_T20","Conteo_N3_T40","Conteo_N3_T60","CLUES_N1_mas_cercano","Tiempo_promedio_CLUES_N1_mas_cercano","CLUES_N2_mas_cercano","Tiempo_promedio_CLUES_N2_mas_cercano","CLUES_N3_mas_cercano","Tiempo_promedio_CLUES_N3_mas_cercano"
"HGIMB001790","0","2","58","101","1","1","19","26","0","0","0","0","HGIMB003861","13.1190620533197","HGIMO000952","2.47984355326041","HGIMB002304","94.5189273202989"
"HGIMO000964","1","4","45","95","0","1","19","26","0","0","0","0","HGIMO000112","7.6935782082802","HGIMO000952","11.8365510787414","HGIMB002304","97.53359534641"
"HGIMB000344","1","13","28","38","0","5","14","14","0","0","0","0","HGIMB000361","8.76691475268371","HGIMB004800","10.2199189011441","HGIMB002304","105.615039897102"
"HGIMB000356","0","1","10","32","0","0","5","14","0","0","0","0","HGIMB005010","18.6270095853091","HGSMP001511","25.5904350431059","HGIMB002304","123.833175560376"
"HGIMB000361","2","12","23","36","0","4","10","14","0","0","0","0","HGIMB001032","8.3663189826926","HGIMB004800","18.5287118129427","HGIMB002304","113.923832808901"
"HGIMB004865","1","15","35","48","1","12","14","14","0","0","0","0","HGIMB004766","8.99685469089624","HGIMB004800","8.99685469089624","HGIMB002304","91.1848020675149"
"HGIMB004766","6","16","32","46","5","9","14","14","0","0","0","0","HGIST000024","1.732517090609","HGIMB004800","0","HGIMB002304","95.3951209959583"
"HGIMO000170","0","4","28","43","0","3","14","14","0","0","0","0","HGIMB003021","14.9581682511068","HGSMP000864","19.5916134094172","HGIMB002304","109.609798122043"
"HGIMO000182","0","11","21","36","0","5","9","14","0","0","0","0","HGIMB000344","10.2627901237099","HGSMP001511","14.9077253420481","HGIMB002304","113.150465859318"
"HGIMO000194","0","0","16","49","0","0","5","15","0","0","0","0","HGIMB000332","21.1070756411284","HGSMP000864","36.3298118103195","HGIMB002304","119.41779865982"
"HGIMS000024","5","12","32","44","5","5","14","14","0","0","0","0","HGSMP002292","1.0609110814407","HGSMP000881","0.966797593196987","HGIMB002304","98.0784176159721"
"HGIST000024","5","13","32","44","5","5","14","14","0","0","0","0","HGIMS000024","1.22928032552189","HGSMP000881","0.552709910559414","HGIMB002304","96.9462656371221"
"HGSMP002274","5","11","33","45","5","5","14","14","0","0","0","0","HGSMP002283","0.319818508974043","HGSMP000905","0.47706926432778","HGIMB002304","97.4109882651316"
"HGSMP002283","5","11","33","45","5","5","14","14","0","0","0","0","HGSMP002274","0.319818508974043","HGSMP000864","0.318934600470679","HGIMB002304","97.7308067741056"
"HGSMP002292","5","10","33","44","5","5","14","14","0","0","0","0","HGSMP002274","0.332242828878456","HGSMP000905","0.338498416421622","HGIMB002304","97.74323109401"
"HGIMB000023","0","12","50","83","0","1","21","24","0","0","0","0","HGIMO000486","10.7999529063583","HGSMP000135","13.3353675274177","HGIMB002304","63.2909920505979"
"HGIMB000035","1","3","21","65","0","0","4","23","0","0","0","0","HGIMO000042","6.05653032922488","HGSMP000135","26.2207111052104","HGIMB002304","76.1763356283906"
"HGIMB000040","3","8","46","84","1","2","21","24","0","0","0","0","HGIMB000011","5.59746407062615","HGSMP000135","5.97135156432354","HGIMB002304","74.2240397101502"
"HGIMB000052","2","12","56","105","1","11","23","26","0","0","0","0","HGIMB000011","9.42143942234692","HGSMP000135","9.04755192864953","HGIMB002304","75.7579953973632"
"HGIMB000011","4","26","56","99","1","16","23","26","0","0","0","0","HGSMP003355","0","HGSMP000135","0.37388749369739","HGIMB002304","68.8788881518635"
"HGIMO002224","1","4","18","65","0","0","1","19","0","0","0","0","HGIMO000013","0","HGIMO000952","34.5179487856549","HGIMB002304","86.237614114012"
"HGIMO000013","1","4","18","65","0","0","1","19","0","0","0","0","HGIMO002224","0","HGIMO000952","34.5179487856549","HGIMB002304","86.237614114012"
"HGIMO000025","0","7","46","89","0","1","21","24","0","0","0","0","HGIMB000011","10.652710514968","HGSMP000135","10.7705335759127","HGIMB002304","66.6674971972301"
"HGIMO000030","0","3","18","61","0","0","2","22","0","0","0","0","HGIMB000035","15.047732277252","HGIMO000952","28.1950980149049","HGIMB002304","83.2715456281045"
"HGIMO000042","1","3","21","66","0","0","3","22","0","0","0","0","HGIMB000035","6.05653032922488","HGSMP000135","27.0407945388352","HGIMB002304","76.9964190620153"
"HGSMP003355","4","26","56","99","1","16","23","26","0","0","0","0","HGIMB000011","0","HGSMP000135","0.37388749369739","HGIMB002304","68.8788881518635"
"HGIMB000076","1","12","58","73","0","2","18","24","0","0","0","0","HGIMB000793","6.07796134020208","HGCRO000015","16.3536284153759","HGIMB002304","116.495744260825"
"HGIMB000093","3","12","30","78","1","3","15","24","0","0","0","0","HGIMB000110","6.64898737988159","HGSMP002043","5.43865547771875","HGIMB002304","110.149939228236"
"HGIMB000105","0","4","19","36","0","0","3","15","0","0","0","0","HGIMO002236","11.2929745937775","HGCRO000015","23.7949266012966","HGIMB002304","130.727018806438"
"HGIMB000110","2","11","50","87","1","3","21","24","0","0","0","0","HGIMB003873","1.95441444600857","HGSMP002043","1.21033190216284","HGIMB002304","104.894317564075"
"HGIMB000122","4","15","33","68","2","2","4","22","0","0","0","0","HGSMP001120","8.1548448210778","HGCRO000015","8.1548448210778","HGIMB002304","127.547445964327"
"HGIMB000134","4","9","21","69","0","3","4","23","0","0","0","0","HGIMB000093","7.33362927537803","HGSMP002043","12.7722847530968","HGIMB002304","117.483568503614"
"HGIMB000146","6","9","21","50","2","2","3","17","0","0","0","0","HGIMO000066","1.99624324407389","HGCRO000015","9.46813533013693","HGIMB002304","130.768324422879"
"HGIMB005372","5","15","31","68","2","3","4","23","0","0","0","0","HGIMB000064","0","HGCRO000015","0.776298430174951","HGIMB002304","122.3245961195"
"HGIMB000081","3","9","23","45","0","2","3","12","0","0","0","0","HGIMB000146","9.77791173780558","HGCRO000015","10.6830716925328","HGIMB002304","131.983260785275"
"HGIMB000064","5","15","31","68","2","3","4","23","0","0","0","0","HGIMB005372","0","HGCRO000015","0.776298430174951","HGIMB002304","122.3245961195"
"HGIMO002236","3","12","22","68","0","3","3","23","0","0","0","0","HGIMO002516","0","HGCRO000015","12.6741707208836","HGIMB002304","121.249609870402"
"HGIMO002480","2","10","29","62","0","2","4","21","0","0","0","0","HGIMO000083","0","HGCRO000015","12.6808601640212","HGIMB002304","133.698200133771"
"HGIMO002516","3","12","22","68","0","3","3","23","0","0","0","0","HGIMO002236","0","HGCRO000015","12.6741707208836","HGIMB002304","121.249609870402"
"HGIMO000054","0","0","3","16","0","0","0","2","0","0","0","0","HGIMO002480","35.9530501114279","HGCRO000015","45.7389390908356","HGIMB002304","166.756279060586"
"HGIMO000066","1","9","20","41","0","2","3","10","0","0","0","0","HGIMB000146","1.99624324407389","HGCRO000015","11.4643785742108","HGIMB002304","132.764567666953"
"HGIMO000071","3","12","22","68","0","3","3","23","0","0","0","0","HGIMO002236","0","HGCRO000015","12.6741707208836","HGIMB002304","121.249609870402"
"HGIMO000083","2","10","29","62","0","2","4","21","0","0","0","0","HGIMO002480","0","HGCRO000015","12.6808601640212","HGIMB002304","133.698200133771"
"HGSMP001120","5","17","31","69","2","3","4","23","0","0","0","0","HGSMP001132","0","HGCRO000015","0","HGIMB002304","121.548297689325"
"HGSMP001132","5","17","31","69","2","3","4","23","0","0","0","0","HGSMP001120","0","HGCRO000015","0","HGIMB002304","121.548297689325"
"HGIMB000274","1","7","14","46","0","0","1","15","0","0","0","0","HGIMO000100","4.00061474218432","HGIMO000952","36.4158683956047","HGIMB002304","96.2816944627888"
"HGIMB000286","3","6","10","51","0","0","1","20","0","0","0","0","HGIMB005314","6.48371379501596","HGIMO000952","32.270871946628","HGIMB002304","107.468358770314"
"HGIMB005314","3","7","12","66","0","0","1","20","0","0","0","0","HGIMB000262","0","HGIMO000952","26.3898607075782","HGIMB002304","108.376590717905"
"HGIMB000262","3","7","12","66","0","0","1","20","0","0","0","0","HGIMB005314","0","HGIMO000952","26.3898607075782","HGIMB002304","108.376590717905"
"HGIMO000100","2","7","13","55","0","0","1","17","0","0","0","0","HGIMB000274","4.00061474218432","HGIMO000952","34.8415529906649","HGIMB002304","97.6385949955295"
"HGIMO000112","3","8","22","84","0","1","6","24","0","0","0","0","HGIMB005314","6.96347908252266","HGIMO000952","19.5301292870216","HGIMB002304","101.413111635382"
"HGIMO000124","0","3","9","23","0","0","0","3","0","0","0","0","HGIMB000286","15.2293547091426","HGIMO000952","42.1202469035104","HGIMB002304","119.79713222422"
"HGIMB000291","1","1","10","33","0","0","1","5","0","0","0","0","HGIMO000153","1.99796985885453","HGSMP004101","22.6428953388389","HGDIF000014","159.618160471328"
"HGIMB000303","0","6","18","62","0","1","2","15","0","0","0","0","HGIMB000320","11.5359221242403","HGSMP004101","17.7166515352872","HGDIF000014","161.153351434537"
"HGIMB000315","0","6","19","95","0","1","5","33","0","0","0","0","HGIMB000851","11.1475404852675","HGSMP004101","16.5076696381101","HGDIF000014","144.550627881018"
"HGIMB000320","0","6","32","69","0","1","9","15","0","0","0","0","HGIMB002864","10.4901373928901","HGSMP004101","13.7822761867327","HGDIF000014","157.218976085982"
"HGIMB004870","1","5","25","81","1","1","5","24","0","0","0","0","HGSMP001366","3.07475348198029","HGSMP004101","2.63174645470566","HGDIF000014","146.068446353955"
"HGIMO000141","0","0","8","27","0","0","1","9","0","0","0","0","HGIMB000303","20.0664069081936","HGSMP004101","34.605549986644","HGDIF000014","178.042249885893"
"HGIMO000153","1","2","11","35","0","0","1","5","0","0","0","0","HGIMB000291","1.99796985885453","HGSMP004101","20.6449254799844","HGDIF000014","157.620190612473"
"HGSMP001366","1","4","25","94","1","1","4","30","0","0","0","0","HGIMB004870","3.07475348198029","HGSMP004101","0.620018128824555","HGDIF000014","143.18539070137"
"HGIMB000455","3","10","25","61","0","1","1","2","0","0","0","0","HGIMO000223","5.82179995982495","HGIMB000431","10.8633102369097","HGIMB002304","283.072395265099"
"HGIMB000460","1","1","13","41","0","0","2","2","0","0","0","0","HGIMB004713","9.71056395908344","HGIMB000431","27.8016253030533","HGIMB002304","314.111251768878"
"HGIMB000472","0","9","25","61","0","1","1","1","0","0","0","0","HGIMB003972","10.4793851642149","HGIMB000431","16.1686109253168","HGIMB002304","281.949902598375"
"HGIMB000484","1","1","4","20","0","0","0","0","0","0","0","0","HGIMB004013","7.97942879274324","HGIMB000431","66.2445239213708","HGIMB002304","315.482199152615"
"HGIMB000496","1","4","19","51","1","1","1","11","0","0","0","0","HGIMB000443","9.57397031059512","HGIMB000431","9.57397031059512","HGIMB002304","297.446584472068"
"HGIMB004211","2","8","22","53","0","1","1","2","0","0","0","0","HGIMO002241","8.01065450337374","HGIMB000431","11.0939116788854","HGIMB002304","291.816258684777"
"HGIMB004713","1","3","20","55","0","0","2","3","0","0","0","0","HGIMB000460","9.71056395908344","HGIMB000431","28.8891232586958","HGIMB002304","304.657922087061"
"HGIMB000443","4","9","28","60","1","1","1","11","0","0","0","0","HGSMP003763","1.23203572056674","HGIMB000431","0","HGIMB002304","287.872614161472"
"HGIMO002241","5","11","27","62","1","1","1","4","0","0","0","0","HGIMO000235","0","HGIMB000431","4.06700998006894","HGIMB002304","283.805604181403"
"HGIMO000223","1","9","23","51","0","1","1","2","0","0","0","0","HGIMB000455","5.82179995982495","HGIMB000431","16.6851101967347","HGIMB002304","288.894195224924"
"HGIMO000235","5","11","27","62","1","1","1","4","0","0","0","0","HGIMO002241","0","HGIMB000431","4.06700998006894","HGIMB002304","283.805604181403"
"HGSMP003763","3","10","28","63","1","1","1","11","0","0","0","0","HGIMB000443","1.23203572056674","HGIMB000431","1.23203572056674","HGIMB002304","287.585401250871"
"HGIMB000571","1","9","40","67","0","0","3","4","0","0","0","0","HGIMB000600","7.5923802082136","HGSMP000840","31.3777657868081","HGIMB002304","284.169574654552"
"HGIMB000595","6","8","27","52","0","0","0","4","0","0","0","0","HGSMP001774","7.60901279810546","HGSMP000840","47.1656946825312","HGIMB002304","282.135813342606"
"HGIMB000600","1","7","41","69","0","0","3","4","0","0","0","0","HGIMB000571","7.5923802082136","HGIMB000431","31.6812895831209","HGIMB002304","276.577194446338"
"HGIMB000583","2","8","34","63","0","0","1","1","0","0","0","0","HGIMO002031","4.64171726943639","HGIMB000431","34.2701739036457","HGIMB002304","261.150593039975"
"HGIMB000566","6","8","26","52","0","0","0","3","0","0","0","0","HGSMP001774","1.31093348318927","HGSMP000840","40.3047892403284","HGIMB002304","290.477933642238"
"HGIMO000281","0","6","15","33","0","0","0","2","0","0","0","0","HGIMB001761","13.8464958556831","HGSMP000840","56.372507637998","HGIMB002304","306.35861874087"
"HGIMO000293","1","3","27","52","0","0","0","1","0","0","0","0","HGIMB000583","8.94992020756096","HGIMB000431","42.9896951470635","HGIMB002304","269.870114283393"
"HGIMO000305","5","13","33","60","0","0","2","4","0","0","0","0","HGSMP001774","7.83467000121566","HGSMP000840","32.0559098009584","HGIMB002304","296.858931977483"
"HGIMO000310","1","6","18","43","0","0","0","2","0","0","0","0","HGIMB000595","9.99088288131445","HGSMP000840","53.3882623815767","HGIMB002304","285.406027740217"
"HGIST000176","6","8","27","53","0","0","1","4","0","0","0","0","HGSMP003611","0.347204615350644","HGSMP000840","39.7667886141786","HGIMB002304","290.041600811749"
"HGSMP001774","6","8","27","53","0","0","1","4","0","0","0","0","HGSMP001786","0","HGSMP000840","39.5566818844258","HGIMB002304","289.724018536964"
"HGSMP001786","6","8","27","53","0","0","1","4","0","0","0","0","HGSMP001774","0","HGSMP000840","39.5566818844258","HGIMB002304","289.724018536964"
"HGSMP003611","6","8","26","52","0","0","0","3","0","0","0","0","HGIST000176","0.347204615350644","HGSMP000840","40.1139932295292","HGIMB002304","290.353828313765"
"HGIMB000624","5","17","58","80","0","0","10","13","0","0","0","0","HGIMB000694","4.34953742306181","HGSMP000572","22.3592390613103","HGDIF000014","148.372195218111"
"HGIMB000636","5","15","49","76","0","0","9","10","0","0","0","0","HGIMB000723","4.20287853398592","HGSMP000572","28.5763554912724","HGDIF000014","153.433645823932"
"HGIMB000641","0","1","21","51","0","0","0","8","0","0","0","0","HGIMB000665","15.2168854006107","HGSMP000572","54.8847070670868","HGDIF000014","168.944978163339"
"HGIMB000653","6","16","53","76","0","0","9","10","0","0","0","0","HGIMB000723","4.39639898689974","HGSMP000572","26.7958809251357","HGDIF000014","152.962366626653"
"HGIMB000665","1","8","26","67","0","0","0","10","0","0","0","0","HGIMB000711","8.74983080857993","HGSMP000572","41.5522636690998","HGDIF000014","155.612534765352"
"HGIMB000670","1","6","44","90","0","0","9","13","0","0","0","0","HGIMB000682","7.79455644531135","HGIST000065","25.1609526586631","HGDIF000014","122.192551788039"
"HGIMB000682","2","6","44","84","0","0","9","13","0","0","0","0","HGIMB000670","7.79455644531135","HGIST000065","22.6039229710108","HGDIF000014","127.002037110468"
"HGIMB000694","4","18","58","78","0","0","10","13","0","0","0","0","HGIMB000624","4.34953742306181","HGSMP000572","20.7612603076816","HGDIF000014","146.180439451113"
"HGIMB000706","0","1","24","64","0","0","0","10","0","0","0","0","HGIMB000711","16.2452804567288","HGSMP000572","44.1086635259396","HGDIF000014","136.858432353381"
"HGIMB000711","4","13","45","74","0","0","8","10","0","0","0","0","HGIMB000612","5.07762255376495","HGSMP000572","32.9277672666759","HGDIF000014","146.862703956772"
"HGIMB000723","7","18","58","82","0","0","9","13","0","0","0","0","HGIMB000636","4.20287853398592","HGSMP000572","24.3734769572864","HGDIF000014","153.053095005935"
"HGIMB000735","2","7","41","81","0","0","9","13","0","0","0","0","HGIMB000752","7.01461809534731","HGIST000065","28.7342443934566","HGDIF000014","133.316132690245"
"HGIMB000740","3","13","42","73","0","0","8","10","0","0","0","0","HGIMB000612","9.10851395401693","HGSMP000572","33.8924751212925","HGDIF000014","157.618929735369"
"HGIMB000752","2","12","43","81","0","0","8","10","0","0","0","0","HGIMB000735","7.01461809534731","HGSMP000572","32.8478530969894","HGDIF000014","137.575244189563"
"HGIMB000764","0","6","25","58","0","0","0","9","0","0","0","0","HGIMO002492","11.2644766274391","HGSMP000572","47.3938410681644","HGDIF000014","170.972508267463"
"HGIMB000612","7","15","47","74","0","0","9","10","0","0","0","0","HGIMB000636","4.92323004258034","HGSMP000572","28.2370585135512","HGDIF000014","148.730421555425"
"HGIMO002253","1","3","19","89","0","0","1","20","0","0","0","0","HGIMO000322","0","HGIST000065","35.6972915776244","HGDIF000014","111.412363032526"
"HGIMO000322","1","3","19","89","0","0","1","20","0","0","0","0","HGIMO002253","0","HGIST000065","35.6972915776244","HGDIF000014","111.412363032526"
"HGIMB000892","4","10","22","33","0","0","0","1","0","0","0","0","HGIMO002455","5.06949222044272","HGSMP000782","43.6750929433614","HGIMB002304","315.681138289956"
"HGIMB000904","0","9","22","31","0","0","0","1","0","0","0","0","HGIMO000380","12.6986876877663","HGSMP000782","54.2264811988662","HGIMB002304","321.566393020023"
"HGIMB000916","1","3","21","32","0","0","0","1","0","0","0","0","HGIMO000380","5.05694121160063","HGSMP000782","53.9244836516583","HGIMB002304","320.027372550835"
"HGIMB000921","0","0","4","10","0","0","0","0","0","0","0","0","HGIMO000392","27.0875104876461","HGSMP000782","84.7697147524168","HGIMB002304","350.872603651594"
"HGIMB000933","1","2","6","18","0","0","0","0","0","0","0","0","HGIMO000392","7.15185623297456","HGSMP000782","81.3119919624451","HGIMB002304","328.450639504567"
"HGIMB000945","0","0","5","23","0","0","0","0","0","0","0","0","HGIMB000916","22.7846451202972","HGSMP000782","70.2504772533721","HGIMB002304","336.353366152549"
"HGIMB005244","4","9","15","32","0","0","0","1","0","0","0","0","HGIMB000880","0","HGSMP000782","56.0714159671072","HGIMB002304","328.077461313702"
"HGIMB000880","4","9","15","32","0","0","0","1","0","0","0","0","HGIMB005244","0","HGSMP000782","56.0714159671072","HGIMB002304","328.077461313702"
"HGIMO002455","5","10","18","34","0","0","0","1","0","0","0","0","HGIMO000404","0.639511725102788","HGSMP000782","48.4115767343576","HGIMB002304","320.417622080952"
"HGIMO000375","0","2","5","14","0","0","0","0","0","0","0","0","HGIMB000933","12.7716425706817","HGSMP000782","94.0836345331268","HGIMB002304","317.819501740252"
"HGIMO000380","1","3","24","32","0","0","0","1","0","0","0","0","HGIMB000916","5.05694121160063","HGSMP000782","51.4508670248226","HGIMB002304","317.553755923999"
"HGIMO000392","1","2","9","25","0","0","0","0","0","0","0","0","HGIMB000933","7.15185623297456","HGSMP000782","74.1601357294705","HGIMB002304","335.602495737541"
"HGIMO000404","5","10","18","34","0","0","0","1","0","0","0","0","HGIMO002455","0.639511725102788","HGSMP000782","49.0510884594604","HGIMB002304","321.057133806055"
"HGIMO000416","1","7","18","29","0","0","0","1","0","0","0","0","HGIMB000892","7.79819781129869","HGSMP000782","51.003339219425","HGIMB002304","323.009384566019"
"HGIST000181","4","9","15","32","0","0","0","1","0","0","0","0","HGIMB005244","1.51272223435094","HGSMP000782","55.9220010109099","HGIMB002304","327.928046357504"
"HGIMB001085","0","8","117","161","0","0","22","37","0","0","2","2","HGIMO000462","10.1078719098496","HGSMP000123","24.4023495096479","HGIMB002304","27.9357662750433"
"HGIMB001090","1","7","38","173","0","0","9","41","0","0","0","2","HGIMO002096","5.71393188799957","HGSMP000946","27.2249652838246","HGIMB002304","49.7951107307793"
"HGIMB001073","0","3","112","166","0","0","21","37","0","0","2","2","HGIMO000462","13.6162985366196","HGSMP000123","30.9888859476512","HGIMB002304","34.5223027130466"
"HGIMO000462","0","2","102","167","0","0","20","38","0","0","2","2","HGIMB001085","10.1078719098496","HGSMP000123","30.4819693779112","HGIMB002304","34.0153861433066"
"HGIMO002125","0","3","124","165","0","0","25","39","0","0","2","2","HGIMO002113","14.6011456392053","HGCRO000032","25.6476652846335","HGDIF000014","29.4306053189121"
"HGIMB001172","1","2","14","37","0","0","0","1","0","0","0","0","HGIMB001230","5.20323781604548","HGIMB000431","45.3049948109257","HGIMB002304","327.130406021454"
"HGIMB001184","0","3","15","35","0","0","1","1","0","0","0","0","HGIST000193","12.5059896057659","HGIMB000431","34.6553254647234","HGIMB002304","321.584979235924"
"HGIMB001196","2","6","12","24","0","0","1","1","0","0","0","0","HGIMB001225","5.92540245257677","HGIMB000431","38.9465769249665","HGIMB002304","325.876230696167"
"HGIMB001201","1","7","16","26","0","0","1","1","0","0","0","0","HGIMO000532","7.56270369327936","HGIMB000431","32.3330365536609","HGIMB002304","319.262690324862"
"HGIMB001225","1","2","9","23","0","0","0","1","0","0","0","0","HGIMB001196","5.92540245257677","HGIMB000431","43.780695837701","HGIMB002304","330.710349608901"
"HGIMB001230","1","2","12","35","0","0","0","1","0","0","0","0","HGIMB001172","5.20323781604548","HGIMB000431","47.4561686354094","HGIMB002304","328.920755861063"
"HGIMB001160","2","7","23","38","0","0","1","1","0","0","0","0","HGIST000193","0.440308622615816","HGIMB000431","21.8039736779835","HGIMB002304","308.733627449184"
"HGIMO000503","0","0","8","16","0","0","0","1","0","0","0","0","HGIMB001196","22.7861126006132","HGIMB000431","52.8073839413583","HGIMB002304","339.737037712559"
"HGIMO000515","0","4","10","27","0","0","0","1","0","0","0","0","HGIMO000532","13.8443326054841","HGIMB000431","49.1192062678613","HGIMB002304","336.048860039062"
"HGIMO000520","1","6","12","24","0","0","1","1","0","0","0","0","HGIMB001196","8.51283332345055","HGIMB000431","38.4570645188362","HGIMB002304","325.386718290037"
"HGIMO000532","1","5","14","23","0","0","1","1","0","0","0","0","HGIMB001201","7.56270369327936","HGIMB000431","39.8957402469403","HGIMB002304","326.825394018141"
"HGIMO000544","2","7","23","38","0","0","1","1","0","0","0","0","HGIMB001160","0.895390019293264","HGIMB000431","22.3607932546784","HGIMB002304","309.290447025879"
"HGIST000193","2","7","23","38","0","0","1","1","0","0","0","0","HGIMB001160","0.440308622615816","HGIMB000431","22.2442823005993","HGIMB002304","309.1739360718"
"HGIMB001271","2","8","17","24","0","1","1","1","0","0","0","0","HGIMO002473","2.80316206952774","HGIMB004841","17.9998093599188","HGIMB002304","197.655726135061"
"HGIMB001283","3","5","17","34","1","1","2","2","0","0","0","0","HGIMO000631","7.27967586867288","HGIMB004841","6.5796338084345","HGIMB002304","174.889961596738"
"HGIMB001295","1","3","10","18","0","0","1","1","0","0","0","0","HGIMO000626","9.077547560539","HGIMB004841","33.0530152322678","HGIMB002304","212.70893200741"
"HGIMB004964","3","5","12","18","0","0","0","1","0","0","0","0","HGIMO002270","0","HGIMB004841","45.4653582559533","HGIMB002304","222.416136495179"
"HGIMB005326","3","6","12","32","1","1","1","2","0","0","0","0","HGIMB001266","0","HGIMB004841","2.30884554901531","HGIMB002304","182.769333747571"
"HGIMB001266","3","6","12","32","1","1","1","2","0","0","0","0","HGIMB005326","0","HGIMB004841","2.30884554901531","HGIMB002304","182.769333747571"
"HGIMO002270","3","5","12","18","0","0","0","1","0","0","0","0","HGIMB004964","0","HGIMB004841","45.4653582559533","HGIMB002304","222.416136495179"
"HGIMO000573","3","5","12","18","0","0","0","1","0","0","0","0","HGIMB004964","0","HGIMB004841","45.4653582559533","HGIMB002304","222.416136495179"
"HGIMO000585","4","5","13","18","0","0","1","1","0","0","0","0","HGIMO000614","5.75015018407897","HGIMB004841","39.8714993582774","HGIMB002304","216.822277597503"
"HGIMO000590","2","8","17","30","1","1","1","2","0","0","0","0","HGIMB005326","8.0725138635136","HGIMB004841","6.32304416763789","HGIMB002304","185.97896094278"
"HGIMO000602","0","5","22","36","0","0","2","2","0","0","0","0","HGIMO000631","12.0080122239002","HGIMB002572","20.224735166548","HGIMB002304","156.312496515666"
"HGIMO000614","2","7","16","19","0","0","1","1","0","0","0","0","HGIMO000585","5.75015018407897","HGIMB004841","34.1213491741985","HGIMB002304","211.072127413424"
"HGIMO000626","2","5","16","19","0","0","1","1","0","0","0","0","HGIMO002473","7.80610695035544","HGIMB004841","24.5018354672504","HGIMB002304","204.157752242392"
"HGIMO000631","1","5","18","37","0","1","2","2","0","0","0","0","HGIMB001283","7.27967586867288","HGIMB004841","13.8593096771074","HGIMB002304","168.308669369148"
"HGIMO002473","2","8","16","24","0","1","1","1","0","0","0","0","HGIMB001271","2.80316206952774","HGIMB004841","16.695728516895","HGIMB002304","196.351645292037"
"HGIMB001300","2","12","37","61","0","1","13","13","0","0","0","0","HGIMB005384","5.3704766849153","HGSMP001482","18.3505963981537","HGIMB002304","346.751585001352"
"HGIMB001312","2","10","40","71","0","1","13","14","0","0","0","0","HGIMO000684","5.48191240644919","HGSMP000840","18.0726131971717","HGIMB002304","332.138922136683"
"HGIMB001324","1","8","35","59","0","1","13","13","0","0","0","0","HGIMO000696","9.51636317258613","HGIMB004812","18.2253867028822","HGIMB002304","341.115167388521"
"HGIMB001336","4","11","20","34","0","10","11","13","0","0","0","0","HGIMO000660","3.29574177466881","HGIMO000643","13.6731700418735","HGIMB002304","356.958506862182"
"HGIMB001341","1","6","41","75","1","1","12","15","0","0","0","0","HGIMB001370","8.29426914620113","HGSMP000840","8.8302529186062","HGIMB002304","322.896561858118"
"HGIMB001353","0","10","25","49","1","10","11","14","0","0","0","0","HGIMO002533","10.6018998876924","HGIST000041","9.64743453162556","HGIMB002304","333.128112370249"
"HGIMB001365","6","15","33","50","10","10","12","13","0","0","0","0","HGSMP002911","6.26701708778323","HGSMP000823","6.26701708778323","HGIMB002304","350.969908597571"
"HGIMB001382","2","6","36","57","0","0","12","13","0","0","0","0","HGIMB002246","5.99353008255099","HGSMP001482","22.0002232728661","HGIMB002304","361.375678220966"
"HGIMB004252","1","5","16","29","0","0","10","11","0","0","0","0","HGIMO000672","5.93684407480836","HGIMO000643","24.5915270532034","HGIMB002304","367.876863873512"
"HGIMB001370","2","9","34","80","1","1","2","16","0","0","0","0","HGIMB001341","8.29426914620113","HGSMP000840","0.535983772405066","HGIMB002304","315.748145661245"
"HGIMB004725","9","15","27","41","10","10","11","13","0","0","0","0","HGSSA005131","0","HGIMO000643","6.28335006074984","HGIMB002304","349.568686881058"
"HGIMB004556","10","16","32","53","10","10","11","14","0","0","0","0","HGSMP003466","1.38970173908822","HGSMP000811","0.483421597606756","HGIMB002304","344.554852261715"
"HGIMO002533","9","14","29","53","10","10","11","14","0","0","0","0","HGSMP003203","0.959495724500451","HGIMO000643","0","HGIMB002304","343.730012257942"
"HGIMO000655","1","8","33","56","0","1","9","13","0","0","0","0","HGIMB004911","8.86230168677036","HGSMP001482","15.1914598696062","HGIMB002304","353.733798544934"
"HGIMO000660","3","13","24","40","0","10","11","13","0","0","0","0","HGIMB001336","3.29574177466881","HGIMO000643","10.3774282672047","HGIMB002304","353.662765087513"
"HGIMO000672","2","5","16","29","0","0","10","11","0","0","0","0","HGIMB004252","5.93684407480836","HGIMO000643","23.3713809908643","HGIMB002304","366.656717811173"
"HGIMO000684","1","10","38","68","0","1","13","14","0","0","0","0","HGIMB001312","5.48191240644919","HGSMP000840","15.8718640131933","HGIMB002304","331.419204454553"
"HGIMO000696","5","19","38","63","0","11","13","13","0","0","0","0","HGIMO000865","5.86356010737436","HGSMP000811","12.65252731143","HGIMB002304","343.25929225536"
"HGIMO000701","1","11","36","60","0","3","12","13","0","0","0","0","HGIMB001382","8.7648703536204","HGSMP000823","19.7941469537521","HGIMB002304","354.124602253178"
"HGIMO000713","8","16","34","53","10","10","13","13","0","0","0","0","HGIMO002464","4.03407124491459","HGSMP000811","5.9904629337845","HGIMB002304","349.484928185355"
"HGIMO000725","0","0","5","29","0","0","1","12","0","0","0","0","HGIMO000696","33.9900917242449","HGIMB004812","37.9510305184567","HGIMB002304","360.795523734319"
"HGIMO002464","3","16","35","55","0","10","13","13","0","0","0","0","HGIMO000713","4.03407124491458","HGSMP000811","10.0245341786991","HGIMB002304","348.828810616877"
"HGSMP002352","9","15","30","52","10","10","11","14","0","0","0","0","HGSMP003466","0.298744727859328","HGSMP001955","0.398511450965331","HGIMB002304","344.72888631932"
"HGSMP002911","9","16","32","52","10","10","11","14","0","0","0","0","HGSMP003466","0.291543205407438","HGSMP000823","0","HGIMB002304","345.100059192356"
"HGSMP003203","9","14","29","52","10","10","11","14","0","0","0","0","HGSMP002352","0.84327169293879","HGSMP001506","0.486580632208134","HGIMB002304","344.218813192732"
"HGSMP003466","9","16","32","52","10","10","11","14","0","0","0","0","HGSMP002911","0.291543205407438","HGSMP001955","0.270028550562384","HGIMB002304","344.808515986948"
"HGSSA005131","9","15","27","41","10","10","11","13","0","0","0","0","HGIMB004725","0","HGIMO000643","6.28335006074984","HGIMB002304","349.568686881058"
"HGIMB001703","1","2","7","10","0","0","0","0","0","0","0","0","HGIMO000812","5.01280203535199","HGIMB001686","109.517948825964","HGIMB002304","343.790970875169"
"HGIMB001715","1","2","5","18","0","0","0","1","0","0","0","0","HGIMO000841","4.79546068696487","HGIMB001686","45.1267796570356","HGDIF000014","214.298460378012"
"HGIMB001720","0","2","9","23","0","0","0","1","0","0","0","0","HGIMO000841","14.5455864683576","HGIMB001686","50.5231158681116","HGDIF000014","215.500001967636"
"HGIMB001691","1","2","4","10","1","1","1","1","0","0","0","0","HGIST000205","0.414037641208841","HGIMB001686","0.572768862935844","HGDIF000014","256.459079502671"
"HGIMO000812","1","1","7","10","0","0","0","0","0","0","0","0","HGIMB001703","5.01280203535199","HGIMB001686","106.53915123738","HGIMB002304","339.130330503608"
"HGIMO000824","2","4","6","9","0","0","0","0","0","0","0","0","HGIMB005256","7.31617159871205","HGIMB001686","93.329448621065","HGDIF000014","348.394112292794"
"HGIMO000836","0","0","0","5","0","0","0","1","0","0","0","0","HGIMB001691","49.1177450654162","HGIMB001686","49.1881293368686","HGDIF000014","304.252793008598"
"HGIMO000841","1","2","6","19","0","0","0","1","0","0","0","0","HGIMB001715","4.79546068696487","HGIMB001686","40.3633787112777","HGDIF000014","216.699683369517"
"HGIMO000853","0","2","5","10","0","1","1","1","0","0","0","0","HGIMB001691","18.4667721899646","HGIMB001686","19.0386950268812","HGDIF000014","238.322544493124"
"HGIST000205","1","2","3","9","1","1","1","1","0","0","0","0","HGIMB001691","0.414037641208841","HGIMB001686","0.44076206641107","HGDIF000014","256.87311714388"
"HGIMB005384","4","13","42","66","0","0","13","13","0","0","0","0","HGIMB001732","0","HGSMP001482","20.295045326996","HGIMB002304","344.051439990347"
"HGIMB001732","4","13","42","66","0","0","13","13","0","0","0","0","HGIMB005384","0","HGSMP001482","20.295045326996","HGIMB002304","344.051439990347"
"HGIMO000865","5","17","42","65","0","7","13","13","0","0","0","0","HGIMO000870","3.19724532182937","HGSMP000811","18.5160874188044","HGIMB002304","340.997083431814"
"HGIMO000870","4","15","42","66","0","0","13","13","0","0","0","0","HGIMO000865","3.19724532182937","HGSMP000811","20.0879632568683","HGIMB002304","343.877880324294"
"HGIMB001744","1","4","11","22","0","0","0","0","0","0","0","0","HGIMB004836","9.8743851011401","HGSMP000782","61.6898086284072","HGIMB002304","228.501247479689"
"HGIMB004836","1","2","11","19","0","0","0","0","0","0","0","0","HGIMB001744","9.8743851011401","HGSMP000782","67.2903768135786","HGIMB002304","236.101803953495"
"HGIMO000882","1","2","12","29","0","0","0","3","0","0","0","0","HGIMB001003","9.44729755604804","HGSMP000806","54.2846810543997","HGIMB002304","207.128165016712"
"HGIMO000894","0","3","11","23","0","0","0","0","0","0","0","0","HGIMO000882","11.2145739753582","HGSMP000806","62.7499295613847","HGIMB002304","215.593413523697"
"HGIMB004853","0","0","1","18","0","0","1","6","0","0","0","0","HGIMO000981","33.5999108070337","HGIMB004952","39.4211291312955","HGIMB002304","138.088920616501"
"HGIMO000976","0","0","3","18","0","0","0","1","0","0","0","0","HGIMO000252","22.6183869568476","HGIMB004952","59.8100797749403","HGIMB002304","105.721519814374"
"HGIMO000981","0","0","5","24","0","0","0","0","0","0","0","0","HGIMO000252","20.9492150900596","HGSMP002870","61.3072461398542","HGIMB002304","104.489009809468"
"HGIMO000993","0","1","2","8","0","0","0","3","0","0","0","0","HGIMO002055","18.5823746013618","HGSMP002836","53.9667846292411","HGIMB002304","192.33333803366"
"HGIMO001005","0","1","3","8","0","0","0","3","0","0","0","0","HGIMO002072","17.477957989261","HGSMP002836","46.7651154091477","HGIMB002304","217.569341368147"
"HGIMB004631","2","41","123","164","0","11","25","29","0","1","2","2","HGIST000210","2.01140220166885","HGSMP000070","13.2134789428496","HGIMB002304","15.5446632792201"
"HGIMS000065","2","25","121","160","0","8","25","29","0","1","2","2","HGIMB004631","2.27892659749627","HGSMP000070","15.0914263160423","HGIMB002304","17.4226106524129"
"HGIST000210","2","46","126","165","0","11","25","29","0","1","2","2","HGIMB004631","2.01140220166885","HGSMP000070","12.1948473467453","HGIMB002304","14.5260316831159"
"HGIMB002053","1","5","14","24","0","0","1","1","0","0","0","0","HGIMO001652","6.36073994489399","HGSMP000782","26.4487310630155","HGIMB002304","313.914138676713"
"HGIMB002065","1","1","11","25","0","0","1","1","0","0","0","0","HGIMB003074","8.19647672961535","HGSMP000782","24.9143698439657","HGIMB002304","302.867414108831"
"HGIMB002070","0","0","3","9","0","0","0","0","0","0","0","0","HGIMO001133","20.8001115531146","HGSMP000782","68.2372200054403","HGIMB002304","273.567867194019"
"HGIMB002041","4","6","10","26","0","0","0","3","0","0","0","0","HGIST000094","1.20916029393887","HGSMP003150","51.3635763138717","HGIMB002304","226.930216672072"
"HGIMB004532","2","6","9","26","0","0","0","3","0","0","0","0","HGIST000094","2.06519203745037","HGSMP003150","52.668208493029","HGIMB002304","228.234848851229"
"HGIMO001116","0","3","12","26","0","0","1","1","0","0","0","0","HGIMB002053","13.6339443198008","HGSMP000782","22.1728732603352","HGIMB002304","309.638280874033"
"HGIMO001121","2","4","11","24","0","0","0","1","0","0","0","0","HGIST000094","8.22282852113297","HGSMP003150","59.8700524741424","HGIMB002304","226.179168352407"
"HGIMO001133","0","1","5","15","0","0","0","1","0","0","0","0","HGIMO001145","17.4407907190505","HGSMP000782","47.4371084523257","HGIMB002304","288.79275999"
"HGIMO001145","0","2","4","15","0","0","0","0","0","0","0","0","HGIMB001756","16.361400320081","HGSMP000782","64.8778991713762","HGIMB002304","271.585609850829"
"HGIST000094","3","6","10","26","0","0","0","3","0","0","0","0","HGIMB002041","1.20916029393887","HGSMP003150","52.3805564040686","HGIMB002304","227.947196762269"
"HGIMB002094","2","8","23","54","0","0","0","9","0","0","0","0","HGIMO001162","7.34427346486154","HGSMP000572","50.111991566444","HGDIF000014","173.690658765742"
"HGIMB002111","0","0","4","27","0","0","0","4","0","0","0","0","HGIMO000800","22.9017814057864","HGIMB004561","52.3870538914578","HGDIF000014","199.335732497912"
"HGIMB002082","3","5","16","39","0","0","0","1","0","0","0","0","HGSMP001750","0","HGSMP000572","59.9217345389806","HGDIF000014","183.500401738279"
"HGIMO002492","4","6","23","53","0","0","0","8","0","0","0","0","HGIMO001162","0.26329880174326","HGSMP000572","52.3735089445622","HGDIF000014","175.952176143861"
"HGIMO001150","0","0","4","16","0","0","0","0","0","0","0","0","HGIMO001186","27.5129968030365","HGIMB001686","81.8825648417265","HGDIF000014","223.284130184227"
"HGIMO001162","4","6","23","53","0","0","0","8","0","0","0","0","HGIMO002492","0.26329880174326","HGSMP000572","52.467570054643","HGDIF000014","176.046237253941"
"HGIMO001174","1","1","1","7","0","0","0","0","0","0","0","0","HGIMB004141","6.65079940675196","HGIMB001686","67.1261691610261","HGDIF000014","248.398126821981"
"HGIMO001186","0","2","10","24","0","0","0","0","0","0","0","0","HGIMO002335","18.3328286406266","HGSMP000572","79.6448290199007","HGDIF000014","203.223496219199"
"HGSMP001750","3","5","16","39","0","0","0","1","0","0","0","0","HGIMB002082","0","HGSMP000572","59.9217345389806","HGDIF000014","183.500401738279"
"HGIMB002181","2","7","109","167","1","1","21","36","0","0","1","2","HGIMB002176","7.80195476431426","HGSMP003891","7.95729305107994","HGIMB002304","26.2626972364861"
"HGIMB002176","2","6","108","161","1","2","21","28","0","0","1","2","HGIMO001215","2.75528744269795","HGSMP003891","2.18991981241078","HGIMB002304","26.2626381307"
"HGIMO001215","2","9","97","171","1","2","18","38","0","0","1","2","HGIMB002176","2.75528744269795","HGSMP003891","0.565367630287167","HGIMB002304","29.017925573398"
"HGIMB002275","1","3","3","8","0","0","0","1","0","0","0","0","HGIMB002263","8.39780259248422","HGIMB001686","51.0653625806237","HGDIF000014","270.817884673081"
"HGIMB002280","0","2","6","7","0","0","0","0","0","0","0","0","HGIMB002263","12.1541707841295","HGIMB001686","62.9028900551205","HGDIF000014","254.847309057785"
"HGIMB002263","1","3","3","8","0","0","0","1","0","0","0","0","HGIMB002275","8.39780259248422","HGIMB001686","54.4083951653373","HGDIF000014","266.079757974943"
"HGIMO001285","0","2","5","7","0","0","1","1","0","0","0","0","HGIMB002275","14.6551085042527","HGIMB001686","38.4480298787056","HGDIF000014","280.418223169563"
"HGIMB002444","2","2","7","11","0","0","0","0","0","0","0","0","HGIMO001314","7.11902520314071","HGSMP000782","110.875037571689","HGIMB002304","382.881082918284"
"HGIMB002456","0","0","4","7","0","0","0","0","0","0","0","0","HGIMO001343","27.2015249676015","HGSMP000782","143.481283035451","HGIMB002304","415.487328382046"
"HGIMB002461","0","3","7","8","0","0","0","0","0","0","0","0","HGIMB005261","12.4280416716729","HGSMP000782","117.468908674593","HGIMB002304","389.474954021188"
"HGIMB005261","1","4","8","14","0","0","0","0","0","0","0","0","HGIMB002432","0","HGSMP000782","105.284188802346","HGIMB002304","377.290234148941"
"HGIMB002432","1","4","8","14","0","0","0","0","0","0","0","0","HGIMB005261","0","HGSMP000782","105.284188802346","HGIMB002304","377.290234148941"
"HGIMO001302","0","1","7","8","0","0","0","0","0","0","0","0","HGIMO001343","17.4452101729904","HGSMP000782","135.866027163034","HGIMB002304","407.872072509629"
"HGIMO001314","1","4","7","14","0","0","0","0","0","0","0","0","HGIMB002444","7.11902520314071","HGSMP000782","103.756012368548","HGIMB002304","375.762057715143"
"HGIMO001326","1","2","6","7","0","0","0","0","0","0","0","0","HGIMB002444","7.49075461734297","HGSMP000782","118.352807183461","HGIMB002304","390.358852530056"
"HGIMO001331","0","6","11","26","0","0","0","0","0","0","0","0","HGIMO000404","14.9292541825218","HGSMP000782","62.9202423545014","HGIMB002304","334.926287701096"
"HGIMO001343","0","4","8","8","0","0","0","0","0","0","0","0","HGIMB005261","14.4732422061653","HGSMP000782","118.430903532851","HGIMB002304","390.436948879445"
"HGIMB004293","44","105","136","165","10","22","27","31","1","2","2","2","HGSMP002223","1.39885060501687","HGSMP000065","6.03959796982141","HGDIF000014","9.10408994637258"
"HGIMB004993","26","96","125","170","9","21","25","29","1","2","2","2","HGSMP002154","1.71529962274099","HGSMP000123","4.54329327276411","HGIMB002304","6.8863187483297"
"HGIMB004281","47","98","129","168","12","21","25","29","1","2","2","2","HGSMP002472","2.41559046017708","HGSMP000070","1.53810721491914","HGIMB002304","2.69713503723026"
"HGIMB004585","3","71","132","163","0","15","25","31","0","2","2","2","HGSMP003804","3.35882258382113","HGSMP000123","14.7856256946934","HGDIF000014","18.2347422594179"
"HGIMB004276","36","92","128","167","10","21","25","29","1","2","2","2","HGIMB004281","2.42435892286498","HGSMP000070","2.97747312467115","HGIMB002304","5.10992482411375"
"HGIMB002502","15","104","134","163","1","22","27","31","0","2","2","2","HGSMP002232","0.405110972236862","HGSMP000123","8.77649415543033","HGIMB002304","12.3099109208257"
"HGIMB002490","8","91","126","163","1","22","26","30","0","2","2","2","HGSMP003442","0.627726764511309","HGSMP000123","8.38723902602236","HGIMB002304","11.9206557914178"
"HGIMS000251","31","107","136","161","5","23","27","31","1","2","2","2","HGSMP002130","1.31231248847173","HGSMP001733","3.93072501884507","HGDIF000014","5.45565760907321"
"HGSMP002121","32","107","136","159","5","23","27","30","1","2","2","2","HGSMP002514","0.621524247308099","HGCRO000032","2.61213817774461","HGDIF000014","4.73210902335785"
"HGSMP002130","37","108","137","161","5","23","27","31","1","2","2","2","HGSMP003512","0.498117277062634","HGSMP001733","2.76574832310721","HGDIF000014","4.49390367435721"
"HGSMP002154","33","100","127","170","9","22","25","30","1","2","2","2","HGIMB004993","1.71529962274099","HGSMP000123","3.15384284258194","HGIMB002304","5.87637052587032"
"HGSMP002223","53","105","137","165","12","22","27","31","1","2","2","2","HGSMP003186","0.421075604559188","HGSMP000065","4.84025542847983","HGDIF000014","9.12095803018555"
"HGSMP002232","15","104","134","163","1","22","27","31","0","2","2","2","HGIMB002502","0.405110972236862","HGSMP000123","9.18160512766719","HGIMB002304","12.7150218930626"
"HGSMP002514","37","107","137","160","5","23","27","31","1","2","2","2","HGSMP002121","0.621524247308099","HGCRO000032","2.78815165718685","HGDIF000014","4.28887744176703"
"HGSMP003186","57","105","137","164","15","22","27","31","1","2","2","2","HGSMP003886","0","HGSMP000065","4.41917982392064","HGDIF000014","8.75400994590562"
"HGSMP003261","41","105","129","166","10","22","27","30","1","2","2","2","HGSMP003273","0.971801884979525","HGSMP000123","1.89387016690787","HGIMB002304","5.49710017513162"
"HGSMP003273","47","105","130","168","11","22","27","30","1","2","2","2","HGSMP003261","0.971801884979525","HGSMP000123","0.995567409574086","HGIMB002304","4.59187195312884"
"HGSMP003442","11","94","126","164","1","22","26","30","0","2","2","2","HGIMB002490","0.627726764511309","HGSMP000123","7.75951226151105","HGIMB002304","11.2929290269064"
"HGSMP003495","35","108","139","161","6","23","27","31","1","2","2","2","HGSMP002130","0.726501039168808","HGSMP001733","2.89207168555807","HGDIF000014","4.87888514454269"
"HGSMP003512","37","108","137","161","6","23","27","31","1","2","2","2","HGSMP002130","0.498117277062634","HGSMP001733","2.43054454647207","HGDIF000014","3.99578639729458"
"HGSMP003635","35","106","137","161","6","22","27","31","1","2","2","2","HGSMP003495","1.68679330939437","HGSMP001733","4.14250703895897","HGDIF000014","6.12932049794359"
"HGSMP003804","4","75","134","163","0","18","26","31","0","2","2","2","HGIMB004585","3.35882258382113","HGSMP001733","13.6227070369594","HGDIF000014","15.609520495944"
"HGSMP003886","57","105","137","164","15","22","27","31","1","2","2","2","HGSMP003186","0","HGSMP000065","4.41917982392064","HGDIF000014","8.75400994590562"
"HGIMB002584","2","11","17","21","0","0","1","1","0","0","0","0","HGIMB001271","7.77793175514536","HGIMB004841","25.5643550100783","HGIMB002304","202.638136819352"
"HGIMB002596","0","2","8","34","0","0","0","2","0","0","0","0","HGIMO002431","11.5174939327015","HGIMB002572","40.2188116776823","HGIMB002304","174.563181751897"
"HGIMB002601","1","2","10","21","0","0","1","1","0","0","0","0","HGIMO001396","7.55267576414606","HGIMB002572","33.2868687483947","HGIMB002304","159.320834233742"
"HGIMB002613","5","8","22","41","1","1","1","3","0","0","0","0","HGIMB005075","4.417465457951","HGIMB002572","4.417465457951","HGIMB002304","141.564980429424"
"HGIMB005331","3","9","22","37","1","1","1","3","0","0","0","0","HGIMB004742","1.72198248633636","HGIMB002572","3.93965531535753","HGIMB002304","148.050607834006"
"HGIMB004742","4","9","22","39","1","1","1","3","0","0","0","0","HGIMB005331","1.72198248633636","HGIMB002572","3.41790391655701","HGIMB002304","147.034086340211"
"HGIMO002431","1","3","14","27","0","0","0","2","0","0","0","0","HGIMO001355","0.461667593831314","HGIMB004841","43.8993610878503","HGIMB002304","183.19508695081"
"HGIMO001355","1","3","14","27","0","0","0","2","0","0","0","0","HGIMO002431","0.461667593831314","HGIMB004841","43.437693494019","HGIMB002304","183.656754544642"
"HGIMO001360","1","2","9","18","0","0","1","1","0","0","0","0","HGIMO001396","9.46693761744052","HGIMB002572","37.3412345444387","HGIMB002304","163.375200029786"
"HGIMO001372","0","5","21","33","0","1","1","1","0","0","0","0","HGIMB002613","11.9006389370204","HGIMB002572","16.3181043949714","HGIMB002304","150.662474469186"
"HGIMO001384","0","0","6","11","0","0","0","0","0","0","0","0","HGIMO001355","29.4327502363937","HGIMB004841","68.8032940479393","HGIMB002304","213.089504781035"
"HGIMO001396","2","3","11","24","0","0","1","1","0","0","0","0","HGIMB002601","7.55267576414606","HGIMB002572","29.1318445202123","HGIMB002304","155.16581000556"
"HGIMO001401","1","8","21","38","0","1","1","3","0","0","0","0","HGIMB002613","7.88975425476847","HGIMB002572","12.3072197127195","HGIMB002304","144.480381125434"
"HGIMO001413","0","1","16","33","0","0","1","2","0","0","0","0","HGIMO001401","18.147356126393","HGIMB002572","26.1751215896929","HGIMB002304","133.307883727811"
"HGIMB005075","4","12","23","37","1","1","1","3","0","0","0","0","HGIMB004742","3.41790391655701","HGIMB002572","0","HGIMB002304","144.992498830017"
"HGIMB002806","11","32","56","86","8","19","21","25","0","0","0","0","HGIMB003885","2.20912635548909","HGSMP003244","6.44100076759576","HGIMB002304","81.3629461550029"
"HGIMB002794","3","36","57","90","2","19","20","25","0","0","0","0","HGIMS000106","1.13792552531321","HGSMP001156","2.15465228930469","HGIMB002304","84.8355038546717"
"HGIMO001454","5","30","55","87","2","17","20","25","0","0","0","0","HGIMB003885","7.95894101729812","HGIMB005005","6.6728039198205","HGIMB002304","76.4122892961256"
"HGIMO001466","3","28","56","81","0","6","20","24","0","0","0","0","HGIMB002794","8.1826452421572","HGSMP001156","10.2405866068106","HGIMB002304","85.8305845047091"
"HGIMS000106","5","35","57","88","4","19","20","25","0","0","0","0","HGIMB002794","1.13792552531321","HGSMP001156","1.01672676399149","HGIMB002304","85.9471903454463"
"HGIMB003354","1","5","21","45","0","0","0","1","0","0","0","0","HGIMO001780","9.99871190892493","HGIMB000431","50.7886466552367","HGIMB002304","238.321098061448"
"HGIMB003366","0","0","5","10","0","0","0","0","0","0","0","0","HGIMO001751","21.5050805252452","HGSMP003150","67.7864136379009","HGIMB002304","243.353053996101"
"HGIMB003371","0","2","8","31","0","0","0","0","0","0","0","0","HGIMO001990","13.2386550450444","HGSMP003150","68.9066995527039","HGIMB002304","244.473339910904"
"HGIMB003383","1","1","7","16","0","0","0","0","0","0","0","0","HGIMO001751","7.60153652481987","HGSMP003150","63.1806259852587","HGIMB002304","238.747266343459"
"HGIMB003342","0","4","17","28","0","0","3","4","0","0","0","0","HGIMO001763","10.2809587661362","HGSMP003150","21.601541598281","HGIMB002304","197.168181956482"
"HGIMO001734","0","3","14","35","0","0","0","3","0","0","0","0","HGIMO001746","11.8044285886893","HGSMP003150","42.878531904712","HGIMB002304","218.445172262912"
"HGIMO001746","0","2","15","30","0","0","3","3","0","0","0","0","HGIMB003342","10.867313806159","HGSMP003150","32.3898355068198","HGIMB002304","207.95647586502"
"HGIMO001751","1","1","8","20","0","0","0","1","0","0","0","0","HGIMB003383","7.60153652481987","HGSMP003150","59.2708360138078","HGIMB002304","234.837476372008"
"HGIMO001763","0","4","9","28","0","3","3","6","0","0","0","0","HGIMB003342","10.2809587661362","HGSMP003150","17.9933368716255","HGIMB002304","193.579594113844"
"HGIMO001775","1","4","16","39","0","0","0","3","0","0","0","0","HGIMO001792","9.35240673133985","HGSMP003150","57.9694126910631","HGIMB002304","233.536053049264"
"HGIMO001780","3","7","23","54","0","0","0","1","0","0","0","0","HGIMO002002","7.80763706332576","HGIMB000431","40.7899347463117","HGIMB002304","247.082679415161"
"HGIMO001792","1","3","15","35","0","0","0","0","0","0","0","0","HGIMO001775","9.35240673133985","HGSMP003150","60.2557291326432","HGIMB002304","235.822369490844"
"HGIMB003482","0","1","8","15","0","0","0","0","0","0","0","0","HGIMO001833","11.7928754165865","HGSMP000782","72.645584591589","HGDIF000014","235.627948883331"
"HGIMB003494","0","1","3","10","0","0","0","0","0","0","0","0","HGIMO001845","19.3857964393748","HGSMP000782","77.7666830634902","HGIMB002304","270.584125579307"
"HGIMB003511","0","1","15","37","0","0","1","1","0","0","0","0","HGIMB003086","19.051872183189","HGSMP000782","28.1341050418305","HGIMB002304","259.783122438932"
"HGIMB004544","0","0","6","24","0","0","0","0","0","0","0","0","HGIMB001715","21.3938949400804","HGIMB001686","64.1264369016565","HGDIF000014","195.600852371782"
"HGIMB003506","0","0","6","13","0","0","0","0","0","0","0","0","HGIMB001715","20.5107866628063","HGIMB001686","65.4785790525719","HGDIF000014","205.373211103445"
"HGIMB003470","1","3","9","23","0","0","0","1","0","0","0","0","HGIMO001804","9.3519749840058","HGSMP000782","53.15026951734","HGIMB002304","245.967712033157"
"HGIMO001804","1","4","12","26","0","0","0","1","0","0","0","0","HGIMB003470","9.3519749840058","HGSMP000782","51.3014904316114","HGIMB002304","236.726947185231"
"HGIMO001816","0","0","3","19","0","0","0","0","0","0","0","0","HGIMO001063","22.219277338761","HGSMP000782","65.851291543928","HGIMB002304","287.955905849391"
"HGIMO001821","0","1","8","20","0","0","0","1","0","0","0","0","HGIMO001804","18.5143328990326","HGSMP000782","57.5869759809042","HGIMB002304","255.130069948183"
"HGIMO001833","0","1","5","14","0","0","0","0","0","0","0","0","HGIMB003482","11.7928754165865","HGSMP000782","84.4384600081755","HGDIF000014","226.218884920201"
"HGIMO001845","0","2","6","13","0","0","0","0","0","0","0","0","HGIMB003470","18.079384597582","HGSMP000782","71.2200396327085","HGIMB002304","264.037482148525"
"HGIMB003552","0","2","21","45","0","0","2","3","0","0","0","0","HGIMB003576","10.9634845013792","HGSMP000794","20.9291621533257","HGIMB002304","310.824987667903"
"HGIMB003564","0","3","16","40","0","0","2","3","0","0","0","0","HGIMO001886","12.1524716160282","HGSMP000840","28.6992777820109","HGIMB002304","344.246618223371"
"HGIMB003576","0","4","15","39","0","1","2","3","0","0","0","0","HGIMB003552","10.9634845013792","HGSMP000794","10.3060936229958","HGIMB002304","319.567225318727"
"HGIMB003581","1","3","11","20","0","0","1","1","0","0","0","0","HGIMB001785","8.62508223893031","HGSMP000782","39.7682862247399","HGIMB002304","327.233693838438"
"HGIMB003593","2","8","17","43","0","0","3","3","0","0","0","0","HGIMB003663","4.25451723176835","HGIMB004795","25.2123102977791","HGIMB002304","351.31592148208"
"HGIMB003605","1","1","10","26","0","0","0","3","0","0","0","0","HGIMO000940","9.24298240362487","HGIMB004795","50.0832735997332","HGIMB002304","344.551766380416"
"HGIMB003610","1","6","17","39","0","0","2","3","0","0","0","0","HGIMB003663","8.81043419731968","HGIMB004795","29.0685900715461","HGIMB002304","352.717729093539"
"HGIMB003622","1","10","26","68","0","1","3","4","0","0","0","0","HGIMO001850","2.42415787165859","HGSMP000794","13.163666846453","HGIMB002304","303.012245552053"
"HGIMB003634","0","9","26","62","0","0","2","4","0","0","0","0","HGIMB005285","11.7064111464784","HGSMP000840","28.8463950633013","HGIMB002304","299.091481757225"
"HGIMB003646","1","7","17","42","0","0","2","3","0","0","0","0","HGIMB003663","7.80151848374196","HGSMP001482","26.6292218829952","HGIMB002304","349.244872866004"
"HGIMB003651","0","3","12","41","0","0","1","12","0","0","0","0","HGIMB004911","12.215453029879","HGSMP001482","33.6943839921702","HGIMB002304","360.208805255753"
"HGIMB003663","3","7","17","46","0","0","3","3","0","0","0","0","HGIMB003593","4.25451723176835","HGSMP001482","25.4323816530802","HGIMB002304","352.358911564708"
"HGIMB004911","1","3","22","51","0","0","1","13","0","0","0","0","HGIMO000655","8.86230168677036","HGSMP001482","23.7512559665399","HGIMB002304","358.863472265614"
"HGIMB005302","1","2","19","40","1","2","2","4","0","0","0","0","HGIMB003540","0","HGIMB004795","2.29844142463846","HGIMB002304","328.402052608939"
"HGIMB003540","1","2","19","40","1","2","2","4","0","0","0","0","HGIMB005302","0","HGIMB004795","2.29844142463846","HGIMB002304","328.402052608939"
"HGIMO001850","1","8","27","65","0","1","3","3","0","0","0","0","HGIMB003622","2.42415787165859","HGSMP000794","10.8772623144334","HGIMB002304","305.436403423712"
"HGIMO001862","0","4","14","45","0","0","3","3","0","0","0","0","HGIMB002234","11.7355321069574","HGIMB004795","23.4374953969779","HGIMB002304","349.541106581279"
"HGIMO001874","1","8","19","41","0","1","3","3","0","0","0","0","HGIMB003593","9.41509730121715","HGIMB004795","18.4967537971112","HGIMB002304","344.600364981412"
"HGIMO001886","0","3","20","56","0","1","1","15","0","0","0","0","HGIMO001891","11.3624841784649","HGSMP000840","17.5090385934886","HGIMB002304","333.056379034848"
"HGIMO001891","0","1","11","39","0","0","2","4","0","0","0","0","HGIMO001886","11.3624841784649","HGSMP000840","27.5721961714286","HGIMB002304","342.371577595458"
"HGIST000321","0","3","14","37","1","2","2","3","0","0","0","0","HGIMB003576","17.0123495779122","HGSMP000794","6.97842165224376","HGIMB002304","322.882168353422"
"HGIMB003902","4","6","12","22","0","0","0","0","0","0","0","0","HGIMO002440","5.20479597788763","HGIMB000431","77.4252740878091","HGIMB002304","316.3785641665"
"HGIMB003914","0","6","14","30","0","0","0","0","0","0","0","0","HGIMB003943","13.4163723434997","HGIMB000431","71.0364424639215","HGIMB002304","309.989732542613"
"HGIMB003926","3","9","15","30","0","0","0","0","0","0","0","0","HGIMB003931","5.46437118444511","HGIMB000431","70.5681091318562","HGIMB002304","309.521399210547"
"HGIMB003943","0","1","13","25","0","0","0","0","0","0","0","0","HGIMB003914","13.4163723434997","HGIMB000431","69.9368684088673","HGIMB002304","308.890158487558"
"HGIMB003931","3","11","18","33","0","0","0","0","0","0","0","0","HGIMO001956","4.12253541303361","HGIMB000431","65.1037379474111","HGIMB002304","304.057028026102"
"HGIMO002440","3","6","12","22","0","0","0","0","0","0","0","0","HGIMO001932","0","HGIMB000431","76.2321498834443","HGIMB002304","315.185439962135"
"HGIMO001932","3","6","12","22","0","0","0","0","0","0","0","0","HGIMO002440","0","HGIMB000431","76.2321498834443","HGIMB002304","315.185439962135"
"HGIMO001944","1","5","11","19","0","0","0","0","0","0","0","0","HGIMB003902","5.76608496076647","HGIMB000431","83.1760444878598","HGIMB002304","322.129334566551"
"HGIMO001956","5","10","17","31","0","0","0","0","0","0","0","0","HGIMB003931","4.12253541303361","HGIMB000431","67.5965344308345","HGIMB002304","306.549824509526"
"HGIMO001961","1","3","12","22","0","0","0","0","0","0","0","0","HGIMB003926","5.69478272319765","HGIMB000431","75.9224386776085","HGIMB002304","314.8757287563"
"HGIMB003960","0","3","11","22","0","0","0","3","0","0","0","0","HGIMB003371","15.8208992695906","HGSMP003150","53.3739078268613","HGIMB002304","228.940548185062"
"HGIMB003955","1","6","13","24","0","0","1","3","0","0","0","0","HGIST000345","0.45167527168079","HGSMP003150","39.3978565245153","HGIMB002304","214.964496882716"
"HGIMO001973","1","6","9","23","0","0","0","3","0","0","0","0","HGIMB002041","9.76325686278214","HGSMP003150","52.5806669247476","HGIMB002304","228.147307282948"
"HGIMO001985","0","0","6","9","0","0","0","0","0","0","0","0","HGIMO001973","25.1494973644193","HGSMP003150","74.1999938578381","HGIMB002304","249.766634216038"
"HGIMO001990","0","1","6","29","0","0","0","0","0","0","0","0","HGIMB003371","13.2386550450444","HGSMP003150","82.111059139165","HGIMB002304","257.677699497365"
"HGIST000345","1","7","15","24","0","0","3","3","0","0","0","0","HGIMB003955","0.45167527168079","HGSMP003150","38.9461812528345","HGIMB002304","214.512821611035"
"HGIMB004054","0","2","6","23","0","2","3","6","0","0","0","0","HGIMB005046","18.2961468694651","HGSMP002836","18.7230430085229","HGIMB002304","192.566956100774"
"HGIMB004066","0","0","3","7","0","0","0","3","0","0","0","0","HGIMO002072","24.4396772483942","HGSMP002836","55.2253317112051","HGIMB002304","226.029557670204"
"HGIMB005046","2","4","13","31","3","3","6","6","0","0","0","0","HGIMB004042","0","HGSMP002836","0.426896139057816","HGIMB002304","174.801449215024"
"HGIMB004042","2","4","13","31","3","3","6","6","0","0","0","0","HGIMB005046","0","HGSMP002836","0.426896139057816","HGIMB002304","174.801449215024"
"HGIMO002055","0","1","7","11","0","0","3","3","0","0","0","0","HGIMO000993","18.5823746013618","HGSMP002836","35.3844100278793","HGIMB002304","197.209841714069"
"HGIMO002060","0","0","1","2","0","0","0","0","0","0","0","0","HGIMB003366","37.3877274231547","HGSMP003150","105.174141061056","HGIMB002304","280.740781419256"
"HGIMO002072","0","1","4","8","0","0","0","3","0","0","0","0","HGIMO001005","17.477957989261","HGSMP002836","43.304571845568","HGIMB002304","214.108797804567"
"HGIST000152","2","4","10","33","3","3","3","6","0","0","0","0","HGIMB005046","3.32113060778966","HGSMP003150","1.94913643290977","HGIMB002304","177.709057967827"
"HGIMB003535","1","11","28","51","0","9","14","14","0","0","0","0","HGIMB003523","4.01729939757625","HGSMP000951","11.6230221447292","HGIMB002304","77.0408723403168"
"HGIMB003523","5","15","34","53","3","9","14","14","0","0","0","0","HGIMB003535","4.01729939757625","HGSMP000951","7.98261499704185","HGIMB002304","74.0052262905614"
"HGIMB002881","1","13","24","31","0","1","4","4","0","0","0","0","HGIMB004655","6.92220730578754","HGSMP000456","14.4592792769163","HGDIF000014","223.659069982407"
"HGIMB002893","0","3","28","56","0","1","2","13","0","0","0","0","HGIMO001512","18.5443335029704","HGSMP000456","19.2167715119375","HGDIF000014","189.983019193554"
"HGIMB002910","4","15","24","36","0","4","4","6","0","0","0","0","HGIMB002922","6.62078086384257","HGIMB001394","18.0818644525219","HGDIF000014","227.352879867527"
"HGIMB002922","1","8","22","32","0","0","4","5","0","0","0","0","HGIMB002910","6.62078086384257","HGIMB001394","24.7026453163644","HGDIF000014","233.97366073137"
"HGIMB002934","3","12","26","37","0","1","4","5","0","0","0","0","HGIMB001464","7.05561727129651","HGSMP000456","10.3396489103947","HGDIF000014","219.539439615886"
"HGIMB002946","4","10","23","33","1","1","4","5","0","0","0","0","HGIMB002876","6.04864533110751","HGSMP000456","8.30389049234295","HGDIF000014","216.872977987931"
"HGIMB004655","9","13","25","35","1","1","4","5","0","0","0","0","HGIMB002881","6.92220730578754","HGSMP000456","7.94952972424129","HGDIF000014","217.074257987267"
"HGIMB004894","5","14","25","33","1","1","4","5","0","0","0","0","HGIMO001553","2.56243792142871","HGSMP000456","9.97551170790215","HGDIF000014","219.100239970928"
"HGIMB002905","4","13","25","33","0","1","4","4","0","0","0","0","HGIMO002311","5.09382535527406","HGSMP000456","12.2348812558679","HGDIF000014","221.359609518893"
"HGIMB002876","5","13","25","38","1","1","4","5","0","0","0","0","HGSMP002541","2.06584983154452","HGSMP000456","2.32752322735004","HGDIF000014","211.072112725546"
"HGIMO002311","6","14","25","35","0","1","4","6","0","0","0","0","HGIMO001565","0","HGSMP000456","10.0769706493443","HGDIF000014","219.20169891237"
"HGIMO001541","0","2","18","39","0","0","1","5","0","0","0","0","HGIMO001524","18.2959376592017","HGSMP000456","27.7266592414677","HGDIF000014","200.439101523806"
"HGIMO001553","9","14","25","35","1","1","4","5","0","0","0","0","HGIMB004894","2.56243792142871","HGSMP000456","7.41482566364701","HGDIF000014","216.539553926672"
"HGIMO001565","6","14","25","35","0","1","4","6","0","0","0","0","HGIMO002311","0","HGSMP000456","10.0769706493443","HGDIF000014","219.20169891237"
"HGIST000280","6","14","26","39","1","1","4","5","0","0","0","0","HGSMP002541","2.04645389053931","HGSMP000456","1.67816277006128","HGDIF000014","210.877953475552"
"HGSMP002541","5","14","26","39","1","1","4","5","0","0","0","0","HGIST000280","2.04645389053931","HGSMP000456","0.368291120478039","HGDIF000014","209.02794811496"
"HGIMB001015","0","1","2","29","0","0","0","3","0","0","0","0","HGIMO001034","14.896288449238","HGSMP000806","59.2303578429996","HGDIF000014","160.028076382113"
"HGIMB001020","0","0","1","8","0","0","0","0","0","0","0","0","HGIMO000445","25.8912762912453","HGSMP000806","78.576966040928","HGDIF000014","195.152177048012"
"HGIMB001003","1","4","14","28","0","0","0","3","0","0","0","0","HGIMO000882","9.44729755604804","HGSMP000806","47.2081239895733","HGIMB002304","200.051607951885"
"HGIMO002265","2","5","14","28","0","0","3","3","0","0","0","0","HGIMO000450","0","HGSMP000806","33.547726269083","HGIMB002304","186.391210231395"
"HGIMO000445","0","0","7","16","0","0","0","3","0","0","0","0","HGIMO002265","21.7546198953476","HGSMP000806","55.3023461644306","HGIMB002304","208.145830126743"
"HGIMO000450","2","5","14","28","0","0","3","3","0","0","0","0","HGIMO002265","0","HGSMP000806","33.547726269083","HGIMB002304","186.391210231395"
"HGIMB001814","0","0","7","14","0","0","3","3","0","0","0","0","HGIMB005220","28.0609079153273","HGIMB004952","27.1976446259553","HGIMB002304","141.958646990504"
"HGIMB001826","0","1","11","23","0","0","3","5","0","0","0","0","HGIMB001860","18.2576252565709","HGSMP000806","20.1903978682199","HGIMB002304","168.559958177169"
"HGIMB001831","0","1","6","16","0","0","3","6","0","0","0","0","HGIMO001046","19.654125796859","HGSMP000806","24.8671463060938","HGIMB002304","182.519960534824"
"HGIMB001843","1","8","15","26","0","3","3","6","0","0","0","0","HGIMB001860","4.47390140234467","HGSMP000806","15.0016940745049","HGIMB002304","168.467114005295"
"HGIMB001855","0","0","9","17","0","0","3","4","0","0","0","0","HGIMB005220","26.5015918914626","HGIMB004952","25.6383286020906","HGIMB002304","139.34434039223"
"HGIMB001860","1","8","15","27","0","3","3","6","0","0","0","0","HGIMB001843","4.47390140234467","HGSMP000806","18.6330648818209","HGIMB002304","168.812689649744"
"HGIMB001884","2","3","12","25","0","0","3","3","0","0","0","0","HGIMO002265","7.86271283402519","HGSMP000806","33.8672602512221","HGIMB002304","187.332680182012"
"HGIMB005220","3","6","15","25","3","3","4","6","0","0","0","0","HGIMB005232","0","HGSMP000806","0.437667571188249","HGIMB002304","157.848051217067"
"HGIMB005232","3","6","15","25","3","3","4","6","0","0","0","0","HGIMB005220","0","HGSMP000806","0.437667571188249","HGIMB002304","157.848051217067"
"HGIMB001802","3","6","15","25","3","3","4","6","0","0","0","0","HGIMB005220","0","HGSMP000806","0.437667571188249","HGIMB002304","157.848051217067"
"HGIMO001010","0","1","4","35","0","0","0","11","0","0","0","0","HGIMB002736","18.0539330738477","HGSMP000625","53.7230041622684","HGDIF000014","113.283458896353"
"HGIMO001022","0","0","1","10","0","0","0","3","0","0","0","0","HGIMB001826","35.9267848380172","HGSMP000806","48.1523755325623","HGDIF000014","154.19815258946"
"HGIMO001034","0","1","4","28","0","0","0","3","0","0","0","0","HGIMB001015","14.896288449238","HGSMP000806","48.7978486703359","HGDIF000014","160.853886578348"
"HGIMO001046","0","5","13","24","0","3","6","6","0","0","0","0","HGIMB005220","12.8993776674143","HGIMB004952","12.0361143780423","HGIMB002304","165.098267178068"
"HGIST000070","3","6","15","24","3","3","4","6","0","0","0","0","HGIMB005220","1.51248013028573","HGSMP000806","1.32035563100154","HGIMB002304","159.024946477606"
"HGIMB001411","0","3","25","41","0","0","4","6","0","0","0","0","HGIMB001464","11.1239090197504","HGSMP000456","21.3953423144315","HGDIF000014","209.68048045576"
"HGIMB001423","0","0","11","21","0","0","2","5","0","0","0","0","HGIMB002152","21.7708114206362","HGSMP000444","31.128981487627","HGDIF000014","219.905319614075"
"HGIMB001435","6","9","26","39","3","3","4","6","0","0","0","0","HGIMO000742","6.59889071989272","HGIMB001394","6.73141555161469","HGDIF000014","216.266513574995"
"HGIMB001440","5","7","27","40","3","3","5","6","0","0","0","0","HGSMP002361","7.65268309678335","HGIMB001394","6.67150345275572","HGDIF000014","216.206601476136"
"HGIMB001464","1","10","26","36","0","4","4","6","0","0","0","0","HGIMB002934","7.05561727129651","HGSMP000456","16.4827812915277","HGDIF000014","219.827203609548"
"HGIMB001452","2","7","28","41","1","3","5","6","0","0","0","0","HGSMP002361","9.80285569992813","HGSMP000432","9.80285569992813","HGDIF000014","212.911063867194"
"HGIMB001476","0","1","4","19","0","0","3","4","0","0","0","0","HGIMO000754","15.2227967619776","HGSMP000420","39.4467694161887","HGDIF000014","243.455871040326"
"HGIMB001406","5","9","30","45","3","3","5","6","0","0","0","0","HGSMP002361","1.21383773086363","HGSMP000432","1.21383773086363","HGDIF000014","209.366370135341"
"HGIMO000730","0","0","18","49","0","0","5","7","0","0","0","0","HGSMP002361","22.4509172632603","HGSMP000432","22.4509172632603","HGDIF000014","190.768318324799"
"HGIMO000742","2","14","25","38","0","3","4","6","0","0","0","0","HGIMB001435","6.59889071989272","HGIMB001394","11.5078822219723","HGDIF000014","221.042980245353"
"HGIMO000754","0","1","2","14","0","0","0","4","0","0","0","0","HGIMB001476","15.2227967619776","HGSMP000420","53.4333918266101","HGDIF000014","247.320981310498"
"HGIMO000766","0","0","13","39","0","0","1","5","0","0","0","0","HGIMB001411","21.0464865090177","HGSMP000456","30.0744717954551","HGDIF000014","211.734514795458"
"HGIMS000053","6","7","29","43","3","3","5","6","0","0","0","0","HGSMP002361","2.56265804098042","HGSMP000420","2.53164575523054","HGDIF000014","210.697908693905"
"HGIST000053","5","8","29","44","3","3","5","6","0","0","0","0","HGIMB001406","1.73576456987476","HGSMP000432","2.94960230073839","HGDIF000014","211.102134705216"
"HGSMP002361","6","9","31","46","3","3","5","6","0","0","0","0","HGIMB001406","1.21383773086363","HGSMP000432","0","HGDIF000014","208.553918379353"
"HGIMB004095","0","7","26","69","0","0","9","15","0","0","0","0","HGSMP002721","13.5127403538036","HGSMP000951","21.8840878390694","HGDIF000014","64.4752382179721"
"HGIMB004100","1","5","29","75","0","0","9","15","0","0","0","0","HGIMO002096","9.05206395860258","HGSMP000946","21.6839685505372","HGIMB002304","63.6346674146495"
"HGIMB004643","0","20","127","159","0","3","27","31","0","0","2","2","HGIMO002113","11.1348761792476","HGSMP002085","17.2703964371693","HGDIF000014","22.7137158870523"
"HGIMB004083","2","6","29","157","0","0","10","41","0","0","0","2","HGSMP002721","1.64834615757818","HGSMP000946","33.2588981458809","HGDIF000014","52.5451988481386"
"HGIMO002084","2","4","15","81","0","0","2","19","0","0","0","1","HGSMP002721","7.52203644520156","HGSMP000946","39.6503875881436","HGDIF000014","58.9108370767639"
"HGIMO002096","2","9","32","163","0","0","9","39","0","0","0","2","HGIMB001090","5.71393188799957","HGSMP000946","21.58463900018","HGIMB002304","54.6562090604018"
"HGIMO002101","0","3","8","31","0","0","0","10","0","0","0","0","HGIMO002084","11.2246308602438","HGSMP000946","50.8750184483873","HGDIF000014","70.1354679370076"
"HGIMO002113","0","6","100","168","0","1","21","41","0","0","1","2","HGIMB004643","11.1348761792476","HGSMP000980","17.327479041428","HGDIF000014","33.1566347236842"
"HGSMP002721","2","7","25","147","0","0","9","39","0","0","0","2","HGIMB004083","1.64834615757818","HGSMP000946","32.3714875299763","HGDIF000014","53.517311819247"
"HGSMP003536","18","57","136","162","1","12","28","30","0","1","2","2","HGIMB004264","4.44617880155605","HGCRO000032","7.08797104469693","HGDIF000014","10.8709110789756"
"HGIMB004602","3","23","38","68","1","11","16","21","0","0","0","1","HGIMB003436","6.74592104220492","HGIMB005034","4.87608827961286","HGDIF000014","55.6164516890284"
"HGIMB003704","1","9","28","154","1","3","6","40","0","0","0","2","HGSMP001651","0.609597612400759","HGSMP001646","1.09729353062898","HGDIF000014","42.9250220498966"
"HGSMP001651","1","9","27","153","1","3","6","40","0","0","0","2","HGIMB003704","0.609597612400759","HGSMP001646","0.678218527645451","HGDIF000014","43.2293501547026"
"HGIMB003284","3","5","40","159","1","1","8","39","0","0","0","2","HGSMP001523","3.3821602724664","HGSMP000980","3.51055922778053","HGDIF000014","40.5990492363338"
"HGIMB003272","3","11","42","162","1","3","8","40","0","0","0","2","HGSMP001523","1.22145267892675","HGSMP000980","0.791564633310428","HGDIF000014","40.3331934140982"
"HGSMP001523","3","7","41","163","1","1","8","40","0","0","0","2","HGSMP001535","0","HGSMP000980","0.429888045616318","HGDIF000014","40.091094676151"
"HGSMP001535","3","7","41","163","1","1","8","40","0","0","0","2","HGSMP001523","0","HGSMP000980","0.429888045616318","HGDIF000014","40.091094676151"
"HGIMB001971","2","41","106","174","1","22","43","58","0","0","0","0","HGIMB001995","2.79992302417101","HGIMB002036","6.92475287219338","HGDIF000014","98.4484117556271"
"HGIMB001983","4","21","86","165","1","11","28","56","0","0","0","0","HGIMO001080","3.65942947987209","HGSMP000724","9.78089409569012","HGDIF000014","91.9595736865879"
"HGIMB001995","5","43","107","171","1","22","43","58","0","0","0","0","HGIMB001971","2.79992302417101","HGIMB002036","4.12482984802238","HGDIF000014","101.248334779798"
"HGIMB002000","13","37","90","190","11","16","30","66","0","0","0","0","HGIST000082","3.57650702244364","HGSMP001395","3.28797661335599","HGDIF000014","95.895825393422"
"HGIMB002024","9","27","92","182","6","11","34","63","0","0","0","0","HGIMB001983","5.52439673522109","HGSMP000724","6.61966947856421","HGDIF000014","86.7756214739651"
"HGIMB002106","13","36","90","190","7","17","32","63","0","0","0","0","HGIMB001966","0","HGSMP001436","5.63392673548845","HGDIF000014","101.70306939483"
"HGIMB002012","3","25","90","183","0","11","32","59","0","0","0","0","HGIMB001971","5.49359947754852","HGSMP000700","10.1888184500455","HGDIF000014","95.7953913799555"
"HGIMB001966","13","36","90","190","7","17","32","63","0","0","0","0","HGIMB002106","0","HGSMP001436","5.63392673548845","HGDIF000014","101.70306939483"
"HGIMB004520","14","47","94","197","11","18","32","67","0","0","0","0","HGSMP002190","0.956593100500009","HGSMP001436","1.28114125819484","HGDIF000014","96.727396465799"
"HGIMO001080","3","15","83","160","0","11","22","53","0","0","0","0","HGIMB001983","3.65942947987209","HGSMP000724","13.2202639879186","HGDIF000014","93.8428614270081"
"HGIMO001092","2","25","94","186","1","11","39","63","0","0","0","0","HGIMB002024","6.82878119263074","HGSMP000724","9.90499044574827","HGDIF000014","89.0849717706329"
"HGIMO001104","3","26","74","164","0","12","31","50","0","0","0","0","HGIMB003330","4.12733331991999","HGSMP000292","11.6763661813162","HGDIF000014","112.902429573469"
"HGIMS000304","15","42","92","195","11","17","34","64","0","0","0","0","HGIMB004520","1.76029093912228","HGSMP001436","2.88956134271261","HGDIF000014","98.4876874049213"
"HGIST000082","14","44","95","197","11","18","31","67","0","0","0","0","HGSMP003541","1.19495345913451","HGSMP000736","0.709537696896322","HGDIF000014","95.2387473224312"
"HGSMP001861","14","42","93","197","11","18","32","67","0","0","0","0","HGSMP001914","0","HGSMP001436","0.353345092757009","HGDIF000014","96.4224877520986"
"HGSMP001914","14","42","93","197","11","18","32","67","0","0","0","0","HGSMP001861","0","HGSMP001436","0.353345092757009","HGDIF000014","96.4224877520986"
"HGSMP002190","14","44","92","197","11","18","32","67","0","0","0","0","HGSMP001861","0.315334178830473","HGSMP001436","0.508351699661085","HGDIF000014","96.5774943590027"
"HGSMP002940","14","42","93","197","11","18","32","67","0","0","0","0","HGSMP001861","0","HGSMP001436","0.353345092757009","HGDIF000014","96.4224877520986"
"HGSMP003541","14","43","94","197","11","18","32","67","0","0","0","0","HGSMP001861","0.353345092757009","HGSMP001436","0","HGDIF000014","96.0691426593416"
"HGIMB003301","9","28","101","159","6","9","44","46","0","0","0","0","HGIST000316","4.50403254305929","HGSMP000292","4.83726426005119","HGDIF000014","116.422634113016"
"HGIMB003325","22","34","87","194","8","18","34","67","0","0","0","0","HGIMB004351","2.71862715136961","HGSMP003705","7.83841271706928","HGDIF000014","104.61539605032"
"HGIMB003330","11","29","92","167","6","12","42","50","0","0","0","0","HGIMO001104","4.12733331991999","HGSMP000292","7.54903286139619","HGDIF000014","113.000857606658"
"HGIMB004351","15","38","101","190","6","18","41","64","0","0","0","0","HGIMB003325","2.71862715136961","HGSMP003705","5.12664043517959","HGDIF000014","106.75554513218"
"HGIMB004491","11","43","108","172","7","22","44","57","0","0","0","0","HGIMB004346","4.3400538014479","HGIMB002036","6.01997342296719","HGDIF000014","108.116527839523"
"HGIMB004334","14","41","113","164","6","18","46","49","0","0","0","0","HGIMB003465","4.23463205004421","HGSMP003850","8.3410350644641","HGDIF000014","107.362818958674"
"HGIMB003313","2","21","102","151","1","8","40","48","0","0","0","0","HGIMB004450","4.22612402434143","HGSMP000304","2.24168563813324","HGDIF000014","123.306515200195"
"HGIMB004346","12","41","106","175","7","18","44","58","0","0","0","0","HGIMB004491","4.3400538014479","HGSMP000316","4.69405779513857","HGDIF000014","109.569915880596"
"HGIMB004450","5","24","99","149","5","8","43","46","0","0","0","0","HGIMB003313","4.22612402434143","HGSMP000304","2.01519565732621","HGDIF000014","122.043022426671"
"HGIMB004322","11","37","111","160","6","14","46","47","0","0","0","0","HGIMB004334","5.46233377730065","HGSMP003850","4.27517500051837","HGDIF000014","111.519777797112"
"HGIMB003296","14","38","105","173","7","13","44","51","0","0","0","0","HGSMP002583","0.423611426820189","HGSMP000316","0.407588622429618","HGDIF000014","112.474895682029"
"HGIST000316","12","37","103","166","6","12","44","47","0","0","0","0","HGSMP001272","1.27328673569514","HGSMP000292","1.27328673569514","HGDIF000014","113.334071232267"
"HGSMP001272","15","38","104","175","7","14","44","54","0","0","0","0","HGSMP001284","0","HGSMP000292","0","HGDIF000014","112.231929636428"
"HGSMP001284","15","38","104","175","7","14","44","54","0","0","0","0","HGSMP001272","0","HGSMP000292","0","HGDIF000014","112.231929636428"
"HGSMP001296","15","38","104","175","7","14","44","54","0","0","0","0","HGSMP001272","0","HGSMP000292","0","HGDIF000014","112.231929636428"
"HGSMP002583","14","38","105","174","6","14","44","54","0","0","0","0","HGSMP001272","0.378635603855427","HGSMP000292","0.378635603855427","HGDIF000014","112.2984190852"
"HGSMP004072","15","38","105","172","7","13","44","50","0","0","0","0","HGSMP001272","0.352483752911902","HGSMP000292","0.352483752911902","HGDIF000014","112.58441338934"
"HGIMB004486","6","31","112","153","0","15","43","46","0","0","0","0","HGIMB003465","4.97838951331185","HGSMP003903","10.8302181606586","HGDIF000014","103.41741716784"
"HGIMB003453","7","26","99","142","1","9","42","46","0","0","0","0","HGIMB003692","2.7574290721684","HGSMP003903","8.69398561148564","HGDIF000014","104.123562561007"
"HGIMB003465","8","44","115","163","1","19","43","50","0","0","0","0","HGSMP002601","1.94360034691282","HGSMP003903","9.31242129174211","HGDIF000014","103.953441229982"
"HGIMB003441","11","40","117","157","6","16","43","50","0","0","0","0","HGSMP002610","0.384601680660906","HGSMP003903","6.78720306350467","HGDIF000014","103.804565675062"
"HGSMP002601","11","47","117","159","5","17","43","50","0","0","0","0","HGSMP002610","0.372919412740785","HGSMP003903","7.36882094482929","HGDIF000014","103.507965922168"
"HGSMP002610","11","43","118","159","6","16","43","50","0","0","0","0","HGSMP002601","0.372919412740785","HGSMP003903","7.12469546954392","HGDIF000014","103.634628608578"
"HGIMB003692","8","29","99","143","6","9","41","48","0","0","0","0","HGIMB003453","2.7574290721684","HGSMP003903","6.08621616375765","HGDIF000014","101.586733616629"
"HGIMB003680","10","32","107","143","7","12","42","50","0","0","0","0","HGIMS000152","2.37108390146833","HGSMP001342","0.416133757657007","HGDIF000014","107.450268978737"
"HGIMB003675","12","31","107","143","8","10","42","50","0","0","0","0","HGIMS000152","0.65548190212747","HGSMP000333","1.17799411655882","HGDIF000014","104.423703175142"
"HGIMS000152","13","32","106","141","8","10","42","50","0","0","0","0","HGIMB003675","0.65548190212747","HGSMP000333","1.83347601868629","HGDIF000014","105.079185077269"
"HGIMS000316","2","39","105","140","1","19","35","50","0","0","0","0","HGIMB003680","7.07898694304039","HGSMP001342","7.46449952675691","HGDIF000014","114.498634747837"
"HGIST000333","15","31","106","143","8","8","41","50","0","0","0","0","HGSMP003331","0.480281340514969","HGSMP000374","0","HGDIF000014","102.51364338628"
"HGSMP003331","13","32","107","143","8","9","41","50","0","0","0","0","HGIST000333","0.480281340514969","HGSMP000374","0.480281340514969","HGDIF000014","102.993924726795"
"HGIMB000863","1","5","23","86","0","0","4","25","0","0","0","0","HGIMB000875","9.60627406510699","HGSMP003734","23.1801245065146","HGDIF000014","158.560368313522"
"HGIMB000875","2","7","24","81","0","0","3","28","0","0","0","0","HGIMB004235","6.77879694859204","HGSMP001190","27.1139799868793","HGDIF000014","161.314488230763"
"HGIMB004235","2","8","25","100","0","0","4","30","0","0","0","0","HGIMB000875","6.77879694859204","HGSMP001190","21.5458483443959","HGDIF000014","155.74635658828"
"HGIMB000851","3","7","21","106","0","0","3","31","0","0","0","0","HGSMP001371","1.00456613900219","HGSMP001190","24.3027758557823","HGDIF000014","155.698168366285"
"HGIMO000363","0","8","21","49","0","2","3","12","0","0","0","0","HGIMB002140","11.6369902211518","HGSMP003734","11.6369902211518","HGDIF000014","171.424208330832"
"HGSMP001371","3","7","23","107","0","0","4","31","0","0","0","0","HGSMP003792","0","HGSMP001190","23.3765367919333","HGDIF000014","156.702734505287"
"HGSMP003792","3","7","23","107","0","0","4","31","0","0","0","0","HGSMP001371","0","HGSMP001190","23.3765367919333","HGDIF000014","156.702734505287"
"HGIMB003721","2","24","60","130","0","11","24","41","0","0","0","0","HGIMB003750","3.87985372982987","HGIMS000164","15.5043777312049","HGDIF000014","142.092433994679"
"HGIMB003733","3","6","38","108","0","0","15","36","0","0","0","0","HGIMO001903","5.63973559387393","HGIMS000164","26.1747339141089","HGDIF000014","152.762790177583"
"HGIMB003750","3","33","71","134","0","13","28","46","0","0","0","0","HGIMB003721","3.87985372982987","HGIMS000164","14.9379983115148","HGDIF000014","141.526054574988"
"HGIMB003774","2","6","37","102","0","0","14","32","0","0","0","0","HGIMO001903","2.90137799421317","HGIMS000164","30.1628733229224","HGDIF000014","156.750929586396"
"HGIMB003786","9","28","79","131","7","13","28","46","0","0","0","0","HGIST000135","7.09945164341356","HGSMP000205","9.13184457362922","HGDIF000014","136.599277010819"
"HGIMB003791","3","17","50","126","0","3","17","40","0","0","0","0","HGIMB003750","4.79485329550609","HGIMS000164","19.5827524642607","HGDIF000014","146.170808727734"
"HGIMB003815","22","33","100","136","13","14","36","46","0","0","0","0","HGIMB004392","2.64350892090423","HGSMP003932","2.93845033252255","HGDIF000014","126.842150784455"
"HGIMB003832","0","13","47","112","0","0","15","36","0","0","0","0","HGIMB003791","12.7517207066102","HGSMP000205","20.1573075645798","HGDIF000014","147.624740001769"
"HGIMB004392","21","33","99","136","12","13","36","46","0","0","0","0","HGIMB005396","0","HGSMP003932","2.86492231899641","HGDIF000014","129.294888218812"
"HGIMB003762","2","40","78","127","0","15","27","46","0","0","0","0","HGIMB000530","6.21574807643151","HGSMP000234","12.7012639578594","HGDIF000014","123.697967816656"
"HGIMB003803","4","31","74","122","0","12","27","41","0","0","0","0","HGIMB004462","3.0319515735617","HGIMB004824","14.1092499695377","HGDIF000014","134.536115855911"
"HGIMB003820","2","23","96","141","0","14","30","50","0","0","0","0","HGIMB004363","8.4147332506129","HGSMP000386","13.3979727252572","HGDIF000014","133.968362872195"
"HGIMB004363","16","29","99","142","8","13","32","49","0","0","0","0","HGSMP004130","6.72982889858719","HGSMP000386","6.32544206528702","HGDIF000014","128.700094515259"
"HGIMB004375","22","33","84","128","10","13","29","46","0","0","0","0","HGSMP003372","3.3894297281153","HGIMB004824","5.68774031268883","HGDIF000014","135.248005191907"
"HGIMB004380","21","37","116","146","13","20","39","50","0","0","0","0","HGSMP004130","0.612517258887965","HGSMP000386","1.00561946961642","HGDIF000014","121.947106582703"
"HGIMB004462","3","35","71","118","0","14","27","37","0","0","0","0","HGIMS000292","2.66262462070737","HGIMB004824","15.513862446989","HGDIF000014","137.219134245534"
"HGIMB003745","22","34","104","143","13","14","36","47","0","0","0","0","HGSMP003816","3.51242511378852","HGSMP001185","0.960597500897808","HGDIF000014","124.573178608178"
"HGIMB003716","24","35","101","137","13","13","36","46","0","0","0","0","HGSMP002643","0.413588042564994","HGIMS000164","0","HGDIF000014","127.92750952917"
"HGIMO001903","2","6","38","101","0","0","14","32","0","0","0","0","HGIMB003774","2.90137799421317","HGIMS000164","29.7775207068771","HGDIF000014","156.365576970351"
"HGIMO001915","7","34","70","114","0","15","26","36","0","0","0","0","HGIMS000292","3.26958417705873","HGIMB004824","13.294954273608","HGDIF000014","140.331750332626"
"HGIMS000292","5","34","75","122","0","15","27","39","0","0","0","0","HGIMB004462","2.66262462070737","HGIMB004824","13.374061622977","HGDIF000014","137.567045664511"
"HGIST000135","23","34","100","137","13","13","36","46","0","0","0","0","HGSMP003104","1.26357748754319","HGIMS000164","2.109769794065","HGDIF000014","129.694022399998"
"HGSMP001330","24","36","100","137","13","13","36","46","0","0","0","0","HGSMP002643","0.426607755892868","HGIMS000164","0.597417940039796","HGDIF000014","127.861516781413"
"HGSMP002634","24","35","100","137","13","13","36","46","0","0","0","0","HGSMP003944","0","HGIMS000164","0.417819635584433","HGDIF000014","127.588162632684"
"HGSMP002643","24","36","101","137","13","13","36","46","0","0","0","0","HGSMP003116","0","HGIMS000164","0.413588042564994","HGDIF000014","128.18494536211"
"HGSMP002652","23","35","101","138","13","14","36","46","0","0","0","0","HGSMP002781","0.581171167810227","HGPMX000016","0.581171167810227","HGDIF000014","126.88565391479"
"HGSMP002781","23","35","102","138","13","14","36","46","0","0","0","0","HGSMP002652","0.581171167810227","HGPMX000016","0","HGDIF000014","126.481892913076"
"HGSMP003104","24","35","101","137","13","13","36","46","0","0","0","0","HGSMP002643","0.432604263956819","HGIMS000164","0.846192306521814","HGDIF000014","128.48582771965"
"HGSMP003116","24","36","101","137","13","13","36","46","0","0","0","0","HGSMP002643","0","HGIMS000164","0.413588042564994","HGDIF000014","128.18494536211"
"HGSMP003372","19","34","95","132","12","13","35","46","0","0","0","0","HGSMP004113","1.42991510788739","HGIMB004824","3.4299619382187","HGDIF000014","131.874414834464"
"HGSMP003430","23","34","101","137","13","13","36","46","0","0","0","0","HGSMP002652","1.2966774417584","HGSMP001325","0.603203707282449","HGDIF000014","128.002093214586"
"HGSMP003471","24","35","100","137","13","13","36","46","0","0","0","0","HGSMP001330","0.472143203495713","HGIMS000164","1.06878324332187","HGDIF000014","128.309344804107"
"HGSMP003816","21","38","115","146","13","20","38","50","0","0","0","0","HGIMB004380","0.83759905927691","HGSMP000386","1.82536939813866","HGDIF000014","122.204262759228"
"HGSMP003944","24","35","100","137","13","13","36","46","0","0","0","0","HGSMP002634","0","HGIMS000164","0.417819635584433","HGDIF000014","127.588162632684"
"HGSMP004113","21","34","97","135","12","13","36","46","0","0","0","0","HGSMP003372","1.42991510788739","HGSMP003710","2.17060208646161","HGDIF000014","130.501630470223"
"HGSMP004130","17","36","115","146","13","18","37","50","0","0","0","0","HGIMB004380","0.612517258887965","HGSMP000386","0.404386833300169","HGDIF000014","122.517252576259"
"HGIMB005396","21","33","99","136","12","13","36","46","0","0","0","0","HGIMB004392","0","HGSMP003932","2.86492231899641","HGDIF000014","129.294888218812"
"HGSSA017685","21","33","99","136","12","13","36","46","0","0","0","0","HGIMB004392","0","HGSMP003932","2.86492231899641","HGDIF000014","129.294888218812"
"HGIMB003226","3","18","95","149","1","8","35","51","0","0","0","0","HGIMB003313","6.4558231693513","HGSMP000304","8.55233936518604","HGDIF000014","129.422929526839"
"HGIMB003231","4","9","37","118","0","1","10","46","0","0","0","0","HGIMB004235","6.90898306139977","HGSMP001190","14.8889864920363","HGDIF000014","149.08949473592"
"HGIMB003243","4","10","74","136","1","2","22","51","0","0","0","0","HGSMP001202","7.89451492667074","HGSMP001190","7.89451492667074","HGDIF000014","138.884117696368"
"HGIMB003214","3","9","72","139","1","2","22","47","0","0","0","0","HGSMP001202","2.2415955788411","HGSMP001190","2.2415955788411","HGDIF000014","136.442103822725"
"HGIMO001722","2","12","70","133","1","2","22","46","0","0","0","0","HGIMB003214","3.1639571288471","HGSMP001190","4.46897879149814","HGDIF000014","138.669487035382"
"HGSMP001202","3","10","88","145","1","2","26","49","0","0","0","0","HGIMB003214","2.2415955788411","HGSMP001190","0","HGDIF000014","134.200508243884"
"HGIMB000385","1","8","101","197","0","0","28","47","0","0","1","2","HGIMB000402","6.11613326240147","HGSMP004154","21.6998574969563","HGDIF000014","38.0341980100299"
"HGIMB000390","6","25","56","163","10","11","12","41","0","0","0","1","HGIMB000163","8.2571948725136","HGSMP000642","6.93152044183809","HGDIF000014","57.3115578032699"
"HGIMB004433","6","21","60","159","11","11","12","43","0","0","0","1","HGIMB000163","7.20725177379023","HGSMP004154","7.27458877253969","HGDIF000014","56.857727162965"
"HGIMB000402","2","13","95","201","0","10","22","48","0","0","0","2","HGIMB000385","6.11613326240147","HGSMP004154","18.2488840900295","HGDIF000014","40.343254121484"
"HGIMB000373","2","21","62","201","0","11","14","47","0","0","0","2","HGIMB000402","7.3016190759864","HGSMP000642","11.9700727990457","HGDIF000014","46.8307733045634"
"HGIMO000206","0","5","62","183","0","0","17","37","0","0","0","2","HGIMB000402","10.7476056561899","HGSMP000642","20.6468178239073","HGDIF000014","44.405351676598"
"HGIMO000211","2","19","142","193","0","4","35","39","0","0","2","2","HGIMB004976","4.95010311228115","HGSMP002103","11.3466930362985","HGDIF000014","25.5860293346312"
"HGIMB000962","2","11","52","128","0","3","19","33","0","0","0","0","HGIMB001505","3.63318149402758","HGSMP000490","15.8596365375982","HGDIF000014","128.201091472147"
"HGIMB000974","2","15","63","167","0","8","22","60","0","0","0","0","HGIMB000991","4.32883328462315","HGSMP000490","14.2897339017687","HGDIF000014","112.282676399765"
"HGIMB000991","3","28","73","182","0","20","28","65","0","0","0","0","HGIMO000433","4.32376166832336","HGSMP000490","11.4756881890676","HGDIF000014","108.274424145911"
"HGIMB004240","3","7","53","125","0","3","23","33","0","0","0","0","HGIMB000962","4.14935464591762","HGSMP000490","12.4749156521778","HGDIF000014","124.816370586726"
"HGIMB000986","4","15","62","143","0","4","23","33","0","0","0","0","HGIMO000421","5.40149901974103","HGSMP000490","14.9790495048808","HGDIF000014","116.65424001694"
"HGIMB000950","0","9","75","166","3","3","31","46","0","0","0","0","HGIMO000421","10.9154758194264","HGSMP000490","0.423642621149274","HGDIF000014","112.53520462215"
"HGIMO000421","2","13","65","141","0","4","28","34","0","0","0","0","HGIMB000986","5.40149901974102","HGSMP000490","10.4975622642532","HGDIF000014","117.988960906068"
"HGIMO000433","14","32","78","188","3","20","30","67","0","0","0","0","HGIMB000991","4.32376166832336","HGSMP001436","8.15847516272247","HGDIF000014","104.16531839725"
"HGIMB001114","6","22","87","162","1","11","32","52","0","0","0","0","HGIMB002024","5.83405266977244","HGSMP000695","9.79251677559554","HGDIF000014","87.0600750718195"
"HGIMB001126","5","21","94","156","1","10","32","46","0","0","0","0","HGIMO000474","4.06535076854007","HGSMP000695","3.62043801076911","HGDIF000014","80.4760108404663"
"HGIMB001131","5","30","81","140","0","12","23","42","0","0","0","0","HGIMB002700","4.76108790640459","HGSMP000695","11.4284043143184","HGDIF000014","67.1446547889428"
"HGIMB001143","4","18","83","145","1","2","23","42","0","0","0","0","HGIMB001126","6.94390409426244","HGSMP000695","7.89906437900756","HGDIF000014","76.7202831114096"
"HGIMB001102","5","20","93","155","1","10","32","47","0","0","0","0","HGSMP003360","4.40053885763905","HGSMP000695","5.64290354050135","HGDIF000014","81.3235490531424"
"HGIMO000474","7","30","99","160","1","11","32","48","0","0","0","0","HGIST000036","1.05154582558404","HGSMP000695","0.44491275777096","HGDIF000014","77.9520803670932"
"HGIST000036","7","30","100","158","1","11","32","47","0","0","0","0","HGIMO000474","1.05154582558404","HGSMP000695","1.4843002464655","HGDIF000014","76.9005345415092"
"HGSMP003360","7","28","100","164","1","11","32","51","0","0","0","0","HGIMO000474","1.32845048362162","HGSMP000695","1.29649403340025","HGDIF000014","78.4848581439499"
"HGIMB002485","0","19","83","175","0","13","27","55","0","0","0","0","HGIMO001080","10.1031384722795","HGSMP000724","10.6937296367633","HGDIF000014","99.490705457152"
"HGIMB002473","11","32","99","196","10","12","40","67","0","0","0","0","HGSMP002145","0.50220186511453","HGSMP000712","0","HGDIF000014","90.162667895751"
"HGSMP002145","13","31","99","198","10","12","40","67","0","0","0","0","HGIMB002473","0.50220186511453","HGSMP000724","0","HGDIF000014","89.8518307270827"
"HGIMB002625","5","28","65","121","0","11","18","34","0","0","0","0","HGIMB002695","2.57791427907121","HGSMP000625","15.2952340369155","HGDIF000014","74.1503721289243"
"HGIMB002630","4","14","57","108","0","0","12","27","0","0","0","0","HGIMB002683","4.07301610405626","HGSMP000625","24.9867252026702","HGDIF000014","83.8418632946791"
"HGIMB002642","0","4","58","115","0","0","22","32","0","0","0","0","HGIMB002666","12.5207655934329","HGSMP000695","21.8500486713674","HGDIF000014","85.1964446097086"
"HGIMB002666","2","23","76","136","0","1","23","41","0","0","0","0","HGSMP001873","7.88885850019883","HGSMP000695","13.8771091019994","HGDIF000014","77.5980511713788"
"HGIMB002683","6","16","61","123","0","0","17","31","0","0","0","0","HGIMB002630","4.07301610405626","HGSMP000625","22.0053317783724","HGDIF000014","80.8604698703814"
"HGIMB002700","3","26","77","142","0","12","22","42","0","0","0","0","HGIMB001131","4.76108790640459","HGSMP000695","14.8652876272863","HGDIF000014","65.0138250390349"
"HGIMB004305","11","35","74","132","2","12","22","34","0","0","0","0","HGIMB002654","4.44197014800402","HGSMP000625","9.4734957149006","HGDIF000014","67.3840731663352"
"HGIMB002671","5","29","78","170","0","12","22","42","0","0","0","0","HGIMB002700","5.0256093601143","HGSMP000625","12.7039287392483","HGDIF000014","60.6486796061094"
"HGIMB004614","4","13","53","138","0","1","17","32","0","0","0","0","HGIMB001592","5.48307382182112","HGIMB001481","11.3785080925186","HGDIF000014","119.838347999878"
"HGIMB002654","15","34","78","138","7","12","22","37","0","0","0","0","HGIMB004305","4.44197014800402","HGSMP000625","8.57239852187356","HGDIF000014","65.4682031387967"
"HGIMB002695","5","31","67","126","0","11","21","35","0","0","0","0","HGIMB002625","2.57791427907121","HGSMP000625","12.8561588610218","HGDIF000014","71.7112969530306"
"HGIMO001425","8","38","76","133","0","12","22","35","0","0","0","0","HGSMP001873","1.33617700598929","HGSMP000625","13.2702208648288","HGDIF000014","72.1253589568376"
"HGIMO001430","7","19","62","126","0","1","20","34","0","0","0","0","HGIMB002683","4.89540824996187","HGSMP000625","19.3268388002489","HGDIF000014","78.1819768922578"
"HGIMO002410","6","18","59","120","0","0","12","35","0","0","0","0","HGIMB002724","3.51740550757151","HGSMP000625","25.3156617486881","HGDIF000014","84.170799840697"
"HGSMP001873","8","35","76","133","0","12","22","35","0","0","0","0","HGIMO001425","1.33617700598929","HGSMP000625","13.4368030770031","HGDIF000014","71.8788350398081"
"HGIMB004416","4","9","95","169","1","3","20","40","0","0","1","2","HGIMB004906","3.3759460631372","HGSMP002800","1.75802285186756","HGDIF000014","27.9624148089012"
"HGIMB004906","4","10","88","168","1","3","18","40","0","0","1","2","HGSMP003990","0.351818637049773","HGSMP002800","3.03186554089519","HGDIF000014","28.8921805817666"
"HGIMB004071","2","27","131","181","2","6","29","41","0","1","2","2","HGSMP003780","2.17624540914797","HGSMP002085","2.07710660578818","HGDIF000014","18.3998690130114"
"HGIST000350","4","10","88","168","1","4","18","40","0","0","1","2","HGSMP003990","0.36623454261436","HGSMP002800","3.02459560614518","HGDIF000014","28.8807765620082"
"HGSMP001663","4","10","84","166","1","4","17","40","0","0","1","2","HGIST000350","1.12555105069713","HGSMP002800","3.78248827204903","HGDIF000014","29.6386692279121"
"HGSMP003780","2","26","130","182","2","6","29","40","0","1","2","2","HGIMB004071","2.17624540914797","HGSMP002085","0.37284075412442","HGDIF000014","18.9333619852722"
"HGSMP003990","4","10","90","169","1","3","19","40","0","0","1","2","HGIMB004906","0.351818637049773","HGSMP002800","2.68418098885376","HGDIF000014","28.5403619447168"
"HGIMB003260","0","15","87","147","0","1","33","48","0","0","0","0","HGIMB003255","10.4625506605407","HGIMB002036","17.6310607626501","HGDIF000014","91.2325411906816"
"HGIMB003255","2","19","90","142","0","8","40","46","0","0","0","0","HGSMP002172","6.63845580882321","HGSMP000374","12.1659799637966","HGDIF000014","90.7598867446329"
"HGIMB003856","0","24","52","84","2","17","21","24","0","0","0","0","HGIMB003885","10.7729573309994","HGSMP003244","6.64431457042744","HGIMB002304","83.3106113270061"
"HGIMB003890","21","37","57","92","15","18","22","25","0","0","0","0","HGIMB004404","0.488326052362197","HGSMP001074","2.6671365424289","HGIMB002304","90.3426758908056"
"HGIMB003861","0","6","57","96","0","3","22","25","0","0","0","0","HGIMB003873","10.7756057882347","HGSMP002043","12.3215878903306","HGIMB002304","95.0417431512793"
"HGIMB003873","2","10","51","90","1","3","21","24","0","0","0","0","HGIMB000110","1.95441444600857","HGSMP002043","2.65341958112916","HGIMB002304","103.583919994952"
"HGIMB003885","4","33","55","89","3","19","21","25","0","0","0","0","HGIMB002806","2.20912635548909","HGSMP003244","4.82105619113589","HGIMB002304","80.6371521753601"
"HGIMB004404","21","37","57","91","15","18","22","25","0","0","0","0","HGIMB003890","0.488326052362197","HGSMP001074","2.8767800507363","HGIMB002304","89.8543498384434"
"HGIMB003844","21","33","58","96","15","19","22","26","0","0","0","0","HGSMP003594","0","HGSMP001890","0.367858475073365","HGIMB002304","85.9573481818042"
"HGIMO001920","3","32","56","98","2","18","23","26","0","0","0","0","HGIMB000011","4.05024836302994","HGSMP000135","3.87677533345223","HGIMB002304","72.8463014258871"
"HGIMS000210","20","32","58","96","15","18","22","26","0","0","0","0","HGIMB003844","2.84326170467894","HGSMP000152","0","HGIMB002304","86.3944672940537"
"HGIST000140","23","39","59","90","16","20","22","25","0","0","0","0","HGSMP003290","1.69324591967378","HGSMP003915","0.364594153556237","HGIMB002304","87.8158276130122"
"HGSMP002112","21","34","57","91","15","18","22","25","0","0","0","0","HGSMP002703","2.42476661489583","HGSMP001091","3.85608116048634","HGIMB002304","90.8249915017034"
"HGSMP002661","22","38","58","92","15","20","22","26","0","0","0","0","HGSMP003063","0","HGSMP000176","0.429698269791797","HGIMB002304","86.4621977450739"
"HGSMP002685","21","39","58","92","15","20","22","25","0","0","0","0","HGSMP003285","0.403977620739151","HGSMP000193","0.565322694099696","HGIMB002304","86.5768003931547"
"HGSMP002694","21","39","57","91","15","20","22","25","0","0","0","0","HGSMP003075","0.605695545463782","HGSMP000176","0.605695545463782","HGIMB002304","87.1856175602789"
"HGSMP002703","21","35","57","92","15","18","22","25","0","0","0","0","HGIMB003890","1.60752912578544","HGSMP001091","2.09787918855322","HGIMB002304","89.1982799298652"
"HGSMP002712","22","39","58","92","15","20","22","25","0","0","0","0","HGSMP003075","0.422034786742379","HGSMP000176","0.422034786742379","HGIMB002304","87.075358527351"
"HGSMP003063","22","38","58","92","15","20","22","26","0","0","0","0","HGSMP002661","0","HGSMP000176","0.429698269791797","HGIMB002304","86.4621977450739"
"HGSMP003075","22","39","57","92","15","20","22","25","0","0","0","0","HGSMP002712","0.422034786742379","HGSMP000176","0","HGIMB002304","86.8918960148657"
"HGSMP003092","24","39","58","90","16","20","22","25","0","0","0","0","HGSMP002712","1.21376749400099","HGSMP003915","1.47702252376325","HGIMB002304","88.0326566190647"
"HGSMP003220","17","32","58","86","13","19","21","25","0","0","0","0","HGIMB002806","2.65162510516657","HGSMP003915","5.67704920947257","HGIMB002304","83.919635566791"
"HGSMP003285","22","38","58","93","15","20","22","26","0","0","0","0","HGSMP002685","0.403977620739151","HGSMP001050","0.385150366219644","HGIMB002304","86.1728227724155"
"HGSMP003290","22","39","58","92","15","20","22","26","0","0","0","0","HGSMP002661","0.942628194531683","HGSMP000176","1.37232646432348","HGIMB002304","86.3558264970532"
"HGSMP003413","21","39","58","93","15","19","22","25","0","0","0","0","HGSMP002703","1.63795685994384","HGSMP001091","1.05245832181525","HGIMB002304","87.8934599512593"
"HGSMP003594","21","33","58","96","15","19","22","26","0","0","0","0","HGIMB003844","0","HGSMP001890","0.367858475073365","HGIMB002304","85.9573481818042"
"HGSMP003746","21","37","57","92","15","18","22","25","0","0","0","0","HGIMB003890","1.29877460876254","HGSMP001074","1.4411088387676","HGIMB002304","91.2875079810941"
"HGSMP003821","21","33","58","96","15","18","22","26","0","0","0","0","HGIMB003844","1.13396558334791","HGIMS000181","0.977946011915402","HGIMB002304","85.0875738579366"
"HGSMP003973","22","37","57","91","15","18","22","25","0","0","0","0","HGIMB004404","0.676501990805452","HGSMP000176","2.73799969986816","HGIMB002304","89.6030680323981"
"HGSSA004863","0","25","65","98","1","17","24","25","0","0","0","0","HGIMS000210","10.9215091848432","HGSMP002824","8.3105290255781","HGIMB002304","89.1029741806898"
"HGIMB000175","5","27","56","105","0","11","12","25","0","0","0","0","HGIMB001872","0.783182812477262","HGSMP000625","11.6548388284345","HGDIF000014","71.2152935625193"
"HGIMB000192","14","30","59","117","11","11","12","27","0","0","0","0","HGIMB000216","2.52257154245707","HGSMP000625","5.99421624306536","HGDIF000014","65.5546709771502"
"HGIMB000216","12","25","56","107","3","11","12","25","0","0","0","0","HGIMB000192","2.52257154245707","HGSMP000625","8.10865290548285","HGDIF000014","67.4468698850844"
"HGIMB000221","6","28","55","108","0","11","12","24","0","0","0","0","HGIMB000192","9.07141257238788","HGSMP000642","10.3346843924998","HGDIF000014","66.0319255281779"
"HGIMB000245","0","2","36","80","0","0","11","14","0","0","0","0","HGIMB000221","14.2385746688668","HGSMP000642","23.1856054514901","HGDIF000014","73.4950330984595"
"HGIMB000250","0","3","38","94","0","8","11","24","0","0","0","0","HGIMB000390","11.167951719821","HGSMP000642","18.0812375791832","HGDIF000014","63.6432207086363"
"HGIMB000180","13","31","70","165","11","11","22","42","0","0","0","0","HGSMP002265","5.55412819962084","HGSMP000625","5.34451803952505","HGDIF000014","60.3788016198201"
"HGIMB000233","9","28","69","191","11","11","18","45","0","0","0","2","HGIMB000180","6.39996545207028","HGSMP000596","7.76873085309443","HGDIF000014","54.2327509671596"
"HGIMB004182","12","31","65","134","11","11","16","30","0","0","0","0","HGIMS000012","2.16586201185874","HGSMP000625","2.47504238866577","HGDIF000014","62.320726893229"
"HGIMB000204","3","21","61","194","0","11","14","48","0","0","0","2","HGIMB000233","8.19134787939266","HGSMP000596","11.8062349820165","HGDIF000014","52.4730162417334"
"HGIMB000163","14","32","70","169","11","11","17","42","0","0","0","1","HGSMP002250","1.31696876487325","HGSMP000596","0.638048319142796","HGDIF000014","57.4177498381693"
"HGIMO000095","0","5","43","66","0","0","11","12","0","0","0","0","HGIMB001872","13.5010123223807","HGSMP000625","25.5323848584779","HGDIF000014","82.6911748034553"
"HGIMS000012","13","30","66","158","11","11","17","39","0","0","0","0","HGSMP002265","0.545608243504872","HGSMP000625","1.04275054975647","HGDIF000014","60.7980575857675"
"HGIST000012","13","29","66","150","11","11","16","32","0","0","0","0","HGSMP002265","1.47938264784239","HGSMP000625","1.21987871061437","HGDIF000014","60.9474530670319"
"HGSMP001902","15","30","70","164","11","11","17","44","0","0","0","1","HGSMP002241","0","HGSMP002034","0","HGDIF000014","59.0544350923334"
"HGSMP002241","15","30","70","164","11","11","17","44","0","0","0","1","HGSMP001902","0","HGSMP002034","0","HGDIF000014","59.0544350923334"
"HGSMP002250","16","30","71","166","11","11","18","46","0","0","0","1","HGSMP002935","0.452707588698119","HGSMP000596","0.67892044573045","HGDIF000014","58.2336393537847"
"HGSMP002265","13","30","66","162","11","11","17","41","0","0","0","0","HGIMS000012","0.545608243504872","HGSMP000625","0.497142306251601","HGDIF000014","60.2961519425275"
"HGSMP002935","16","30","71","169","11","11","18","46","0","0","0","1","HGSMP002250","0.452707588698119","HGSMP001465","0.428910451381695","HGDIF000014","58.6863469424828"
"HGIMB000501","0","0","2","13","0","0","0","1","0","0","0","0","HGIMO000264","22.3490349049703","HGIMB004952","59.7032000603941","HGIMB002304","98.8249259325578"
"HGIMB000513","5","6","16","36","0","0","2","3","0","0","0","0","HGIMB005203","8.25027634307751","HGSMP002870","30.3547085370139","HGIMB002304","65.1341507960271"
"HGIMB004590","0","6","11","28","0","0","0","2","0","0","0","0","HGIMO000264","13.8916539942936","HGSMP002870","41.2085650188521","HGIMB002304","71.3603674963046"
"HGIMB005203","5","7","18","63","0","0","2","13","0","0","0","0","HGIMB005215","0","HGSMP002870","27.0019043359882","HGIMB002304","61.7813465950013"
"HGIMB005215","5","7","18","63","0","0","2","13","0","0","0","0","HGIMB005203","0","HGSMP002870","27.0019043359882","HGIMB002304","61.7813465950013"
"HGIMB004771","5","7","18","63","0","0","2","13","0","0","0","0","HGIMB005203","0","HGSMP002870","27.0019043359882","HGIMB002304","61.7813465950013"
"HGIMO000240","0","6","22","63","0","1","2","10","0","0","0","1","HGSMP002310","13.2279284871455","HGSMP002870","19.5734736067816","HGIMB002304","58.5562682002887"
"HGIMO000252","0","0","16","35","0","0","0","3","0","0","0","0","HGIMO002224","20.5275237129075","HGSMP002870","47.6309639832041","HGIMB002304","90.6601822322291"
"HGIMO000264","0","1","10","19","0","0","0","2","0","0","0","0","HGIMB004590","13.8916539942936","HGSMP002870","51.0758839531503","HGIMB002304","81.2276864306027"
"HGIST000164","5","7","18","56","0","0","2","7","0","0","0","1","HGSMP002310","1.54711930089632","HGSMP002870","24.5178107252713","HGIMB002304","59.2972529842845"
"HGSMP002310","5","7","19","72","0","0","2","11","0","0","0","1","HGIST000164","1.54711930089632","HGSMP002870","23.3101920834411","HGIMB002304","58.0896343424543"
"HGIMB001505","3","18","46","128","0","9","16","33","0","0","0","0","HGIMB000962","3.63318149402758","HGSMP000560","17.9615108487461","HGDIF000014","127.306108482905"
"HGIMB001510","1","4","27","62","0","0","0","10","0","0","0","0","HGIMO000795","3.79325232518166","HGSMP000572","40.6951829222323","HGDIF000014","169.374800970881"
"HGIMB001522","1","16","52","75","0","0","9","10","0","0","0","0","HGIMB000723","8.31774439252409","HGSMP000572","27.5911992485484","HGDIF000014","156.407774549265"
"HGIMB001534","4","23","58","84","0","8","10","14","0","0","0","0","HGIMB001645","5.47359537744105","HGSMP000572","14.0283410081043","HGDIF000014","154.252596071178"
"HGIMB001546","12","25","55","123","7","9","13","31","0","0","0","0","HGSMP003874","2.88178469690202","HGSMP000560","4.56485245862238","HGDIF000014","132.198752133852"
"HGIMB001551","8","23","62","86","0","5","10","14","0","0","0","0","HGIMB000624","5.30523466081033","HGSMP000572","17.1542153863971","HGDIF000014","145.833833435046"
"HGIMB001563","1","14","51","99","0","8","14","20","0","0","0","0","HGIMB001616","3.8892961902294","HGIMO000771","11.1400782257821","HGDIF000014","147.57868427132"
"HGIMB001580","1","3","39","79","0","0","10","14","0","0","0","0","HGIMO000800","8.33828293366117","HGSMP000584","32.6108449613944","HGDIF000014","168.107474369241"
"HGIMB001592","7","23","51","137","1","9","19","33","0","0","0","0","HGIMB001662","4.21246932500256","HGIMB001481","6.18536868958271","HGDIF000014","123.94439850091"
"HGIMB001604","4","21","60","87","0","4","10","15","0","0","0","0","HGSMP001762","0.531161852956969","HGSMP000572","17.0297651339757","HGDIF000014","151.156618871006"
"HGIMB001621","8","22","53","127","1","9","13","32","0","0","0","0","HGIMB001662","4.85252314472485","HGIMB001481","9.19365057722002","HGDIF000014","130.371949476337"
"HGIMB001633","6","23","63","88","1","8","10","15","0","0","0","0","HGIMB004515","4.21104661129825","HGSMP000572","9.65469162219123","HGDIF000014","147.416791261001"
"HGIMB001645","2","22","59","85","1","9","10","14","0","0","0","0","HGIMB001534","5.47359537744105","HGSMP000572","9.81561341911003","HGDIF000014","150.608733614953"
"HGIMB001650","5","20","50","136","1","7","12","32","0","0","0","0","HGSSA017661","3.09419302589164","HGIMB001481","3.09419302589164","HGDIF000014","123.124163008459"
"HGIMB004503","4","21","52","132","0","9","22","33","0","0","0","0","HGIMB001505","7.27083554705944","HGSMP000560","14.018430040297","HGDIF000014","122.741284998102"
"HGIMB004515","4","25","63","91","1","8","10","18","0","0","0","0","HGIMB001633","4.21104661129825","HGSMP000572","9.41503714185168","HGDIF000014","144.704161954226"
"HGIMB001575","0","7","37","121","0","1","12","36","0","0","0","0","HGIMB004614","11.251718679086","HGIMB001481","17.1096693548288","HGDIF000014","113.499446053679"
"HGIMB001674","11","26","61","109","8","9","13","24","0","0","0","0","HGIMB004445","1.46812440536566","HGIST000065","4.69461876761132","HGDIF000014","138.441974107609"
"HGIMB004445","12","25","61","111","8","9","13","25","0","0","0","0","HGIMB001674","1.46812440536566","HGSMP000531","4.5930603154933","HGDIF000014","136.973849702243"
"HGIMB001616","1","14","50","101","0","7","14","24","0","0","0","0","HGIMB001563","3.8892961902294","HGSMP000526","11.1792730634474","HGDIF000014","144.586126378979"
"HGIMB001662","6","21","53","135","1","9","15","32","0","0","0","0","HGIMB001592","4.21246932500256","HGIMB001481","6.78514152183911","HGDIF000014","127.996594933422"
"HGIMB001493","9","23","57","110","7","9","13","24","0","0","0","0","HGSMP003215","1.18783773487","HGSMP000526","0","HGDIF000014","137.903388363523"
"HGIMO002521","9","23","59","103","8","8","13","24","0","0","0","0","HGSMP002923","1.48596987226686","HGIMO000771","0","HGDIF000014","139.978776053859"
"HGIMO000783","1","23","55","102","0","9","10","24","0","0","0","0","HGIMB004445","9.98842216806762","HGIST000065","10.0655269042782","HGDIF000014","134.332669199339"
"HGIMO000795","1","6","32","65","0","0","3","10","0","0","0","0","HGIMB001510","3.79325232518166","HGSMP000572","37.7314629722921","HGDIF000014","166.411081020941"
"HGIMO000800","1","1","26","67","0","0","4","13","0","0","0","0","HGIMB001580","8.33828293366116","HGIMB004561","29.7769195085946","HGDIF000014","176.433951092125"
"HGSMP001762","4","19","60","89","0","3","10","17","0","0","0","0","HGIMB001604","0.531161852956969","HGSMP000572","17.3019182034377","HGDIF000014","151.243154453239"
"HGSMP002370","9","25","59","106","8","8","13","24","0","0","0","0","HGSMP002923","0.384014974779589","HGSMP000531","0.426993375576854","HGDIF000014","138.597674513736"
"HGSMP002385","9","24","58","109","8","8","13","24","0","0","0","0","HGSMP002370","0.394950100112492","HGSMP000543","0.377199563333027","HGDIF000014","138.21751298502"
"HGSMP002923","9","24","60","107","8","8","13","24","0","0","0","0","HGSMP002370","0.384014974779589","HGSMP000531","0.595393113058407","HGDIF000014","138.981689488516"
"HGSMP003215","9","23","58","106","7","8","13","24","0","0","0","0","HGSMP002385","0.843348986195088","HGSMP000526","1.18783773487","HGDIF000014","138.487001792945"
"HGSMP003874","10","25","57","112","8","9","13","25","0","0","0","0","HGIMB001546","2.88178469690202","HGSMP000560","2.29941881463365","HGDIF000014","135.076647276678"
"HGSSA017661","4","16","44","128","1","4","12","32","0","0","0","0","HGIMB001650","3.09419302589164","HGIMB001481","0","HGDIF000014","126.21835603435"
"HGIMB001761","0","2","10","27","0","0","0","0","0","0","0","0","HGIMO000923","11.5245637846092","HGSMP000840","66.2493636179041","HGIMB002304","308.454443917918"
"HGIMB001773","1","2","9","26","0","0","0","3","0","0","0","0","HGIMO000935","8.86023529117289","HGSMP001482","48.3833394391091","HGIMB002304","330.033101868655"
"HGIMB001785","1","4","11","26","0","0","1","1","0","0","0","0","HGIMB003581","8.62508223893032","HGSMP000782","31.3323532205384","HGIMB002304","318.797760834236"
"HGIMB001756","0","1","3","10","0","0","0","0","0","0","0","0","HGIMO001145","16.3614003200809","HGSMP000782","81.0056589115777","HGIMB002304","280.896688868032"
"HGIMO002294","1","2","2","5","0","0","0","0","0","0","0","0","HGIMO000906","0","HGSMP000840","101.080856480618","HGIMB002304","351.06696758349"
"HGIMO000906","1","2","2","5","0","0","0","0","0","0","0","0","HGIMO002294","0","HGSMP000840","101.080856480618","HGIMB002304","351.06696758349"
"HGIMO000911","0","2","2","4","0","0","0","0","0","0","0","0","HGIMO002294","13.9610704639767","HGSMP000840","113.189023932378","HGIMB002304","363.17513503525"
"HGIMO000923","0","1","7","16","0","0","0","0","0","0","0","0","HGIMB001761","11.5245637846092","HGSMP000840","77.7739274025132","HGIMB002304","316.574090955446"
"HGIMO000935","1","2","11","31","0","0","1","2","0","0","0","0","HGIMB001773","8.86023529117289","HGSMP001482","39.7909801271423","HGIMB002304","333.100246523884"
"HGIMO000940","1","2","12","28","0","0","0","4","0","0","0","0","HGIMB003605","9.24298240362486","HGIMB004795","45.1992715984905","HGIMB002304","344.714874089182"
"HGIMB001954","0","0","1","4","0","0","0","0","0","0","0","0","HGIMO000375","34.2967289478084","HGSMP000782","123.543118758847","HGIMB002304","349.541883515416"
"HGIMB004660","2","3","6","7","0","0","0","0","0","0","0","0","HGIMB005256","9.18831607259202","HGIMB001686","109.417589123844","HGDIF000014","364.482252795573"
"HGIMB005256","3","3","6","8","0","0","0","0","0","0","0","0","HGIMB001942","0","HGIMB001686","100.4411351034","HGDIF000014","355.505798775129"
"HGIMB001942","3","3","6","8","0","0","0","0","0","0","0","0","HGIMB005256","0","HGIMB001686","100.4411351034","HGDIF000014","355.505798775129"
"HGIMO001051","0","0","6","7","0","0","0","0","0","0","0","0","HGIMO000824","25.2797606502245","HGIMB001686","118.609209271289","HGDIF000014","373.673872943019"
"HGIMO001063","0","0","6","10","0","0","0","0","0","0","0","0","HGIMO000375","20.1430502404809","HGSMP000782","88.0705688826891","HGIMB002304","307.91630868843"
"HGIMO001075","0","0","0","7","0","0","0","0","0","0","0","0","HGIMO000812","40.8243186067358","HGIMB001686","135.37768928203","HGIMB002304","379.954649110344"
"HGIMB002210","1","2","6","14","0","0","0","1","0","0","0","0","HGIMO001273","9.52736195803251","HGSMP001482","58.7586267402358","HGIMB002304","408.535037478505"
"HGIMB002222","0","2","7","17","0","0","0","1","0","0","0","0","HGIMO001273","11.3739532922654","HGSMP001482","51.0208820531677","HGIMB002304","400.797292791437"
"HGIMB002234","0","5","24","51","0","1","2","14","0","0","0","0","HGIMO001862","11.7355321069574","HGSMP001482","14.3528066056554","HGIMB002304","360.001800183206"
"HGIMB002246","1","6","34","56","0","0","11","13","0","0","0","0","HGIMB001382","5.99353008255099","HGSMP001482","20.6529386834315","HGIMB002304","366.132830182694"
"HGIMB002251","0","12","35","63","0","1","12","13","0","0","0","0","HGIMO000870","11.7450863773216","HGSMP001482","15.0395474232167","HGIMB002304","355.519270462011"
"HGIMB002205","1","9","27","54","0","1","2","14","0","0","0","0","HGIMO001232","2.29309339132591","HGSMP001482","15.2627348486362","HGIMB002304","358.282276786119"
"HGIMB002193","2","11","38","61","1","1","2","15","0","0","0","0","HGSSA017673","0","HGSMP001482","0.49340732312791","HGIMB002304","361.248587329518"
"HGIMO002504","1","3","18","46","0","0","1","12","0","0","0","0","HGIMO001261","0","HGSMP001482","30.0152126276652","HGIMB002304","379.791623365934"
"HGIMO001220","1","1","7","17","0","0","0","1","0","0","0","0","HGIMO001244","6.85509259113143","HGSMP001482","51.1400633398773","HGIMB002304","400.916474078146"
"HGIMO001232","1","7","26","53","0","1","2","14","0","0","0","0","HGIMB002205","2.29309339132591","HGSMP001482","13.0031606225281","HGIMB002304","359.86911170855"
"HGIMO001244","1","1","6","14","0","0","0","1","0","0","0","0","HGIMO001220","6.85509259113143","HGSMP001482","57.7459494451645","HGIMB002304","407.522360183433"
"HGIMO001256","0","4","20","52","0","1","1","13","0","0","0","0","HGIMB002246","15.3026606124762","HGSMP001482","18.7060671936431","HGIMB002304","373.387388796497"
"HGIMO001261","1","3","18","46","0","0","1","12","0","0","0","0","HGIMO002504","0","HGSMP001482","30.0152126276652","HGIMB002304","379.791623365934"
"HGIMO001273","1","2","7","15","0","0","0","1","0","0","0","0","HGIMB002210","9.52736195803251","HGSMP001482","52.3425948600208","HGIMB002304","402.11900559829"
"HGIST000246","2","9","35","61","1","1","1","15","0","0","0","0","HGIMB002193","0.563312296746516","HGSMP001482","0.797073106029704","HGIMB002304","361.783502014868"
"HGSSA017673","2","11","38","61","1","1","2","15","0","0","0","0","HGIMB002193","0","HGSMP001482","0.49340732312791","HGIMB002304","361.248587329518"
"HGIMB001872","6","27","56","102","0","11","12","25","0","0","0","0","HGIMB002770","0","HGSMP000625","12.0313725360972","HGDIF000014","71.591827270182"
"HGIMB002724","5","17","56","113","0","0","12","31","0","0","0","0","HGIMO002410","3.51740550757151","HGSMP000625","25.3799637704993","HGDIF000014","84.9404185045841"
"HGIMB002736","1","3","32","67","0","0","11","12","0","0","0","0","HGIMO001442","9.71682699897856","HGSMP000625","35.6690710884208","HGDIF000014","95.2295258225056"
"HGIMB002741","4","13","53","109","0","0","12","34","0","0","0","0","HGIMB002753","3.62920426748254","HGSMP000625","26.5981692578557","HGDIF000014","86.1586239919406"
"HGIMB002753","4","13","55","113","0","0","13","34","0","0","0","0","HGIMB002741","3.62920426748254","HGSMP000625","30.2260694962724","HGDIF000014","89.7865242303572"
"HGIMB002765","2","8","53","114","0","0","13","34","0","0","0","0","HGIMB002753","5.28204073351595","HGIMB001481","32.9390163559967","HGDIF000014","94.8571989789672"
"HGIMB002770","6","27","56","102","0","11","12","25","0","0","0","0","HGIMB001872","0","HGSMP000625","12.0313725360972","HGDIF000014","71.591827270182"
"HGIMB002782","0","5","41","120","0","0","1","35","0","0","0","0","HGIMB002765","10.3020560038681","HGIMB001481","26.7094836362379","HGDIF000014","103.581395682222"
"HGIMB002712","4","15","49","90","0","0","11","21","0","0","0","0","HGIMO001442","8.55829934389662","HGSMP000625","20.4827855516565","HGDIF000014","80.0432402857414"
"HGIMO001442","2","7","40","75","0","0","11","13","0","0","0","0","HGIMB002712","8.55829934389663","HGSMP000625","28.9419251780099","HGDIF000014","88.5023799120948"
"HGIMB003984","4","9","34","67","0","0","1","3","0","0","0","0","HGSSA018151","2.41007580810743","HGIMB000431","28.6482071815664","HGIMB002304","267.601497260258"
"HGIMB003996","2","6","22","44","0","0","0","1","0","0","0","0","HGIMB004001","1.25943822469876","HGIMB000431","54.2968899263858","HGIMB002304","293.250180005077"
"HGIMB004001","3","6","21","45","0","0","0","1","0","0","0","0","HGIMB003996","1.25943822469876","HGIMB000431","55.5563281510846","HGIMB002304","294.509618229776"
"HGIMB004013","1","1","7","24","0","0","0","0","0","0","0","0","HGIMB000484","7.97942879274324","HGIMB000431","68.5798270652635","HGIMB002304","307.533117143955"
"HGIMB004025","1","14","29","66","0","1","1","3","0","0","0","0","HGIMO002014","9.32434279558649","HGIMB000431","15.3499159964684","HGIMB002304","275.398440205708"
"HGIMB004030","2","6","24","49","0","0","0","1","0","0","0","0","HGIMB003996","7.90731891061606","HGIMB000431","46.9736580453584","HGIMB002304","285.926948124049"
"HGIMB003972","1","11","29","65","0","0","1","3","0","0","0","0","HGIMO002014","9.80915173375278","HGIMB000431","20.1553368167965","HGIMB002304","275.883249143874"
"HGIMO002422","2","4","16","47","0","0","0","1","0","0","0","0","HGIMO002002","3.49407332489682","HGIMB000431","47.0765924334953","HGIMB002304","256.819304026133"
"HGIMO002002","2","5","18","48","0","0","0","1","0","0","0","0","HGIMO002422","3.49407332489682","HGIMB000431","45.1476048858486","HGIMB002304","254.890316478487"
"HGIMO002014","5","14","42","73","0","0","1","3","0","0","0","0","HGIMB003984","7.04430059139623","HGIMB000431","21.7985167513513","HGIMB002304","266.268707571302"
"HGIMO002026","2","6","32","66","0","0","1","1","0","0","0","0","HGSSA018151","2.34389072942673","HGIMB000431","33.2072307968524","HGIMB002304","272.160520875544"
"HGIMO002031","3","12","37","71","0","0","1","3","0","0","0","0","HGIMB000583","4.64171726943639","HGIMB000431","29.6284566342093","HGIMB002304","258.244157527263"
"HGSSA018151","3","9","32","67","0","0","1","3","0","0","0","0","HGIMO002026","2.34389072942673","HGIMB000431","30.881795221452","HGIMB002304","269.835085300143"
"HGIMB001044","3","6","26","36","0","0","14","14","0","0","0","0","HGIMB001061","4.55900298020761","HGIMB004800","21.0274742287456","HGIMB002304","107.870296569345"
"HGIMB001056","2","5","26","36","0","0","14","14","0","0","0","0","HGIMB001061","4.90012085503217","HGIMB004800","21.2155241609053","HGIMB002304","108.058346501505"
"HGIMB001061","3","10","27","38","0","1","14","14","0","0","0","0","HGIMB001044","4.55900298020761","HGIMB004800","19.7393981689383","HGIMB002304","106.582220509538"
"HGIMB001032","3","9","26","36","0","1","14","14","0","0","0","0","HGIMB001044","4.92786088303044","HGIMB004800","19.826224159883","HGIMB002304","112.798157452376"
"HGIMB002992","4","14","38","57","6","10","14","14","0","0","0","0","HGIMB004754","5.29739956337156","HGSMP000975","5.66643359472796","HGIMB002304","78.8515284092117"
"HGIMB003004","2","10","30","42","0","9","14","14","0","0","0","0","HGIMO001640","5.9328950494722","HGSMP000963","11.0167877937522","HGIMB002304","90.6864339441158"
"HGIMB003016","0","3","21","84","0","0","9","31","0","0","0","0","HGIMB003021","13.7615161792841","HGSMP000975","30.5079867906837","HGIMB002304","99.0658703391671"
"HGIMB003021","0","3","28","62","0","0","14","16","0","0","0","0","HGIMB003016","13.7615161792841","HGSMP000975","21.8688433677755","HGIMB002304","95.0539381822592"
"HGIMB004754","9","14","39","55","9","9","14","14","0","0","0","0","HGIST000304","2.17837950391208","HGSMP000946","1.65352862351758","HGIMB002304","74.5137138327093"
"HGIMO001635","8","15","37","54","9","10","14","14","0","0","0","0","HGIST000304","0.787551194961183","HGSMP000910","0.787551194961183","HGIMB002304","77.0104170264781"
"HGIMO001640","4","13","33","47","4","9","14","14","0","0","0","0","HGIMB003004","5.9328950494722","HGIMS000111","7.93518381098261","HGIMB002304","86.9739539569743"
"HGIST000304","8","14","37","54","9","10","14","14","0","0","0","0","HGIMO001635","0.787551194961183","HGSMP000910","0","HGIMB002304","76.6920933366214"
"HGSMP003833","8","13","35","50","9","9","14","14","0","0","0","0","HGSMP003483","2.46628931823466","HGSMP000963","1.03273716595386","HGIMB002304","81.084550802936"
"HGSMP002550","8","12","34","50","9","9","14","14","0","0","0","0","HGSMP003145","0.620733755478073","HGSMP000951","1.03437189922328","HGIMB002304","80.9466259970404"
"HGSMP003145","8","12","35","52","9","9","14","14","0","0","0","0","HGSMP002550","0.620733755478073","HGSMP000951","0.413638143745206","HGIMB002304","80.3258922415624"
"HGSMP003483","10","13","35","53","9","9","14","14","0","0","0","0","HGSMP003145","2.07317410966636","HGSMP000922","0.387961357241948","HGIMB002304","78.8522666091437"
"HGSSA004875","9","12","34","49","9","9","14","14","0","0","0","0","HGSMP003833","2.73316733604805","HGSMP000963","3.44458033283455","HGIMB002304","83.5892821431662"
"HGIMB002526","1","6","67","195","0","1","21","43","0","0","1","2","HGIMB002514","9.68129749189881","HGSMP003920","10.7988546519234","HGDIF000014","38.3559399568973"
"HGIMB002531","0","1","26","154","0","0","11","37","0","0","0","1","HGIMB002526","14.2401527101347","HGSMP003920","25.0390073620581","HGDIF000014","52.596092667032"
"HGIMB002543","1","8","68","206","0","0","17","48","0","0","0","2","HGIMB000204","8.92479644780945","HGSMP000596","20.2538491033593","HGDIF000014","44.3453579144954"
"HGIMB002560","5","12","135","194","1","2","36","40","0","0","2","2","HGSMP002532","8.25808838255572","HGSMP003920","9.01496272818691","HGDIF000014","29.9615947809598"
"HGIMB002555","4","68","132","187","1","16","25","40","0","1","2","2","HGIMB004976","5.71138817676776","HGSMP002103","6.93418601963787","HGDIF000014","19.9430234294877"
"HGIMB002514","4","8","125","189","1","1","34","40","0","0","2","2","HGSMP002532","0.360682814393371","HGSMP003920","1.11755716002456","HGDIF000014","28.6804890994996"
"HGSMP002532","3","8","128","188","1","1","34","40","0","0","2","2","HGIMB002514","0.360682814393371","HGSMP003920","0.756874345631187","HGDIF000014","28.3198062851063"
"HGSMP002795","3","8","129","188","1","1","32","41","0","0","2","2","HGSMP002532","0.756874345631187","HGSMP003920","0","HGDIF000014","27.675205402845"
"HGIMB002135","1","7","15","31","0","2","5","5","0","0","0","0","HGIMO001191","8.95822125070439","HGSMP000444","10.9006048711136","HGDIF000014","199.080114789422"
"HGIMB002152","1","8","19","43","0","2","5","6","0","0","0","0","HGIMB002123","7.99496607593382","HGSMP000444","10.4851561239009","HGDIF000014","199.261494250349"
"HGIMB002164","0","1","14","39","0","0","2","7","0","0","0","0","HGIMO001203","11.6808398205952","HGSMP003734","20.1690896605822","HGDIF000014","181.077293229735"
"HGIMB002140","4","8","19","37","2","2","2","6","0","0","0","0","HGSMP004096","7.48133963646873","HGSMP003734","0","HGDIF000014","181.211974921523"
"HGIMB002123","4","8","21","41","1","2","5","6","0","0","0","0","HGSMP004096","2.57321361642313","HGSMP000444","2.49019004796704","HGDIF000014","191.266528174415"
"HGIMO001191","1","7","12","27","0","1","2","5","0","0","0","0","HGIMB002135","8.95822125070439","HGSMP000444","16.887400020359","HGDIF000014","199.024239223097"
"HGIMO001203","1","8","16","37","1","2","2","6","0","0","0","0","HGIMB002140","8.59992680713147","HGSMP003734","8.59992680713147","HGDIF000014","182.81569432667"
"HGIST000234","4","9","21","37","2","2","5","6","0","0","0","0","HGSMP001383","0","HGSMP000444","0.426841320460945","HGDIF000014","188.789432673916"
"HGSMP001383","4","9","21","37","2","2","5","6","0","0","0","0","HGIST000234","0","HGSMP000444","0.426841320460945","HGDIF000014","188.789432673916"
"HGSMP004096","4","9","20","40","2","2","5","6","0","0","0","0","HGIST000234","0.561323996788126","HGSMP000444","0.396935745814967","HGDIF000014","188.693314557992"
"HGIMB000542","4","16","66","122","2","5","23","45","0","0","0","0","HGIMB000554","3.87573139799368","HGSMP000222","6.75420164616828","HGDIF000014","116.138130776341"
"HGIMB000530","8","24","82","131","2","9","30","46","0","0","0","0","HGIMB000426","4.58804294499712","HGSMP000234","6.61042003049734","HGDIF000014","119.276780643505"
"HGIMB000554","4","15","68","122","2","3","27","45","0","0","0","0","HGIMB000542","3.87573139799368","HGSMP000222","4.27995295259689","HGDIF000014","119.386717019715"
"HGIMB000525","7","16","77","128","2","5","27","46","0","0","0","0","HGIMS000036","1.15353301958393","HGSMP000234","1.4378027609238","HGDIF000014","116.40855080205"
"HGIMO000276","4","19","71","121","2","3","27","41","0","0","0","0","HGSMP002325","8.01160506128914","HGSMP000234","8.01160506128914","HGDIF000014","125.253114391611"
"HGIMS000036","7","16","74","128","2","3","27","46","0","0","0","0","HGIMB000525","1.15353301958393","HGSMP000234","1.23460074861244","HGDIF000014","117.430813425706"
"HGSMP002163","0","0","7","52","0","0","4","18","0","0","0","0","HGIMB003161","28.7423122885495","HGIMS000123","37.1578870970099","HGDIF000014","166.043757284784"
"HGSMP002325","7","16","74","125","2","3","27","46","0","0","0","0","HGIMS000036","1.23460074861244","HGSMP000234","0","HGDIF000014","117.241509330322"
"HGCRO000020","63","106","131","167","16","22","27","34","1","2","2","2","HGSMP002070","0.465322805651102","HGIMB004573","0.465322805651102","HGIMB002304","1.88009238084505"
"HGIMB002415","9","75","127","170","0","18","25","39","0","1","2","2","HGIMB002362","7.40236954839403","HGSMP000106","10.4341134957164","HGIMB002304","13.382465903828"
"HGIMB004264","14","57","134","162","2","11","29","31","0","1","2","2","HGSMP003536","4.44617880155605","HGCRO000032","7.84560893145325","HGDIF000014","11.8905320139446"
"HGIMB005022","72","107","136","173","18","23","27","41","1","2","2","2","HGIMB005186","0","HGSMP000012","1.30335965268262","HGIMB002304","4.96642446097591"
"HGIMB005186","72","107","136","173","18","23","27","41","1","2","2","2","HGIMB005022","0","HGSMP000012","1.30335965268262","HGIMB002304","4.96642446097591"
"HGIMB002333","65","105","134","173","18","23","27","41","1","2","2","2","HGSMP002430","0.416431692710184","HGSMP000012","2.14388268822164","HGIMB002304","5.51003269888971"
"HGIMB002345","71","107","140","174","18","23","27","41","2","2","2","2","HGSMP003005","0.662768222688081","HGSMP000041","1.17113815203908","HGIMB002304","6.46581703315308"
"HGIMB004474","46","99","129","166","12","21","26","29","1","2","2","2","HGIMB002321","0.908325152197501","HGSMP000070","1.60685763602608","HGIMB002304","2.80505988701963"
"HGIMB002321","48","100","130","166","14","22","26","30","1","2","2","2","HGIMB004474","0.908325152197501","HGSMP000070","2.15980463399375","HGIMB002304","2.61151427388636"
"HGIMB002350","42","95","129","159","13","21","26","29","1","2","2","2","HGIMB002362","1.8269498501766","HGSMP000106","4.55696561158627","HGIMB002304","6.79544833558341"
"HGIMB002374","69","108","133","164","18","23","27","36","1","2","2","2","HGSMP002523","1.36264491841736","HGSMP002025","1.36264491841736","HGIMB002304","2.30263487524691"
"HGIMB002386","59","105","132","161","14","22","27","30","1","2","2","2","HGIMB002374","1.85698264907634","HGSMP002025","2.47449453958796","HGIMB002304","3.40277315346787"
"HGIMB002391","53","103","131","166","14","22","26","30","1","2","2","2","HGSMP003985","0","HGSMP000094","1.08374208015065","HGIMB002304","1.08374208015065"
"HGIMB002420","2","59","133","173","0","13","26","40","0","1","2","2","HGIMB004672","7.17604056992193","HGSMP002103","12.8740248376551","HGDIF000014","14.6013470803062"
"HGIMB004672","5","71","132","165","1","15","26","41","0","1","2","2","HGIMB002420","7.17604056992193","HGCRO000032","9.52848153883826","HGDIF000014","11.2618220829378"
"HGIMB002316","67","106","135","175","16","23","27","41","1","2","2","2","HGSMP002754","0.734192055171275","HGSMP003722","0.904621434311648","HGIMB002304","8.5978496781513"
"HGIMB002362","45","100","130","159","14","22","26","30","1","2","2","2","HGSMP002952","1.41686462348385","HGSMP000106","3.17949472294702","HGIMB002304","6.12784713105865"
"HGIMB004783","46","105","136","183","10","23","26","41","0","2","2","2","HGIMB005191","2.91821632264345","HGSMP003722","3.84744197740239","HGDIF000014","12.0644300935398"
"HGIMB002292","56","105","140","180","15","23","27","42","1","2","2","2","HGIMB005191","0.35413029320039","HGSMP001721","2.35723240747535","HGDIF000014","9.24129397775043"
"HGIMB002403","67","106","133","167","17","23","27","37","1","2","2","2","HGSMP002070","0.413279542607531","HGSMP000036","0","HGIMB002304","2.0324680317649"
"HGIMO001290","22","88","137","162","5","19","28","30","1","1","2","2","HGSMP004084","1.38199175650504","HGCRO000032","2.68518573302517","HGDIF000014","6.73010881551647"
"HGIMS000094","81","110","140","173","20","23","27","42","2","2","2","2","HGSMP002745","0.337514653957472","HGSMP003845","2.71897603303561","HGDIF000014","5.06622390915562"
"HGIST000386","39","107","137","160","7","23","27","30","1","2","2","2","HGSMP002490","0.397291560916247","HGCRO000032","2.2478381499822","HGDIF000014","2.96531990682504"
"HGIST000251","69","109","139","173","16","23","27","42","1","2","2","2","HGSMP002052","0.517054978106786","HGSMP003845","1.19135649158159","HGDIF000014","2.9371321613646"
"HGIST000263","59","110","142","173","16","23","27","42","1","2","2","2","HGSMP003500","0.422581790325404","HGSMP003343","1.32910348201101","HGDIF000014","5.83913333682281"
"HGSMP002052","66","109","139","173","15","23","26","42","1","2","2","2","HGIST000251","0.517054978106786","HGSMP003845","0.933922642608208","HGDIF000014","3.12276524139883"
"HGSMP002070","63","107","131","167","16","22","27","34","1","2","2","2","HGIMB002403","0.413279542607531","HGIMB004573","0","HGIMB002304","1.6266370944604"
"HGSMP002812","55","109","140","174","12","23","26","42","1","2","2","2","HGSMP004055","0.860866941800918","HGSMP001721","3.62531404441873","HGDIF000014","4.62952381900932"
"HGSMP002403","59","104","132","164","15","23","26","37","1","2","2","2","HGSMP002964","0","HGSMP000106","1.47218865442521","HGIMB002304","4.49171507981369"
"HGSMP002412","59","104","132","163","14","22","26","36","1","2","2","2","HGSMP003676","0","HGSMP000106","1.34609506485887","HGIMB002304","4.2944474729705"
"HGSMP002430","69","106","136","173","18","23","27","41","1","2","2","2","HGIMB002333","0.416431692710184","HGSMP000012","1.72745099551146","HGIMB002304","5.15111916138381"
"HGSMP002445","70","106","138","176","17","23","27","41","1","2","2","2","HGSMP002754","0.512864718299745","HGSMP003722","0.88447996599667","HGIMB002304","7.58287235864624"
"HGSMP002454","68","105","141","173","16","23","27","41","2","2","2","2","HGSMP003396","1.55458829753748","HGSMP004125","0.397186976751269","HGIMB002304","8.81449471179642"
"HGSMP002463","73","107","135","169","18","23","27","41","1","2","2","2","HGSMP003022","0.731323386082133","HGSMP000012","0.81597948654892","HGIMB002304","3.61541447831199"
"HGSMP002472","49","102","131","166","14","22","26","30","1","2","2","2","HGIMB002391","0.558823573888982","HGSMP000094","1.25180057567563","HGIMB002304","1.25180057567563"
"HGSMP002481","67","110","143","173","19","23","27","42","2","2","2","2","HGSMP003326","0.970151310128227","HGSMP002853","0.512961918613095","HGDIF000014","6.86971323355885"
"HGSMP002490","39","107","137","163","9","23","27","31","1","2","2","2","HGIST000386","0.397291560916247","HGIMS000275","1.93649491461646","HGDIF000014","2.56802834590879"
"HGSMP002505","64","109","139","172","14","23","26","42","1","2","2","2","HGIST000251","1.11607569669643","HGSMP003845","1.80848783647218","HGDIF000014","2.53917983415043"
"HGSMP002523","58","106","131","165","15","22","27","30","1","2","2","2","HGSMP003046","0.822873396598174","HGSMP002025","0","HGIMB002304","0.939989956829558"
"HGSMP002745","81","110","140","172","20","23","27","42","2","2","2","2","HGIMS000094","0.337514653957472","HGSMP003845","2.38146137907814","HGDIF000014","5.15424704400136"
"HGSMP002754","68","106","136","175","16","23","27","41","1","2","2","2","HGSMP002445","0.512864718299745","HGSMP003722","0.371615247696924","HGIMB002304","8.09573707694599"
"HGSMP002763","29","104","138","162","5","22","27","30","1","2","2","2","HGSMP003640","1.0990812470843","HGCRO000032","0.998744198956474","HGDIF000014","4.7812519836549"
"HGSMP002952","55","103","131","163","14","22","26","34","1","2","2","2","HGSMP004142","0","HGSMP000106","1.76263009946317","HGIMB002304","4.7109825075748"
"HGSMP002964","59","104","132","164","15","23","26","37","1","2","2","2","HGSMP002403","0","HGSMP000106","1.47218865442521","HGIMB002304","4.49171507981369"
"HGSMP002976","63","105","132","166","17","23","27","38","1","2","2","2","HGSMP002981","0.929025573146839","HGSMP000106","0.382913658878414","HGIMB002304","3.58625335790142"
"HGSMP002981","70","106","133","169","18","23","27","40","1","2","2","2","HGSMP002463","0.921183924640454","HGSMP000053","0.481465640225429","HGIMB002304","3.60021757721425"
"HGSMP002993","74","109","139","173","18","23","27","41","1","2","2","2","HGSMP004166","0","HGSMP000012","0.384632517747324","HGIMB002304","4.80426229196266"
"HGSMP003005","73","108","140","173","21","23","27","42","2","2","2","2","HGSMP003524","0.370573966743334","HGSMP000041","0.542662322028639","HGIMB002304","6.14636776477551"
"HGSMP003010","74","109","140","173","19","23","27","41","2","2","2","2","HGSMP002993","0.826613557568912","HGSMP000041","0.754587905360258","HGIMB002304","4.93452930597533"
"HGSMP003022","74","108","137","169","18","23","27","40","1","2","2","2","HGSMP002463","0.731323386082133","HGSMP000012","1.05066719993852","HGIMB002304","3.41199647522928"
"HGSMP003034","63","108","142","176","18","23","27","42","1","2","2","2","HGIMB005150","0.542592752974996","HGSMP003343","1.04763025182709","HGDIF000014","7.87972256012524"
"HGSMP003046","55","103","131","166","14","22","26","30","1","2","2","2","HGSMP002523","0.822873396598174","HGSMP000094","0.381811737780032","HGIMB002304","0.381811737780032"
"HGSMP003051","80","110","140","172","20","23","27","42","2","2","2","2","HGSMP004043","0.823570708405243","HGSMP002853","2.05913928516348","HGDIF000014","5.2217768707653"
"HGSMP003080","41","107","139","162","8","23","27","36","1","2","2","2","HGSMP002490","0.641742355104151","HGIMS000275","1.29475255951231","HGDIF000014","1.92628599080464"
"HGSMP003174","80","108","138","167","20","23","27","42","2","2","2","2","HGSMP002745","2.11121497816578","HGSMP003845","2.74040338000427","HGDIF000014","5.79508581462627"
"HGSMP003302","33","105","140","161","5","22","27","30","1","2","2","2","HGSMP003664","0.481713195375683","HGCRO000032","0.338230116396429","HGDIF000014","3.70669296609488"
"HGSMP003314","70","110","140","173","17","23","27","42","1","2","2","2","HGSMP004055","1.55046033685716","HGSMP003343","2.80348503653342","HGDIF000014","4.06749968858142"
"HGSMP003326","57","111","143","176","16","23","27","42","1","2","2","2","HGSMP002481","0.970151310128227","HGSMP003343","0","HGDIF000014","6.83209230829815"
"HGSMP003396","66","109","142","173","19","23","27","42","2","2","2","2","HGSMP003034","0.957862109691494","HGSMP002853","1.75251932034976","HGDIF000014","8.11831699210914"
"HGSMP003401","25","95","137","162","5","22","28","30","1","2","2","2","HGSMP004084","1.82940169358885","HGCRO000032","2.06645358372443","HGDIF000014","5.89299859979928"
"HGSMP003425","21","95","137","161","5","21","28","30","1","1","2","2","HGSMP003640","2.12103448150869","HGCRO000032","3.22406539021093","HGDIF000014","7.00700542448959"
"HGSMP003454","72","110","140","174","19","23","27","42","2","2","2","2","HGSMP003524","1.7340785233456","HGSMP004125","1.8109351714351","HGIMB002304","7.63000375725903"
"HGSMP003500","63","110","143","173","17","23","27","42","1","2","2","2","HGIST000263","0.422581790325404","HGSMP003343","1.16775840553612","HGDIF000014","5.66433390276203"
"HGSMP003524","73","109","140","173","21","23","27","42","2","2","2","2","HGSMP003005","0.370573966743334","HGSMP000041","0.409055688607241","HGIMB002304","6.09817289994283"
"HGSMP003640","26","104","137","162","5","22","27","30","1","2","2","2","HGSMP002763","1.0990812470843","HGCRO000032","2.09782544604078","HGDIF000014","5.45178113238974"
"HGSMP003664","33","105","140","161","5","22","27","30","1","2","2","2","HGSMP003302","0.481713195375683","HGCRO000032","0.819943311772112","HGDIF000014","3.85328531373618"
"HGSMP003676","59","104","132","163","14","22","26","36","1","2","2","2","HGSMP002412","0","HGSMP000106","1.34609506485887","HGIMB002304","4.2944474729705"
"HGSMP003751","77","109","139","171","21","23","27","42","2","2","2","2","HGSMP004026","1.07996957305012","HGSMP000065","1.38014825562332","HGIMB002304","6.31945892859749"
"HGSMP003775","52","106","140","177","15","23","27","42","1","2","2","2","HGIMB002292","0.367027601879011","HGSMP001721","1.99020480559634","HGDIF000014","8.87426637587141"
"HGSMP003985","53","103","131","166","14","22","26","30","1","2","2","2","HGIMB002391","0","HGSMP000094","1.08374208015065","HGIMB002304","1.08374208015065"
"HGSMP004026","78","109","138","169","20","23","27","42","2","2","2","2","HGSMP003751","1.07996957305012","HGSMP000065","1.45143637380822","HGIMB002304","7.27832326405003"
"HGSMP004043","80","110","140","172","20","23","27","42","2","2","2","2","HGIMS000094","0.689847921787343","HGSMP002853","2.77640408168873","HGDIF000014","5.50752188280396"
"HGSMP004055","57","110","139","174","13","23","26","42","1","2","2","2","HGSMP002812","0.860866941800918","HGSMP003343","3.62608575466829","HGDIF000014","5.01428370707047"
"HGSMP004060","35","104","138","177","8","23","26","42","0","2","2","2","HGSSA004793","1.67777626617927","HGSMP001721","4.51961282746004","HGDIF000014","10.2208536439808"
"HGSMP004084","24","98","138","162","5","22","28","30","1","2","2","2","HGIMO001290","1.38199175650504","HGCRO000032","1.30319397652013","HGDIF000014","5.34811705901144"
"HGSMP004142","55","103","131","163","14","22","26","34","1","2","2","2","HGSMP002952","0","HGSMP000106","1.76263009946317","HGIMB002304","4.7109825075748"
"HGSMP004166","74","109","139","173","18","23","27","41","1","2","2","2","HGSMP002993","0","HGSMP000012","0.384632517747324","HGIMB002304","4.80426229196266"
"HGIMB005191","59","106","140","180","16","23","27","42","1","2","2","2","HGIMB002292","0.35413029320039","HGSMP004125","2.18479723275244","HGDIF000014","9.14621377089634"
"HGIMB005360","59","106","131","167","15","22","27","30","1","2","2","2","HGIMB005080","0","HGIMB004573","0.587000397437984","HGIMB002304","1.5345645515671"
"HGIMB005080","59","106","131","167","15","22","27","30","1","2","2","2","HGIMB005360","0","HGIMB004573","0.587000397437984","HGIMB002304","1.5345645515671"
"HGIMB005150","58","109","142","176","17","23","27","42","1","2","2","2","HGSMP003034","0.542592752974996","HGSMP003343","1.19004722582788","HGDIF000014","8.02213953412604"
"HGIMB005355","44","106","140","178","12","23","26","42","1","2","2","2","HGSSA017883","0.345321288965803","HGSMP001721","2.62099556599714","HGDIF000014","9.00876793341767"
"HGSSA004793","30","99","138","182","6","23","26","41","0","2","2","2","HGSMP004060","1.67777626617927","HGSMP001721","6.15970756732295","HGDIF000014","11.8720950502872"
"HGSSA017883","45","106","140","179","11","23","26","42","1","2","2","2","HGIMB005355","0.345321288965803","HGSMP001721","2.27567427703134","HGDIF000014","9.15973584730642"
"HGIMB004421","2","7","66","149","0","0","24","47","0","0","0","0","HGIMB004626","3.72454255678857","HGSMP000695","20.0962788343029","HGDIF000014","64.9645537068851"
"HGIMB004626","1","6","62","144","0","0","23","45","0","0","0","0","HGIMB004421","3.72454255678857","HGSMP000695","20.1214261462887","HGDIF000014","64.6003266460466"
"HGIMB004701","2","6","54","153","0","0","13","54","0","0","0","0","HGSMP002172","3.77302590506917","HGSMP000374","20.5102139566974","HGDIF000014","82.0039364649876"
"HGIMO000136","1","5","64","161","0","0","20","57","0","0","0","0","HGIMB004421","8.69275954777481","HGSMP000695","28.5993790845056","HGDIF000014","72.0202256916623"
"HGSMP002172","2","7","60","150","0","6","22","51","0","0","0","0","HGIMB004701","3.77302590506917","HGSMP000374","18.3922124504701","HGDIF000014","85.7764553346516"
"HGIMB000332","0","1","7","23","0","0","3","5","0","0","0","0","HGIMO000165","14.8612710493429","HGSMP001511","39.1184342137414","HGIMB002304","137.361174731012"
"HGIMB005010","0","8","31","38","0","5","14","14","0","0","0","0","HGSMP002283","10.6136209460988","HGSMP001511","10.0576386663446","HGIMB002304","108.300379183615"
"HGIMO000165","0","1","10","28","0","0","5","10","0","0","0","0","HGIMB000332","14.8612710493429","HGSMP001511","33.9160132018428","HGIMB002304","132.158753719113"
"HGIMB000781","3","11","52","77","0","1","20","24","0","0","0","0","HGIMO000346","7.17384754653116","HGSMP001144","13.1622976948762","HGIMB002304","107.073897529896"
"HGIMB000793","2","13","60","77","0","1","20","24","0","0","0","0","HGIMB000076","6.07796134020208","HGSMP001144","15.3195286535165","HGIMB002304","110.417782920623"
"HGIMB000805","0","2","24","68","0","0","5","22","0","0","0","0","HGIMB000793","13.1102857392511","HGSMP001144","28.4298143927677","HGIMB002304","123.528068659874"
"HGIMB000822","0","3","25","81","0","0","2","33","0","0","0","0","HGIMB002835","12.703672172069","HGSMP001144","30.7011486705475","HGIMB002304","92.7710168553761"
"HGIMB000846","0","2","20","69","0","0","3","28","0","0","0","0","HGIMB000822","15.7082796437043","HGSMP001144","29.1418338443827","HGIMB002304","106.301872129973"
"HGIMB000810","7","19","58","83","1","3","22","24","0","0","0","0","HGIMB000776","2.6512983455615","HGSMP001144","4.44879433188516","HGIMB002304","99.5470485989918"
"HGIMB000834","7","30","56","82","1","8","22","24","0","0","0","0","HGIMS000041","2.87141504103824","HGSMP001144","4.00868602197028","HGIMB002304","95.8728921437017"
"HGIMB004223","14","37","55","89","3","17","21","25","0","0","0","0","HGSMP003746","6.29524858570334","HGSMP001074","4.86746818852702","HGIMB002304","93.5733861995858"
"HGIMB000776","7","33","58","84","1","8","22","24","0","0","0","0","HGSMP002181","1.03348420554539","HGSMP001144","2.0132130194296","HGIMB002304","97.1586100496333"
"HGIMO000334","3","13","55","77","0","1","21","24","0","0","0","0","HGIMB000781","7.85515646362425","HGSMP001144","11.8263633858037","HGIMB002304","106.4547027655"
"HGIMO000346","1","11","42","73","0","1","15","23","0","0","0","0","HGIMB000781","7.17384754653117","HGSMP001144","18.8612543877291","HGIMB002304","112.772854222749"
"HGIMO000351","1","12","47","80","0","2","19","24","0","0","0","0","HGIMB000781","7.32595445733554","HGSMP001144","11.7547839406847","HGIMB002304","105.666383775705"
"HGIMS000041","7","33","58","84","1","9","22","24","0","0","0","0","HGSMP001161","0.925232680534288","HGSMP001144","1.63580255403689","HGIMB002304","96.143881539002"
"HGSMP001161","7","32","58","83","1","8","22","24","0","0","0","0","HGSMP001173","0","HGSMP001144","1.62167775880742","HGIMB002304","96.4267046350131"
"HGSMP001173","7","32","58","83","1","8","22","24","0","0","0","0","HGSMP001161","0","HGSMP001144","1.62167775880742","HGIMB002304","96.4267046350131"
"HGSMP002181","7","33","58","84","1","9","22","24","0","0","0","0","HGSMP001161","0.709111797173904","HGSMP001144","1.01014256161086","HGIMB002304","96.1251258440879"
"HGIMB001155","2","6","29","171","1","2","4","41","0","0","0","2","HGSMP002205","0.434880965426012","HGSMP002870","2.92956462123546","HGIMB002304","45.4045113533505"
"HGIMO000486","0","7","44","94","0","2","20","28","0","0","0","1","HGIMB000023","10.7999529063583","HGSMP002870","16.1320279839883","HGIMB002304","59.1416387968513"
"HGIMO000491","2","4","30","136","1","1","4","35","0","0","0","1","HGIMB001155","7.36071901979483","HGSMP002870","7.29048128266139","HGIMB002304","52.0011781978036"
"HGSMP002205","2","6","29","172","1","2","4","43","0","0","0","2","HGIMB001155","0.434880965426012","HGSMP002870","3.11766219603101","HGIMB002304","44.9696303879245"
"HGIMB001254","1","6","24","67","0","1","2","14","0","0","0","0","HGIMO000561","9.24931643002598","HGSMP000840","16.3509882833305","HGIMB002304","309.791155431863"
"HGIMB004730","3","9","27","63","0","0","3","4","0","0","0","0","HGIMB005285","7.17044400592914","HGSMP000840","24.310427922752","HGIMB002304","301.208183027813"
"HGIMB005285","3","11","33","76","0","1","3","15","0","0","0","0","HGIMB001242","0","HGSMP000840","17.1399839168229","HGIMB002304","298.407356524537"
"HGIMB001242","3","11","33","76","0","1","3","15","0","0","0","0","HGIMB005285","0","HGSMP000840","17.1399839168229","HGIMB002304","298.407356524537"
"HGIMO000556","1","6","30","73","1","1","2","15","0","0","0","0","HGIMB001370","9.61360821299368","HGSMP000840","9.41280299310825","HGIMB002304","314.251205084658"
"HGIMO000561","4","11","32","78","0","1","3","15","0","0","0","0","HGIMB005285","2.13448247730049","HGSMP000840","15.0055014395224","HGIMB002304","300.541839001838"
"HGIMB001901","0","6","111","162","0","0","25","38","0","0","2","2","HGIMB001896","10.5532177826621","HGSMP002103","23.8974574383274","HGIMB002304","34.8030330619839"
"HGIMB001913","1","5","101","155","0","1","24","28","0","0","2","2","HGIMB001896","5.4298841162789","HGSMP003891","14.7528234537768","HGIMB002304","34.8355488639005"
"HGIMB001925","1","64","127","171","0","13","25","39","0","0","2","2","HGIMB002415","9.29556186291148","HGSMP003722","12.8848248344235","HGIMB002304","21.3228684108606"
"HGIMB001930","0","2","50","162","0","0","9","37","0","0","0","2","HGIMB001901","14.3307060003132","HGSMP003722","35.6522499024371","HGIMB002304","44.0902934788741"
"HGIMB004976","4","51","139","192","1","8","36","39","0","0","2","2","HGIMO000211","4.95010311228115","HGSMP002103","6.62644037147306","HGDIF000014","20.8657766698059"
"HGIMB001896","1","5","119","152","0","0","25","27","0","0","2","2","HGIMB001913","5.4298841162789","HGSMP003891","20.1827075700557","HGIMB002304","33.7137549387318"
"HGIMB002823","1","3","21","144","0","0","3","43","0","0","0","1","HGIMO001495","7.53754820974611","HGIMB005005","32.7395947364518","HGIMB002304","52.1498125535218"
"HGIMB002835","0","3","47","89","0","0","13","34","0","0","0","0","HGIMB000822","12.703672172069","HGSMP001156","27.1120834459965","HGIMB002304","80.0673446833071"
"HGIMB002811","1","4","28","109","0","0","9","36","0","0","0","0","HGIMO001495","7.13283873745154","HGSMP000946","35.3193501808502","HGIMB002304","63.0901007591099"
"HGIMO001471","0","0","10","42","0","0","0","13","0","0","0","0","HGIMB002811","20.2172332120802","HGSMP000946","47.400533793731","HGIMB002304","82.4116183230442"
"HGIMO001483","0","2","22","103","0","0","5","37","0","0","0","1","HGIMB002823","12.6048329689621","HGIMB005005","28.8862414273545","HGIMB002304","57.895017212952"
"HGIMO001495","2","3","25","128","0","0","3","41","0","0","0","1","HGIMB002811","7.13283873745154","HGIMB005005","31.4150854308992","HGIMB002304","55.9572620216583"
"HGIMB002852","4","7","44","83","1","1","9","15","0","0","0","0","HGIMB002840","4.04585871903289","HGSMP000584","3.303337441294","HGDIF000014","164.715868406275"
"HGIMB002864","1","7","31","78","0","0","9","15","0","0","0","0","HGIMO001512","9.38044122320222","HGSMP004101","20.5291781899709","HGDIF000014","163.96587808922"
"HGIMB004310","5","6","40","86","1","1","10","15","0","0","0","0","HGIMO001500","1.67836330518974","HGSMP000584","5.86211085153765","HGDIF000014","171.375154657851"
"HGIMB002840","4","8","44","82","1","1","9","15","0","0","0","0","HGIST000275","2.8075811522855","HGSMP000584","1.25867413545425","HGDIF000014","166.991408586506"
"HGIMO001500","4","8","40","85","1","1","10","15","0","0","0","0","HGIMB004310","1.67836330518974","HGSMP000584","4.18374754634791","HGDIF000014","169.696791352661"
"HGIMO001512","2","11","29","83","0","1","5","15","0","0","0","0","HGIMB002864","9.38044122320222","HGSMP000584","12.2570286584036","HGDIF000014","171.438685690583"
"HGIMO001524","0","2","12","55","0","0","1","11","0","0","0","0","HGIMO001512","14.0458413694527","HGSMP000584","26.0614523033047","HGDIF000014","185.484527060036"
"HGIMO001536","0","6","41","81","0","1","10","15","0","0","0","0","HGIMB002864","10.0631181070354","HGSMP004101","19.426568335239","HGDIF000014","157.602644309707"
"HGIST000275","4","7","42","81","1","1","9","15","0","0","0","0","HGIMB002840","2.8075811522855","HGSMP000584","2.03412039167442","HGDIF000014","167.547164197987"
"HGIMB002963","2","10","20","34","0","1","1","3","0","0","0","0","HGIMO001570","6.41160010712227","HGIMB002572","11.1407332400553","HGIMB002304","137.933915282201"
"HGIMB002975","0","0","10","19","0","0","1","2","0","0","0","0","HGIMO001611","20.9331740441013","HGIMB002572","39.2172522292665","HGIMB002304","148.525538070865"
"HGIMB002980","4","13","23","37","1","1","2","3","0","0","0","0","HGIMB005075","6.32636975445788","HGIMB002572","6.32636975445788","HGIMB002304","142.414131103576"
"HGIMB005343","4","9","18","38","0","1","2","5","0","0","0","0","HGIMB002951","0","HGIMB002572","17.8274812430725","HGIMB002304","127.700642052171"
"HGIMB002951","4","9","18","38","0","1","2","5","0","0","0","0","HGIMB005343","0","HGIMB002572","17.8274812430725","HGIMB002304","127.700642052171"
"HGIMO001570","5","12","20","33","0","1","2","3","0","0","0","0","HGIMB005343","4.58516282414081","HGIMB002572","13.4701836549388","HGIMB002304","131.750180411086"
"HGIMO001582","4","9","17","31","0","1","1","3","0","0","0","0","HGIMO001570","8.29384240555479","HGIMB002572","18.5231297542542","HGIMB002304","135.4942378357"
"HGIMO001594","0","1","7","27","0","0","1","2","0","0","0","0","HGIMO001606","16.1729245981232","HGIMB004841","36.1522629982787","HGIMB002304","176.134610184624"
"HGIMO001606","0","2","17","29","0","0","1","2","0","0","0","0","HGIMO001594","16.1729245981232","HGIMB002572","23.873924237383","HGIMB002304","159.961685586501"
"HGIMO001611","1","6","16","27","0","0","1","2","0","0","0","0","HGIST000292","9.50992636607404","HGIMB002572","27.9144999298643","HGIMB002304","133.509999361102"
"HGIMO001623","0","6","16","32","0","0","2","4","0","0","0","0","HGIST000292","10.5779443707241","HGIMB002572","28.3701599204419","HGIMB002304","128.274570252923"
"HGIST000292","5","9","18","39","0","1","2","6","0","0","0","0","HGIMB005343","0.577092320717763","HGIMB002572","18.4045735637902","HGIMB002304","127.2002832803"
"HGIMB003045","0","2","12","27","0","0","1","1","0","0","0","0","HGIMB003115","13.6378531435129","HGSMP000782","21.2584775677164","HGIMB002304","308.723885181414"
"HGIMB003050","0","4","15","36","0","0","1","1","0","0","0","0","HGIMO002323","12.6995451212384","HGSMP000782","34.9234434622996","HGIMB002304","301.026332361476"
"HGIMB003062","0","1","8","21","0","0","0","1","0","0","0","0","HGIMB001785","15.7058223771409","HGSMP000782","47.0381755976792","HGIMB002304","334.503583211377"
"HGIMB003074","1","4","12","28","0","1","1","1","0","0","0","0","HGIMB002065","8.19647672961535","HGSMP000782","19.7171099655175","HGIMB002304","300.291792509526"
"HGIMB003086","3","9","22","48","0","1","1","1","0","0","0","0","HGIMO001693","6.0212613901381","HGSMP000782","12.732105722944","HGIMB002304","278.83499462212"
"HGIMB003091","1","2","11","29","0","0","0","1","0","0","0","0","HGIMB003144","3.23716757077345","HGSMP000782","48.6335777231386","HGIMB002304","320.639623069733"
"HGIMB003103","1","4","20","38","0","0","1","1","0","0","0","0","HGIMB004923","7.58783807266828","HGSMP000782","36.5156927935886","HGIMB002304","302.618581692765"
"HGIMB003115","2","7","18","33","0","1","1","1","0","0","0","0","HGIMB005290","9.63650118198067","HGSMP000782","10.0010821407359","HGIMB002304","297.466489754434"
"HGIMB003120","0","4","27","40","0","0","1","1","0","0","0","0","HGIMB003132","10.269506021219","HGSMP000782","22.4063475332896","HGIMB002304","294.412392879884"
"HGIMB003132","0","4","24","42","0","1","1","1","0","0","0","0","HGIMB003120","10.269506021219","HGSMP000782","19.8745172942408","HGIMB002304","291.880562640835"
"HGIMB003144","1","2","13","30","0","0","0","1","0","0","0","0","HGIMB003091","3.23716757077345","HGSMP000782","45.3964101523652","HGIMB002304","317.402455498959"
"HGIMB004923","1","7","24","39","0","0","1","1","0","0","0","0","HGIMB003103","7.58783807266828","HGSMP000782","36.3062312701711","HGIMB002304","302.409120169348"
"HGIMB004935","1","8","18","31","0","0","0","1","0","0","0","0","HGIMB000892","6.20774746809244","HGSMP000782","49.1098207529397","HGIMB002304","321.115866099534"
"HGIMB004940","0","3","15","35","0","0","1","1","0","0","0","0","HGIMO002323","10.2926475741137","HGSMP000782","32.3811573708132","HGIMB002304","298.48404626999"
"HGIMB005290","2","5","23","44","1","1","1","1","0","0","0","0","HGIMB003033","0","HGSMP000782","0.364580958755189","HGIMB002304","288.044368994666"
"HGIMB003033","2","5","23","44","1","1","1","1","0","0","0","0","HGIMB005290","0","HGSMP000782","0.364580958755189","HGIMB002304","288.044368994666"
"HGIMO002323","2","7","18","43","0","0","1","1","0","0","0","0","HGIMO001676","0","HGSMP000782","22.2238983410612","HGIMB002304","288.326787240238"
"HGIMO001652","1","6","15","28","0","0","1","1","0","0","0","0","HGIMB002053","6.36073994489399","HGSMP000782","21.0873142294789","HGIMB002304","308.552721843177"
"HGIMO001664","0","2","10","35","0","0","1","1","0","0","0","0","HGIMB003132","18.5020252388411","HGSMP000782","38.376542533082","HGIMB002304","310.382587879676"
"HGIMO001676","2","7","18","43","0","0","1","1","0","0","0","0","HGIMO002323","0","HGSMP000782","22.2238983410612","HGIMB002304","288.326787240238"
"HGIMO001681","0","7","25","39","0","0","1","1","0","0","0","0","HGIMB003120","11.2333784011197","HGSMP000782","33.3380839613355","HGIMB002304","305.34412930793"
"HGIMO001693","1","7","22","46","0","1","1","1","0","0","0","0","HGIMB003086","6.0212613901381","HGSMP000782","11.9282497493309","HGIMB002304","281.206383147956"
"HGIMB004112","5","7","11","19","3","4","4","4","0","0","0","0","HGIMB005273","0","HGSMP000473","0.40730664046499","HGDIF000014","209.224752542514"
"HGIMB004124","0","5","10","15","0","3","4","4","0","0","0","0","HGIMS000193","15.9401992323675","HGSMP000473","16.6138370791843","HGDIF000014","218.452996215108"
"HGIMB004136","1","1","27","65","0","0","5","14","0","0","0","0","HGIMB004170","5.22958747210845","HGSMP000584","33.3570019837614","HGDIF000014","177.86776211052"
"HGIMB004141","1","1","1","8","0","0","0","0","0","0","0","0","HGIMO001174","6.65079940675196","HGIMB001686","60.4753697542742","HGDIF000014","241.747327415229"
"HGIMB004153","0","6","11","16","0","4","4","4","0","0","0","0","HGIMS000193","12.3770034991507","HGSMP000473","13.8857319906313","HGDIF000014","207.480702573976"
"HGIMB004165","3","6","12","23","1","4","4","4","0","0","0","0","HGIMS000193","9.58510179495891","HGIMB004561","6.2102528715558","HGDIF000014","203.776057639606"
"HGIMB004170","1","2","35","76","0","0","8","14","0","0","0","0","HGIMB004136","5.22958747210845","HGSMP000584","28.127414511653","HGDIF000014","172.638174638411"
"HGIMB005273","5","7","11","19","3","4","4","4","0","0","0","0","HGIMB004112","0","HGSMP000473","0.40730664046499","HGDIF000014","209.224752542514"
"HGIMO002335","1","2","5","17","0","0","0","0","0","0","0","0","HGIMO002142","0","HGIMB004561","71.8634963524623","HGDIF000014","218.812174958916"
"HGIMO002340","1","1","9","11","0","1","4","4","0","0","0","0","HGIMO002166","0","HGSMP000485","19.3269315499859","HGDIF000014","230.282933000714"
"HGIMO002130","0","0","0","2","0","0","0","0","0","0","0","0","HGIMB004141","44.0519668967493","HGIMB001686","94.5066000979917","HGDIF000014","282.797585956713"
"HGIMO002142","1","2","5","17","0","0","0","0","0","0","0","0","HGIMO002335","0","HGIMB004561","71.8634963524623","HGDIF000014","218.812174958916"
"HGIMO002154","0","0","10","31","0","0","4","7","0","0","0","0","HGIMB004124","21.4260557957001","HGSMP000473","30.9281307434239","HGDIF000014","198.519222371141"
"HGIMO002166","1","1","9","11","0","1","4","4","0","0","0","0","HGIMO002340","0","HGSMP000485","19.3269315499859","HGDIF000014","230.282933000714"
"HGIMO002171","0","1","15","57","0","0","1","13","0","0","0","0","HGIMB004170","17.013360677518","HGSMP000584","37.2810828526353","HGDIF000014","181.791842979393"
"HGIMO002183","0","0","1","13","0","0","0","4","0","0","0","0","HGIMB002280","32.9314311626647","HGSMP000473","48.4072794533508","HGDIF000014","252.292588935941"
"HGIMS000193","5","7","11","19","3","4","4","4","0","0","0","0","HGIST000362","1.44318736018738","HGSMP000473","2.10590416216019","HGDIF000014","208.884108557223"
"HGIST000362","4","7","11","18","3","4","4","4","0","0","0","0","HGIMB004112","1.21344420649371","HGSMP000473","1.06471712034963","HGDIF000014","209.61586694521"
"HGSMP003582","4","7","11","18","3","4","4","4","0","0","0","0","HGIMB004112","0.369683962069153","HGSMP000461","0.395288347661589","HGDIF000014","209.594436504584"
"HGIMB003436","4","25","36","51","1","12","15","17","0","0","0","0","HGIMB003412","3.86255812268659","HGSMP000992","9.26218602322281","HGDIF000014","62.3623727312334"
"HGIMB003400","20","25","25","38","11","11","12","16","0","0","0","0","HGSMP003956","5.36440636487631","HGIMS000135","5.91303441460249","HGDIF000014","74.4160140287845"
"HGIMB003412","4","25","36","51","1","12","15","17","0","0","0","0","HGIMB003436","3.86255812268659","HGSMP000992","8.18370540600738","HGDIF000014","62.7834529920198"
"HGIMB003424","22","25","26","41","11","12","12","16","0","0","0","0","HGSMP003384","5.57125552889302","HGSMP000992","0.855583687772052","HGDIF000014","70.1063717360159"
"HGIMB003395","22","25","25","39","11","11","12","16","0","0","0","0","HGSMP002592","0.606673362330723","HGSMP001045","0.39399483269242","HGDIF000014","72.6148657299283"
"HGIMS000263","20","25","25","39","10","11","12","16","0","0","0","0","HGIMB003395","6.27128905129874","HGSMP001021","5.7725401090669","HGDIF000014","72.9499019910112"
"HGIST000123","21","25","25","38","11","11","12","16","0","0","0","0","HGSMP002772","1.03319875851543","HGSMP001576","1.15846055885929","HGDIF000014","74.7081803537243"
"HGSMP001552","21","25","25","38","11","11","12","16","0","0","0","0","HGSMP001564","0","HGSMP001033","0","HGDIF000014","75.0352319379164"
"HGSMP001564","21","25","25","38","11","11","12","16","0","0","0","0","HGSMP001552","0","HGSMP001033","0","HGDIF000014","75.0352319379164"
"HGSMP001581","21","25","25","38","11","11","12","16","0","0","0","0","HGSMP001552","0","HGSMP001033","0","HGDIF000014","75.0352319379164"
"HGSMP001593","21","25","25","38","11","11","12","16","0","0","0","0","HGSMP001552","0","HGSMP001033","0","HGDIF000014","75.0352319379164"
"HGSMP001610","21","25","25","38","11","11","12","16","0","0","0","0","HGSMP001552","0","HGSMP001033","0","HGDIF000014","75.0352319379164"
"HGSMP001622","21","25","25","38","11","11","12","16","0","0","0","0","HGSMP001552","0","HGSMP001033","0","HGDIF000014","75.0352319379164"
"HGSMP002592","22","25","25","39","11","11","12","16","0","0","0","0","HGSMP003133","0","HGSMP001016","0","HGDIF000014","72.8100647574296"
"HGSMP002772","21","25","25","38","11","11","12","16","0","0","0","0","HGSMP003553","0.358875666351703","HGSMP001004","1.26530802806169","HGDIF000014","74.7625650163639"
"HGSMP003133","22","25","25","39","11","11","12","16","0","0","0","0","HGSMP002592","0","HGSMP001016","0","HGDIF000014","72.8100647574296"
"HGSMP003384","21","25","25","38","11","11","12","16","0","0","0","0","HGSMP003862","0.916913109569774","HGSMP001004","1.3934040971867","HGDIF000014","73.2540320709816"
"HGSMP003553","21","25","25","38","11","11","12","16","0","0","0","0","HGSMP002772","0.358875666351703","HGSMP001004","1.62418369441339","HGDIF000014","75.1214406827156"
"HGSMP003606","11","25","36","44","6","12","15","16","0","0","0","0","HGIMB003436","6.62928111924307","HGSMP001045","8.25746085550447","HGDIF000014","64.8655697710054"
"HGSMP003623","22","25","25","38","11","11","12","16","0","0","0","0","HGSMP003652","0.336492260250647","HGSMP001004","0.336492260250647","HGDIF000014","73.2733528828304"
"HGSMP003652","22","25","25","38","11","11","12","16","0","0","0","0","HGSMP003623","0.336492260250647","HGSMP001004","0","HGDIF000014","73.5323329316214"
"HGSMP003862","22","25","25","40","11","11","12","16","0","0","0","0","HGSMP002592","0.873947603613742","HGSMP001016","0.873947603613742","HGDIF000014","72.4343424736923"
"HGSMP003956","21","24","25","38","11","11","12","16","0","0","0","0","HGSMP003961","0","HGIMS000135","0.97951202353956","HGDIF000014","76.0883418333967"
"HGSMP003961","21","24","25","38","11","11","12","16","0","0","0","0","HGSMP003956","0","HGIMS000135","0.97951202353956","HGDIF000014","76.0883418333967"
"HGIMB005063","22","25","25","38","11","11","12","16","0","0","0","0","HGSMP003623","0.405544819115227","HGSMP001576","0.49286604795877","HGDIF000014","73.5122150840895"
"HGIMB003173","3","8","17","54","0","4","4","19","0","0","0","0","HGIMB003190","5.65194514200631","HGSMP000275","15.9828358747084","HGDIF000014","167.953654573907"
"HGIMB003190","2","9","21","63","0","4","4","20","0","0","0","0","HGIMB003202","3.60023806431189","HGSMP000275","10.3308907327021","HGDIF000014","162.3017094319"
"HGIMB003202","7","9","32","70","4","4","13","26","0","0","0","0","HGIMB003190","3.60023806431189","HGSMP000275","6.73065266839024","HGDIF000014","158.701471367589"
"HGIMB004981","3","18","57","104","0","6","19","36","0","0","0","0","HGIMO001710","3.00016725468936","HGIMS000123","15.9674742736189","HGDIF000014","148.348122556879"
"HGIMB003161","0","11","65","99","0","4","27","33","0","0","0","0","HGIMO000276","12.6998072772494","HGIMS000123","14.0348320372944","HGDIF000014","137.459110683712"
"HGIMB003185","5","26","64","110","0","11","21","36","0","0","0","0","HGIMO001915","7.45568908922703","HGIMB004824","14.6175280548165","HGDIF000014","144.177792934035"
"HGIMB003156","5","16","51","87","4","4","19","29","0","0","0","0","HGSMP002574","3.73049358604078","HGIMS000123","3.26986772992979","HGDIF000014","152.226859487824"
"HGIMO001705","1","3","11","45","0","0","4","18","0","0","0","0","HGIMB003173","7.24713733867543","HGSMP000275","22.2568865520549","HGDIF000014","174.227705251253"
"HGIMO001710","3","15","56","103","0","5","19","36","0","0","0","0","HGIMB004981","3.00016725468936","HGIMS000123","14.0462477577325","HGDIF000014","149.323033686064"
"HGIST000111","6","12","49","78","4","4","18","27","0","0","0","0","HGSMP002565","1.89741615168109","HGSMP000246","1.78189215383225","HGDIF000014","153.771584875826"
"HGSMP002565","6","14","50","82","4","4","19","27","0","0","0","0","HGSMP003570","0","HGSMP000251","0.419251901355868","HGDIF000014","151.874168724145"
"HGSMP002574","6","14","50","83","4","4","19","27","0","0","0","0","HGSMP003121","0","HGSMP000251","0.653002581377475","HGDIF000014","151.756314285243"
"HGSMP003121","6","14","50","83","4","4","19","27","0","0","0","0","HGSMP002574","0","HGSMP000251","0.653002581377475","HGDIF000014","151.756314285243"
"HGSMP003570","6","14","50","82","4","4","19","27","0","0","0","0","HGSMP002565","0","HGSMP000251","0.419251901355868","HGDIF000014","151.874168724145"
"HGIMB000426","12","22","87","135","3","10","34","46","0","0","0","0","HGPMX000035","4.40391872851153","HGSMP000234","7.12456226539539","HGDIF000014","115.448053941116"
"HGIMB004194","13","32","100","141","8","11","37","50","0","0","0","0","HGIMB004882","2.48120019696638","HGSMP000210","4.68452352779752","HGDIF000014","109.458814818052"
"HGIMB004206","9","28","95","140","6","10","34","47","0","0","0","0","HGSMP003565","2.59887867464488","HGSMP000210","2.93461853688235","HGDIF000014","108.217142809502"
"HGIMB004696","7","27","93","137","6","10","34","47","0","0","0","0","HGIMB004206","3.65066795498","HGSMP000210","3.76116545124004","HGDIF000014","105.19722961649"
"HGIMB004882","13","29","98","141","7","10","36","50","0","0","0","0","HGIMB000414","1.99005176953955","HGSMP000210","2.63008387056175","HGDIF000014","109.66554163508"
"HGIMB004684","11","27","97","141","7","10","34","47","0","0","0","0","HGIMB004882","2.09833996210743","HGSMP000210","3.23670040548215","HGDIF000014","110.773646536264"
"HGIMB000414","13","30","97","140","8","10","37","50","0","0","0","0","HGSMP003565","1.08173087479096","HGSMP000210","1.13981305468188","HGDIF000014","107.67548986554"
"HGPMX000035","8","22","87","140","1","10","31","47","0","0","0","0","HGIMB000426","4.40391872851153","HGSMP000210","7.99346558628626","HGDIF000014","115.051912719547"
"HGSMP003565","13","30","97","141","8","10","37","50","0","0","0","0","HGIMB000414","1.08173087479096","HGSMP000210","0.629594289688668","HGDIF000014","108.285383198732"
"HGIMO000952","1","5","58","104","0","0","18","25","0","0","0","0","HGIMB001790","2.47984355326041","HGSMP002824","22.0568233229737","HGIMB002304","92.2935777522885"
"HGIMB004800","7","17","33","47","4","8","13","13","0","0","0","0","HGIMB004766","0","HGSMP000881","2.03879505312992","HGIMB002304","95.3951209959583"
"HGSMP000864","6","12","34","46","4","4","13","13","0","0","0","0","HGSMP002283","0.318934600470679","HGSMP000905","0.475819228934425","HGIMB002304","98.0497413745763"
"HGSMP000881","6","12","33","45","4","4","13","13","0","0","0","0","HGIST000024","0.552709910559414","HGSMP000905","1.3304714743435","HGIMB002304","97.1805343481176"
"HGSMP000905","6","11","34","45","4","4","13","13","0","0","0","0","HGSMP002283","0.326074096517209","HGSMP000864","0.475819228934425","HGIMB002304","97.8880575294594"
"HGSMP001511","6","10","34","45","4","4","13","13","0","0","0","0","HGSMP002283","0.880266656535267","HGSMP000864","0.566468137542137","HGIMB002304","98.6110734306409"
"HGSMP000135","5","27","57","100","0","15","22","25","0","0","0","0","HGIMB000011","0.37388749369739","HGSMP003244","13.2465878630981","HGIMB002304","68.9967112128082"
"HGCRO000015","6","18","32","70","1","2","3","22","0","0","0","0","HGSMP001120","0","HGSMP001086","0","HGIMB002304","121.548297689325"
"HGSMP001086","6","18","32","70","1","2","3","22","0","0","0","0","HGSMP001120","0","HGCRO000015","0","HGIMB002304","121.548297689325"
"HGSMP002043","3","12","50","84","0","2","20","23","0","0","0","0","HGIMB000110","1.21033190216284","HGCRO000015","16.8370139388074","HGIMB002304","105.593322699196"
"HGSMP004101","2","6","25","94","0","0","3","29","0","0","0","0","HGSMP001366","0.620018128824555","HGSMP000490","31.826745712297","HGDIF000014","143.436699899249"
"HGIMB000431","5","10","29","61","0","0","0","10","0","0","0","0","HGIMB000443","0","HGIST000041","54.9029327404024","HGIMB002304","287.872614161472"
"HGIMB004841","4","7","15","33","0","0","0","1","0","0","0","0","HGIMB005326","2.30884554901531","HGIMB002572","45.3818340560539","HGIMB002304","181.469595405172"
"HGIMB004812","0","2","29","50","0","0","11","12","0","0","0","0","HGIMO000696","15.1015539348336","HGIST000041","22.4719801173942","HGIMB002304","351.735415429979"
"HGIMO000643","10","15","30","54","9","9","10","13","0","0","0","0","HGIMO002533","0","HGSMP001506","0.472915092292317","HGIMB002304","343.730012257942"
"HGIST000041","11","15","30","54","9","9","10","13","0","0","0","0","HGIMO002533","0.954465356066879","HGIMO000643","0.954465356066879","HGIMB002304","342.775546901875"
"HGSMP000811","10","16","31","53","9","9","10","13","0","0","0","0","HGIMB004556","0.483421597606756","HGSMP000835","0","HGIMB002304","344.361434905679"
"HGSMP000823","10","17","33","53","9","9","10","13","0","0","0","0","HGSMP002911","0","HGSMP001955","0.561571755969822","HGIMB002304","345.100059192356"
"HGSMP000835","10","16","31","53","9","9","10","13","0","0","0","0","HGIMB004556","0.483421597606756","HGSMP000811","0","HGIMB002304","344.361434905679"
"HGSMP000840","3","10","34","78","0","0","1","14","0","0","0","0","HGIMB001370","0.535983772405066","HGIMB004812","37.6691064904677","HGIMB002304","315.54734044136"
"HGSMP001494","10","16","31","53","9","9","10","13","0","0","0","0","HGSMP003466","0.610987055859806","HGSMP001955","0.340958505297422","HGIMB002304","344.37837725604"
"HGSMP001506","10","15","30","53","9","9","10","13","0","0","0","0","HGIMO002533","0.472915092292317","HGIMO000643","0.472915092292317","HGIMB002304","343.942997826623"
"HGSMP001955","10","17","31","53","9","9","10","13","0","0","0","0","HGSMP003466","0.270028550562384","HGSMP001960","0","HGIMB002304","344.538487436386"
"HGSMP001960","10","17","31","53","9","9","10","13","0","0","0","0","HGSMP003466","0.270028550562384","HGSMP001955","0","HGIMB002304","344.538487436386"
"HGSMP002882","10","16","31","53","9","9","10","13","0","0","0","0","HGIMB004556","0.483421597606756","HGSMP000811","0","HGIMB002304","344.361434905679"
"HGIMB001686","2","3","4","10","0","0","0","0","0","0","0","0","HGIST000205","0.44076206641107","HGSMP000473","129.299810488482","HGDIF000014","257.031002339588"
"HGSMP003891","3","9","99","168","0","1","18","35","0","0","1","2","HGIMO001215","0.565367630287167","HGSMP002870","16.4898652427639","HGIMB002304","28.4525579431108"
"HGSMP000123","51","107","130","168","11","21","24","29","1","2","2","2","HGSMP003273","0.995567409574086","HGSMP000094","3.60323000822376","HGIMB002304","3.60323000822376"
"HGIMB002572","5","13","24","38","0","0","0","2","0","0","0","0","HGIMB005075","0","HGIMB004841","45.3818340560539","HGIMB002304","144.992498830017"
"HGIMB005005","4","19","54","79","0","10","19","22","0","0","0","0","HGIMO001454","6.6728039198205","HGSMP003244","10.4568163684368","HGIMB002304","79.3510150778825"
"HGSMP001156","6","37","58","89","3","18","19","24","0","0","0","0","HGIMS000106","1.01672676399149","HGSMP003915","9.21577447712501","HGIMB002304","86.2241586580688"
"HGIMB004795","2","4","20","43","0","1","1","3","0","0","0","0","HGIMB005302","2.29844142463846","HGSMP000794","12.5343507531741","HGIMB002304","327.129538096375"
"HGSMP000794","1","6","22","53","0","1","1","3","0","0","0","0","HGIST000321","6.97842165224376","HGIMB004795","12.5343507531741","HGIMB002304","316.175912398506"
"HGIMO002043","3","5","10","31","2","2","5","5","0","0","0","0","HGIMB005046","2.32234275865083","HGSMP002836","2.14807437294248","HGIMB002304","176.778804989986"
"HGSMP002836","3","5","14","32","2","2","5","5","0","0","0","0","HGIMB005046","0.426896139057816","HGIMO002043","2.14807437294248","HGIMB002304","174.630730617043"
"HGSMP003150","3","4","11","32","2","2","2","5","0","0","0","0","HGIST000152","1.94913643290977","HGIMO002043","4.11643730131309","HGIMB002304","178.795071126891"
"HGSMP000456","7","15","27","40","0","0","3","4","0","0","0","0","HGSMP002541","0.368291120478039","HGSMP000432","32.1288229112363","HGDIF000014","209.199790705491"
"HGIMB004952","4","7","17","29","2","2","4","5","0","0","0","0","HGIMB005220","0.971140010453207","HGSMP000806","1.11135982588043","HGIMB002304","156.984787927695"
"HGSMP000806","4","7","16","26","2","2","4","5","0","0","0","0","HGIMB005220","0.437667571188249","HGSMP000852","0","HGIMB002304","157.704590846604"
"HGSMP000852","4","7","16","26","2","2","4","5","0","0","0","0","HGIMB005220","0.437667571188249","HGSMP000806","0","HGIMB002304","157.704590846604"
"HGIMB001394","6","10","32","46","2","2","4","5","0","0","0","0","HGSMP002361","0.981179644027631","HGSMP000420","0.370592312781142","HGDIF000014","209.535098023381"
"HGSMP000420","6","10","32","45","2","2","4","5","0","0","0","0","HGSMP002361","0.951707573973524","HGIMB001394","0.370592312781142","HGDIF000014","209.505625953326"
"HGSMP000432","7","10","32","47","2","2","4","5","0","0","0","0","HGSMP002361","0","HGSMP000420","0.951707573973524","HGDIF000014","208.553918379353"
"HGIMB005034","1","6","42","102","0","0","15","26","0","0","0","1","HGIMB004602","4.87608827961286","HGSMP000992","20.089963046761","HGDIF000014","50.7403634094156"
"HGSMP001646","2","8","25","150","0","1","4","37","0","0","0","2","HGSMP001651","0.678218527645451","HGSMP002800","18.051387726485","HGDIF000014","43.9075686823481"
"HGSMP000980","4","10","42","164","0","0","8","39","0","0","1","2","HGSMP001523","0.429888045616318","HGSMP001646","20.1506256477192","HGDIF000014","39.9342968692866"
"HGSMP000736","15","45","95","199","10","17","30","66","0","0","0","0","HGIST000082","0.709537696896322","HGSMP001062","0.388810089304957","HGDIF000014","94.9565108324686"
"HGSMP001062","15","45","96","197","10","17","30","66","0","0","0","0","HGIST000082","0.872252528040425","HGSMP000736","0.388810089304957","HGDIF000014","95.3453209217735"
"HGSMP001436","15","44","95","198","10","17","31","66","0","0","0","0","HGSMP003541","0","HGSMP001062","0.88658267161775","HGDIF000014","96.0691426593416"
"HGSMP003681","13","43","89","197","9","16","29","66","0","0","0","0","HGIST000082","2.41205202556757","HGSMP000736","1.70251432867124","HGDIF000014","94.5262876785431"
"HGIMB002036","16","42","108","183","4","17","43","57","0","0","0","0","HGIMB001995","4.12482984802238","HGSMP001436","8.17684267436575","HGDIF000014","103.774968736574"
"HGSMP000292","16","39","105","176","6","13","43","53","0","0","0","0","HGSMP001272","0","HGSMP003256","0","HGDIF000014","112.231929636428"
"HGSMP000304","7","25","104","153","4","7","42","45","0","0","0","0","HGIMB004450","2.01519565732621","HGSMP003850","8.90416224660897","HGDIF000014","121.481351787268"
"HGSMP000316","15","39","106","174","6","12","43","53","0","0","0","0","HGIMB003296","0.407588622429618","HGSMP003705","1.00715360657956","HGDIF000014","112.32018563447"
"HGSMP000321","16","38","108","171","6","11","43","49","0","0","0","0","HGSMP004072","0.396302327992987","HGSMP000292","0.74878608090489","HGDIF000014","112.980715717333"
"HGSMP003256","16","39","105","176","6","13","43","53","0","0","0","0","HGSMP001272","0","HGSMP000292","0","HGDIF000014","112.231929636428"
"HGSMP003705","15","39","105","176","5","13","43","54","0","0","0","0","HGSMP002583","0.423088387320019","HGSMP000292","0.535959565334286","HGDIF000014","111.87533069788"
"HGSMP003850","15","38","108","166","6","10","43","46","0","0","0","0","HGSMP004072","1.56904658509595","HGSMP000321","1.17274425710296","HGDIF000014","113.831227870089"
"HGSMP003903","14","32","106","145","7","8","40","49","0","0","0","0","HGSMP003331","1.17166593421367","HGSMP000374","1.65194727472863","HGDIF000014","104.078878317364"
"HGSMP000333","16","33","106","144","7","8","40","49","0","0","0","0","HGSMP003331","0.882143117386359","HGSMP000350","0","HGDIF000014","103.415888630187"
"HGSMP000345","15","31","105","143","7","7","40","49","0","0","0","0","HGIST000333","1.60549924631251","HGSMP000362","0.487137506700014","HGDIF000014","104.007527949231"
"HGSMP000350","16","33","106","144","7","8","40","49","0","0","0","0","HGSMP003331","0.882143117386359","HGSMP000333","0","HGDIF000014","103.415888630187"
"HGSMP000362","16","35","105","143","7","8","40","49","0","0","0","0","HGIST000333","1.1493035857923","HGSMP000333","0.442236707690594","HGDIF000014","103.662946972072"
"HGSMP000374","16","32","107","144","7","7","40","49","0","0","0","0","HGIST000333","0","HGSMP000333","0.902245243907405","HGDIF000014","102.51364338628"
"HGSMP001342","11","33","108","144","6","11","41","49","0","0","0","0","HGIMB003680","0.416133757657007","HGSMP000333","3.78842616249761","HGDIF000014","107.03413522108"
"HGIMB004824","24","35","97","136","12","12","35","45","0","0","0","0","HGSMP004113","2.37018574947779","HGSMP003710","0.637592364883044","HGDIF000014","130.873579606022"
"HGIMS000164","25","36","102","138","12","12","35","45","0","0","0","0","HGIMB003716","0","HGSMP001803","0","HGDIF000014","127.92750952917"
"HGPMX000016","24","36","103","139","12","13","35","45","0","0","0","0","HGSMP002781","0","HGSMP001325","1.22646635290602","HGDIF000014","126.481892913076"
"HGSMP000205","25","36","102","138","12","12","35","45","0","0","0","0","HGIMB003716","0.434096766929346","HGIMS000164","0.434096766929346","HGDIF000014","128.361606296099"
"HGSMP000386","18","35","114","147","12","16","36","49","0","0","0","0","HGSMP004130","0.404386833300169","HGSMP001185","4.30479088702308","HGDIF000014","122.61993615684"
"HGSMP001185","23","34","106","145","12","13","35","49","0","0","0","0","HGIMB003745","0.960597500897808","HGSMP003693","2.27453949691572","HGDIF000014","124.118319550155"
"HGSMP001255","23","35","101","138","12","12","35","45","0","0","0","0","HGSMP003430","1.28175885976915","HGSMP001856","0.97994346333615","HGDIF000014","129.205908989557"
"HGSMP001325","25","35","102","138","12","12","35","45","0","0","0","0","HGSMP003430","0.603203707282449","HGIMS000164","0.779511299966327","HGDIF000014","127.708359265982"
"HGSMP001803","25","36","102","138","12","12","35","45","0","0","0","0","HGIMB003716","0","HGIMS000164","0","HGDIF000014","127.92750952917"
"HGSMP001856","24","35","102","138","12","12","35","45","0","0","0","0","HGIMB003716","1.32286424725131","HGSMP000205","0.888767480321966","HGDIF000014","129.196146778422"
"HGSMP003693","23","36","103","141","12","13","35","45","0","0","0","0","HGSMP002781","1.76430985545442","HGPMX000016","1.76430985545442","HGDIF000014","125.643413475491"
"HGSMP003710","24","35","100","137","12","12","35","45","0","0","0","0","HGSMP004113","2.17060208646161","HGIMB004824","0.637592364883044","HGDIF000014","130.235987241138"
"HGSMP003932","23","35","102","138","12","12","35","45","0","0","0","0","HGSMP003430","1.01703472040497","HGSMP001255","1.50566676200522","HGDIF000014","128.355592366081"
"HGSMP001190","4","11","89","146","0","1","25","48","0","0","0","0","HGSMP001202","0","HGSMP000304","13.0786124665262","HGDIF000014","134.200508243884"
"HGSMP000490","1","10","76","168","2","2","31","49","0","0","0","0","HGIMB000950","0.423642621149274","HGSMP000502","0","HGDIF000014","112.358219863558"
"HGSMP000502","1","10","76","168","2","2","31","49","0","0","0","0","HGIMB000950","0.423642621149274","HGSMP000490","0","HGDIF000014","112.358219863558"
"HGSMP000514","1","10","76","168","2","2","31","49","0","0","0","0","HGIMB000950","0.423642621149274","HGSMP000490","0","HGDIF000014","112.358219863558"
"HGSMP000695","8","29","100","161","0","10","31","47","0","0","0","0","HGIMO000474","0.44491275777096","HGSMP000724","12.1760801707713","HGDIF000014","78.3848347879747"
"HGSMP000700","12","33","98","196","9","11","39","66","0","0","0","0","HGIMB002473","1.51276356044953","HGSMP000712","1.51276356044953","HGDIF000014","90.1780791309312"
"HGSMP000712","12","33","100","197","9","11","39","66","0","0","0","0","HGIMB002473","0","HGSMP001412","0","HGDIF000014","90.162667895751"
"HGSMP000724","14","32","100","199","9","11","39","66","0","0","0","0","HGSMP002145","0","HGSMP000712","0.50220186511453","HGDIF000014","89.8518307270827"
"HGSMP000876","14","37","98","194","9","14","35","66","0","0","0","0","HGIMB002473","2.33853895773551","HGSMP001395","1.66114782274806","HGDIF000014","92.3051469353951"
"HGSMP001395","13","40","92","196","9","15","29","66","0","0","0","0","HGIST000082","2.34371939231864","HGSMP000876","1.66114782274806","HGDIF000014","93.8512898308518"
"HGSMP001412","12","33","100","197","9","11","39","66","0","0","0","0","HGIMB002473","0","HGSMP000712","0","HGDIF000014","90.162667895751"
"HGSMP002085","3","27","131","183","1","5","28","39","0","1","2","2","HGSMP003780","0.37284075412442","HGSMP002800","8.57762455586611","HGDIF000014","18.8900273377186"
"HGSMP002800","7","11","112","171","1","2","23","39","0","0","1","2","HGIMB004416","1.75802285186756","HGSMP002085","8.57762455586611","HGDIF000014","26.4545357179709"
"HGIMS000181","22","34","60","97","14","19","21","25","0","0","0","0","HGIMB003844","0.522973725691431","HGSMP001890","0.773735257981892","HGIMB002304","85.7469447618044"
"HGSMP000152","21","33","59","97","14","17","21","25","0","0","0","0","HGIMS000210","0","HGSMP000181","1.87107113849997","HGIMB002304","86.3944672940537"
"HGSMP000176","23","40","58","93","14","19","21","24","0","0","0","0","HGSMP003075","0","HGSMP001050","1.39580879264542","HGIMB002304","86.8918960148657"
"HGSMP000181","22","34","59","98","14","18","21","25","0","0","0","0","HGIMB003844","0.97219056617897","HGSMP001890","0.604332091105605","HGIMB002304","86.1619936397314"
"HGSMP000193","22","39","59","94","14","19","21","24","0","0","0","0","HGSMP002685","0.565322694099696","HGSMP001091","0.649154083429242","HGIMB002304","86.9184607489662"
"HGSMP001050","23","36","59","96","14","19","21","25","0","0","0","0","HGSMP003285","0.385150366219644","HGSMP001103","0.54309488260313","HGIMB002304","86.0782670885814"
"HGSMP001074","23","38","59","91","13","17","21","24","0","0","0","0","HGSMP003746","1.4411088387676","HGSMP000193","5.77554768297703","HGIMB002304","92.5913706863785"
"HGSMP001091","22","40","59","94","14","18","21","24","0","0","0","0","HGSMP003413","1.05245832181525","HGSMP002841","0","HGIMB002304","87.2774074578771"
"HGSMP001103","23","34","59","96","14","19","21","25","0","0","0","0","HGSMP003285","0.928245248822774","HGSMP002061","0","HGIMB002304","85.5793700906015"
"HGSMP001890","22","34","59","97","14","18","21","25","0","0","0","0","HGIMB003844","0.367858475073365","HGSMP000181","0.604332091105605","HGIMB002304","85.9038018484952"
"HGSMP002061","23","34","59","96","14","19","21","25","0","0","0","0","HGSMP003285","0.928245248822774","HGSMP001103","0","HGIMB002304","85.5793700906015"
"HGSMP002824","22","34","57","102","13","17","21","25","0","0","0","0","HGIMS000210","2.67306582690481","HGSMP000152","2.67306582690481","HGIMB002304","85.8517595645756"
"HGSMP002841","22","40","59","94","14","18","21","24","0","0","0","0","HGSMP003413","1.05245832181525","HGSMP001091","0","HGIMB002304","87.2774074578771"
"HGSMP003244","5","33","59","91","1","18","22","25","0","0","0","0","HGIMB003885","4.82105619113589","HGSMP004014","9.64747088305662","HGIMB002304","82.216113955533"
"HGSMP003915","26","40","59","91","15","19","21","24","0","0","0","0","HGIST000140","0.364594153556237","HGSMP000176","2.48258242676416","HGIMB002304","87.930964553822"
"HGSMP004014","23","33","56","93","14","18","21","25","0","0","0","0","HGSMP003290","3.72227319168133","HGSMP001103","4.01308507509996","HGIMB002304","84.8456204525912"
"HGIMB000151","14","32","71","165","10","10","16","39","0","0","0","1","HGIMB000163","1.15214068651689","HGSMP000671","0","HGDIF000014","58.0281851552551"
"HGSMP000596","15","32","72","172","10","10","17","47","0","0","0","1","HGIMB000163","0.638048319142796","HGSMP000601","0","HGDIF000014","57.7412517931986"
"HGSMP000601","15","32","72","172","10","10","17","47","0","0","0","1","HGIMB000163","0.638048319142796","HGSMP000596","0","HGDIF000014","57.7412517931986"
"HGSMP000613","15","32","72","159","10","10","16","38","0","0","0","1","HGSMP001902","0.629883009386923","HGSMP002034","0.629883009386923","HGDIF000014","58.7161526906879"
"HGSMP000625","16","31","68","167","10","10","16","40","0","0","0","1","HGSMP002265","0.497142306251601","HGSMP001465","1.20999518035632","HGDIF000014","59.8456845045632"
"HGSMP000642","14","32","71","161","10","10","16","38","0","0","0","1","HGIMB000163","1.79242736988331","HGIMB000151","0.640286683366419","HGDIF000014","58.2666839931738"
"HGSMP000671","14","32","71","165","10","10","16","39","0","0","0","1","HGIMB000163","1.15214068651689","HGIMB000151","0","HGDIF000014","58.0281851552551"
"HGSMP001453","15","32","72","172","10","10","17","47","0","0","0","1","HGIMB000163","0.638048319142796","HGSMP000596","0","HGDIF000014","57.7412517931986"
"HGSMP001465","17","31","71","169","10","10","16","44","0","0","0","1","HGSMP002935","0.428910451381695","HGSMP002034","0.441379681943202","HGDIF000014","59.1152573938645"
"HGSMP002034","16","31","71","165","10","10","16","43","0","0","0","1","HGSMP001902","0","HGSMP001465","0.441379681943202","HGDIF000014","59.0544350923334"
"HGSMP004154","14","32","71","169","10","10","16","40","0","0","0","1","HGIMB000163","0.992962561281145","HGIMB000151","0.482625297013122","HGDIF000014","57.545559858242"
"HGIMB001481","5","17","45","129","0","3","11","31","0","0","0","0","HGSSA017661","0","HGSMP000560","18.8349033080319","HGDIF000014","126.21835603435"
"HGIMO000771","10","24","60","104","7","7","12","23","0","0","0","0","HGIMO002521","0","HGSMP000572","1.4286333204549","HGDIF000014","139.978776053859"
"HGIST000065","7","20","56","99","4","7","12","23","0","0","0","0","HGIMB001674","4.69461876761132","HGSMP000531","9.13439248724037","HGDIF000014","140.534047878857"
"HGSMP000526","10","24","58","111","6","8","12","23","0","0","0","0","HGIMB001493","0","HGSMP000555","0.427593170239827","HGDIF000014","137.903388363523"
"HGSMP000531","10","26","59","107","7","7","12","23","0","0","0","0","HGSMP002370","0.426993375576854","HGSMP000543","0.409242838797389","HGDIF000014","138.480474507173"
"HGSMP000543","10","25","59","110","7","7","12","23","0","0","0","0","HGSMP002385","0.377199563333027","HGSMP000531","0.409242838797389","HGDIF000014","138.071231668376"
"HGSMP000555","10","24","58","112","6","8","12","24","0","0","0","0","HGIMB001493","0.427593170239827","HGSMP000526","0.427593170239827","HGDIF000014","137.475795193283"
"HGSMP000560","10","24","58","114","6","8","12","24","0","0","0","0","HGIMB001493","1.1436733251241","HGSMP000555","0.716080154884273","HGDIF000014","136.759715038399"
"HGSMP000572","13","24","60","107","7","7","12","23","0","0","0","0","HGIMO002521","1.4286333204549","HGIMO000771","1.4286333204549","HGDIF000014","140.793120195843"
"HGSMP001482","3","10","36","62","0","0","0","14","0","0","0","0","HGIMB002193","0.49340732312791","HGSMP000823","40.3691552413873","HGIMB002304","361.676153643433"
"HGIMS000111","9","14","37","53","8","8","13","13","0","0","0","0","HGSMP003483","1.33079030439804","HGSMP000922","1.21700015257249","HGIMB002304","80.1077433190814"
"HGSMP000910","9","15","38","55","8","9","13","13","0","0","0","0","HGIST000304","0","HGSMP000934","0","HGIMB002304","76.6920933366214"
"HGSMP000922","11","14","36","53","8","8","13","13","0","0","0","0","HGSMP003483","0.387961357241948","HGSMP004002","0.911375702468793","HGIMB002304","79.2015933258659"
"HGSMP000934","9","15","38","55","8","9","13","13","0","0","0","0","HGIST000304","0","HGSMP000910","0","HGIMB002304","76.6920933366214"
"HGSMP000946","9","15","39","55","8","9","13","13","0","0","0","0","HGIST000304","0.541589697948293","HGSMP000975","0.396567857711122","HGIMB002304","76.1672424562268"
"HGSMP000951","9","13","36","53","8","8","13","13","0","0","0","0","HGSMP003145","0.413638143745206","HGSMP000922","1.57226201356508","HGIMB002304","80.1446682076683"
"HGSMP000963","9","13","35","51","8","8","13","13","0","0","0","0","HGSMP003833","1.03273716595386","HGIMS000111","1.84416772658837","HGIMB002304","81.4129817677878"
"HGSMP000975","9","15","39","55","8","9","13","13","0","0","0","0","HGIST000304","0.379361810377202","HGSMP000910","0.379361810377202","HGIMB002304","76.3127315262441"
"HGSMP004002","11","14","36","54","8","8","13","13","0","0","0","0","HGSMP003483","0.771736996239471","HGSMP000922","0.911375702468793","HGIMB002304","78.5554102544282"
"HGSMP002103","5","59","133","185","0","15","24","38","0","1","2","2","HGSSA004793","6.27528706840679","HGSMP001721","12.4349946357297","HGDIF000014","18.147382118694"
"HGSMP003920","4","9","130","189","0","0","31","40","0","0","2","2","HGSMP002795","0","HGSMP002103","23.3028429336345","HGDIF000014","27.675205402845"
"HGSMP000444","5","10","22","41","1","1","4","5","0","0","0","0","HGSMP004096","0.396935745814967","HGSMP003734","7.75429996985591","HGDIF000014","188.966274891379"
"HGSMP003734","5","9","20","38","1","1","1","5","0","0","0","0","HGIMB002140","0","HGSMP000444","7.75429996985591","HGDIF000014","181.211974921523"
"HGSMP000222","8","17","74","126","1","2","26","45","0","0","0","0","HGSMP002325","1.19605209584982","HGSMP000234","1.19605209584982","HGDIF000014","117.900245955842"
"HGSMP000234","8","17","75","126","1","2","26","45","0","0","0","0","HGSMP002325","0","HGSMP000222","1.19605209584982","HGDIF000014","117.241509330322"
"HGCRO000032","34","105","141","162","4","21","26","29","1","2","2","2","HGSMP003302","0.338230116396429","HGIMS000275","3.41338965119898","HGDIF000014","4.04492308249131"
"HGIMB004573","64","108","132","168","15","21","26","33","1","2","2","2","HGSMP002070","0","HGSMP000036","0.413279542607531","HGIMB002304","1.6266370944604"
"HGIMS000275","50","109","141","168","9","23","26","40","1","2","2","2","HGSMP003080","1.29475255951231","HGIST000106","0","HGDIF000014","0.657545660173735"
"HGIMS000082","57","107","132","168","13","21","25","29","1","2","2","2","HGSMP003046","0.988473173009678","HGSMP000094","0.617299863286224","HGIMB002304","0.617299863286224"
"HGIST000106","50","109","141","168","9","23","26","40","1","2","2","2","HGSMP003080","1.29475255951231","HGIMS000275","0","HGDIF000014","0.657545660173735"
"HGSMP000012","74","108","140","173","17","22","26","40","1","2","2","2","HGSMP002993","0.384632517747324","HGSMP000053","1.6751605191728","HGIMB002304","4.41962977421534"
"HGSMP000036","68","107","134","168","16","22","26","36","1","2","2","2","HGIMB002403","0","HGIMB004573","0.413279542607531","HGIMB002304","2.0324680317649"
"HGSMP000041","74","110","141","174","20","22","26","41","2","2","2","2","HGSMP003524","0.409055688607241","HGSMP000012","1.79506823079092","HGIMB002304","5.68911721133559"
"HGSMP000053","72","107","135","169","17","22","26","39","1","2","2","2","HGSMP002981","0.481465640225429","HGSMP000106","0.502163256155752","HGIMB002304","3.11875193698882"
"HGSMP000065","76","109","139","170","20","22","26","40","2","2","2","2","HGSMP003751","1.38014825562332","HGSMP000041","3.10642546425734","HGIMB002304","6.72319546523875"
"HGSMP000070","45","99","129","169","11","20","24","28","1","2","2","2","HGIMB004281","1.53810721491914","HGSMP000094","2.46299667011644","HGIMB002304","2.46299667011644"
"HGSMP000094","56","105","132","167","13","21","25","29","1","2","2","2","HGSMP003046","0.381811737780032","HGIMS000082","0.617299863286224","HGIMB002304","0"
"HGSMP000106","70","106","134","167","17","22","26","37","1","2","2","2","HGSMP002976","0.382913658878414","HGSMP000053","0.502163256155752","HGIMB002304","3.203339699023"
"HGSMP001721","54","111","142","177","14","22","26","41","1","2","2","2","HGSMP003326","0.446753326125552","HGSMP003343","0.446753326125552","HGDIF000014","7.11589453946273"
"HGSMP001733","46","109","138","165","9","23","26","36","1","2","2","2","HGSMP002490","2.2795480640069","HGIMS000275","1.72972048708912","HGDIF000014","1.98681345898462"
"HGSMP002025","59","107","132","166","14","21","26","29","1","2","2","2","HGSMP002523","0","HGSMP000094","0.939989956829558","HGIMB002304","0.939989956829558"
"HGSMP002853","63","111","144","175","16","22","26","41","1","2","2","2","HGSMP003326","0.457189391515132","HGSMP003343","0.457189391515132","HGDIF000014","6.79783634564307"
"HGSMP003343","58","112","144","177","15","22","26","41","1","2","2","2","HGSMP003326","0","HGSMP001721","0.446753326125552","HGDIF000014","6.83209230829815"
"HGSMP003722","68","107","137","177","15","22","26","40","1","2","2","2","HGSMP002754","0.371615247696924","HGSMP004125","1.72534444209323","HGIMB002304","8.43804357643706"
"HGSMP003845","67","108","140","173","14","22","25","41","1","2","2","2","HGSMP002052","0.933922642608208","HGSMP001733","3.40683611959016","HGDIF000014","3.05468243462199"
"HGSMP004125","69","108","140","174","15","22","26","40","2","2","2","2","HGSMP002454","0.397186976751269","HGSMP003722","1.72534444209323","HGIMB002304","8.41730773504515"
"HGSMP001144","9","36","59","85","1","13","21","23","0","0","0","0","HGSMP002181","1.01014256161086","HGSMP001156","9.51338265981104","HGIMB002304","95.2387394856219"
"HGSMP002870","3","7","28","174","0","1","3","42","0","0","0","2","HGIMB001155","2.92956462123546","HGSMP003891","16.4898652427639","HGIMB002304","44.9424231858747"
"HGSMP000584","5","9","46","87","0","0","8","14","0","0","0","0","HGIMB002840","1.25867413545425","HGSMP000572","25.175403735108","HGDIF000014","165.732734451052"
"HGSMP000782","2","7","24","45","0","0","0","0","0","0","0","0","HGIMB005290","0.364580958755189","HGIMB004795","98.0897576715925","HGIMB002304","287.917227480762"
"HGIMB004561","1","7","13","20","0","3","3","3","0","0","0","0","HGIMB004165","6.2102528715558","HGSMP000473","13.0695344750753","HGDIF000014","206.21087060072"
"HGSMP000461","5","8","12","19","2","3","3","3","0","0","0","0","HGSMP003582","0.395288347661589","HGSMP000473","0.432911026057426","HGDIF000014","209.777291754821"
"HGSMP000473","5","8","12","19","2","3","3","3","0","0","0","0","HGIMB004112","0.40730664046499","HGSMP000461","0.432911026057426","HGDIF000014","209.632059182979"
"HGSMP000485","5","10","12","18","2","3","3","3","0","0","0","0","HGSMP003582","2.22654725837238","HGSMP000461","2.12213203087431","HGDIF000014","211.820983762956"
"HGIMS000135","21","25","26","39","10","10","11","15","0","0","0","0","HGSMP003956","0.97951202353956","HGSMP001004","3.33292608040483","HGDIF000014","76.8301830687071"
"HGSMP000992","24","26","26","42","10","10","11","15","0","0","0","0","HGIMB003424","0.855583687772052","HGSMP001016","6.32890480066528","HGDIF000014","70.8303264561766"
"HGSMP001004","23","26","26","39","10","10","11","15","0","0","0","0","HGSMP003652","0","HGSMP001605","0","HGDIF000014","73.5323329316214"
"HGSMP001016","23","26","26","40","10","10","11","15","0","0","0","0","HGSMP002592","0","HGSMP001045","0.394916045624706","HGDIF000014","72.8100647574296"
"HGSMP001021","23","26","26","39","10","10","11","15","0","0","0","0","HGSMP001552","1.32130509370299","HGSMP001033","1.32130509370299","HGDIF000014","74.026794122758"
"HGSMP001033","22","26","26","39","10","10","11","15","0","0","0","0","HGSMP001552","0","HGSMP001540","0.906946236978934","HGDIF000014","75.0352319379164"
"HGSMP001045","23","26","26","41","10","10","11","15","0","0","0","0","HGIMB003395","0.39399483269242","HGSMP001016","0.394916045624706","HGDIF000014","72.4151487118049"
"HGSMP001540","22","26","26","39","10","10","11","15","0","0","0","0","HGSMP001552","0.906946236978934","HGSMP001634","0","HGDIF000014","75.6124814308691"
"HGSMP001576","23","26","26","39","10","10","11","15","0","0","0","0","HGSMP003652","0.423813489094191","HGSMP001004","0.423813489094191","HGDIF000014","73.8762095832092"
"HGSMP001605","23","26","26","39","10","10","11","15","0","0","0","0","HGSMP003652","0","HGSMP001004","0","HGDIF000014","73.5323329316214"
"HGSMP001634","22","26","26","39","10","10","11","15","0","0","0","0","HGSMP001552","0.906946236978934","HGSMP001540","0","HGDIF000014","75.6124814308691"
"HGIMS000123","7","15","51","85","3","3","18","26","0","0","0","0","HGSMP002574","0.706372749013755","HGSMP000251","0.853493738385554","HGDIF000014","151.236804279245"
"HGSMP000246","7","15","51","81","3","3","18","26","0","0","0","0","HGSMP002565","0.45404681323303","HGSMP000251","0.873298714588898","HGDIF000014","152.328215537378"
"HGSMP000251","7","15","51","83","3","3","18","26","0","0","0","0","HGSMP002565","0.419251901355868","HGIMS000123","0.853493738385554","HGDIF000014","151.72260384544"
"HGSMP000275","7","13","51","79","3","3","18","26","0","0","0","0","HGSMP002565","2.05681100557962","HGSMP000251","1.63755910422375","HGDIF000014","152.121264044049"
"HGSMP000210","13","31","98","141","6","9","36","49","0","0","0","0","HGSMP003565","0.629594289688668","HGSMP000345","5.95349350659678","HGDIF000014","108.044007383144"
"HGDIF000014","53","110","137","169","11","24","27","42","0","1","1","1","HGSMP003080","1.92628599080464","HGIMS000275","0.657545660173735","HGIMB002304","14.0834253621187"
"HGIMB002304","56","105","132","167","14","22","26","30","0","1","1","1","HGSMP003046","0.381811737780032","HGSMP000094","0","HGDIF000014","14.0834253621187"
