"CVEGEO","POB_0a2","POB_3a5","POB_6a11","POB_12a14","POB_15a19","POB_20a59","POB_60ymas","POBM_0a2","POBM_3a5","POBM_6a11","POBM_12a14","POBM_15a19","POBM_20a59","POBM_60ymas","POBF_0a2","POBF_3a5","POBF_6a11","POBF_12a14","POBF_15a19","POBF_20a59","POBF_60ymas"
"130010001",21,18,49,25,36,226,64,15,10,21,11,20,105,28,6,8,28,14,16,121,36
"1300100010043",21,18,49,25,36,226,64,15,10,21,11,20,105,28,6,8,28,14,16,121,36
"130010002",18,23,48,21,31,205,59,7,9,23,12,14,94,27,11,14,25,9,17,111,32
"130010003",28,44,93,38,86,449,129,15,28,48,22,43,212,63,13,16,45,16,43,237,66
"130010004",80,80,185,87,124,757,186,43,45,85,52,67,365,81,37,35,100,35,57,392,105
"130010005",36,41,93,51,74,324,73,21,21,50,25,37,149,36,15,20,43,26,37,175,37
"130010006",44,54,112,36,62,360,86,24,25,68,13,38,162,40,20,29,44,23,24,198,46
"130010007",17,17,31,16,21,120,30,10,9,13,7,6,55,14,7,8,18,9,15,65,16
"130010008",46,49,133,66,95,498,124,19,25,69,34,55,232,58,27,24,64,32,40,266,66
"130010010",46,43,72,56,77,372,85,26,15,33,28,32,163,41,20,28,39,28,45,209,44
"130010011",13,3,21,14,20,92,30,5,0,8,7,10,48,16,8,3,13,7,10,44,14
"130010012",20,21,41,19,24,175,41,10,10,16,8,17,77,21,10,11,25,11,7,98,20
"130010013",14,18,20,14,24,109,41,6,11,10,6,13,51,20,8,7,10,8,11,58,21
"130010015",59,54,128,70,107,651,146,21,23,57,36,52,304,75,38,31,71,34,55,347,71
"130010016",20,12,32,13,24,127,30,13,7,18,8,11,54,15,7,5,14,5,13,73,15
"130010017",50,41,94,54,65,313,65,25,19,50,26,27,136,29,25,22,44,28,38,177,36
"130010018",3,9,32,4,11,63,17,1,3,19,3,5,33,9,2,6,13,1,6,30,8
"130010019",5,14,14,10,9,73,26,3,7,9,5,2,32,11,2,7,5,5,7,41,15
"130010020",48,38,80,40,69,399,110,29,17,37,19,39,194,57,19,21,43,21,30,205,53
"130010021",86,74,174,73,116,578,139,40,36,86,37,57,256,63,46,38,88,36,59,322,76
"130010022",21,16,35,12,26,90,13,12,7,17,6,10,44,6,9,9,18,6,16,46,7
"130010023",13,14,36,19,25,151,48,6,9,14,8,12,65,21,7,5,22,11,13,86,27
"130010024",10,12,32,14,28,88,31,5,6,18,7,14,36,14,5,6,14,7,14,52,17
"130010025",9,6,10,6,11,49,19,2,3,5,4,5,22,8,7,3,5,2,6,27,11
"130010026",14,19,42,18,39,168,24,9,5,25,9,17,79,11,5,14,17,9,22,89,13
"130010027",115,142,278,126,199,1123,231,60,77,142,70,93,520,121,55,65,136,56,106,603,110
"130010028",6,5,28,17,19,117,24,4,2,16,6,8,60,13,2,3,12,11,11,57,11
"130010029",46,58,87,41,66,368,76,20,21,39,21,31,173,38,26,37,48,20,35,195,38
"130010030",22,17,34,16,30,183,27,10,8,21,10,13,81,13,12,9,13,6,17,102,14
"130010031",71,59,114,69,127,622,144,40,32,59,41,62,294,63,31,27,55,28,65,328,81
"130010032",18,13,16,14,11,85,10,11,6,5,9,7,41,4,7,7,11,5,4,44,6
"130010033",7,3,17,9,7,48,9,6,1,10,3,1,23,2,1,2,7,6,6,25,7
"130010036",24,15,56,32,42,200,45,12,8,28,20,15,95,22,12,7,28,12,27,105,23
"130010038",3,10,9,13,11,59,15,1,4,5,6,6,28,7,2,6,4,7,5,31,8
"130010039",2,2,2,1,1,11,7,2,1,2,0,0,5,4,0,1,0,1,1,6,3
"130010040",0,0,2,1,0,2,5,0,0,2,1,0,1,3,0,0,0,0,0,1,2
"130010041",31,39,73,34,51,306,61,20,16,36,15,25,141,35,11,23,37,19,26,165,26
"130010042",2,1,5,2,3,26,16,1,0,2,1,1,14,7,1,1,3,1,2,12,9
"130010043",17,12,30,9,29,123,12,11,9,19,6,17,60,5,6,3,11,3,12,63,7
"130010047",12,22,32,17,19,108,11,7,11,16,9,11,59,3,5,11,16,8,8,49,8
"130010048",7,5,12,10,10,41,7,5,4,8,4,5,18,3,2,1,4,6,5,23,4
"130010049",2,1,8,4,5,21,3,0,0,4,2,2,10,1,2,1,4,2,3,11,2
"130010050",1,4,6,2,5,37,11,1,2,2,2,0,16,5,0,2,4,0,5,21,6
"130010051",28,23,70,29,41,237,55,13,10,37,14,20,117,28,15,13,33,15,21,120,27
"130010052",14,10,21,7,19,105,29,9,2,10,5,11,50,15,5,8,11,2,8,55,14
"130010053",0,0,0,0,0,0,0,0,0,0,0,0,0,0,0,0,0,0,0,0,0
"130010055",27,15,36,13,37,112,33,16,8,15,7,21,45,18,11,7,21,6,16,67,15
"130010058",0,0,0,0,0,0,0,0,0,0,0,0,0,0,0,0,0,0,0,0,0
"130010059",0,0,0,0,0,0,0,0,0,0,0,0,0,0,0,0,0,0,0,0,0
"130010061",9,5,28,15,22,116,23,4,1,16,7,12,54,13,5,4,12,8,10,62,10
"130010062",7,3,9,2,14,59,21,3,1,5,2,9,27,10,4,2,4,0,5,32,11
"130010064",7,9,16,9,10,62,8,4,3,9,4,7,27,5,3,6,7,5,3,35,3
"130010065",0,0,0,0,0,0,0,0,0,0,0,0,0,0,0,0,0,0,0,0,0
"130010066",35,37,77,44,71,381,98,20,17,36,19,36,166,51,15,20,41,25,35,215,47
"130010067",2,2,5,4,6,30,5,1,1,3,3,3,15,3,1,1,2,1,3,15,2
"130010068",4,5,18,6,12,37,17,0,4,7,2,4,18,7,4,1,11,4,8,19,10
"130020001",209,212,460,226,354,2037,410,105,121,261,129,187,907,168,104,91,199,97,167,1130,242
"1300200010125",93,89,210,106,160,929,166,45,54,116,62,80,412,74,48,35,94,44,80,517,92
"130020001013A",113,122,246,118,185,1082,242,59,66,143,66,103,482,94,54,56,103,52,82,600,148
"130020001020A",3,0,4,0,9,28,0,0,0,0,0,4,13,0,0,0,0,0,5,15,0
"130020002",24,38,62,41,52,262,51,12,20,38,24,25,130,21,12,18,24,17,27,132,30
"130020003",72,63,165,89,123,779,111,35,35,74,44,68,369,50,37,28,91,45,55,410,61
"130020004",53,53,116,69,89,460,95,29,24,53,36,48,213,48,24,29,63,33,41,247,47
"130020005",82,88,157,71,131,547,113,44,55,84,41,70,258,53,38,33,73,30,61,289,60
"130020006",17,17,34,13,26,106,26,10,8,17,4,14,55,11,7,9,17,9,12,51,15
"130020007",257,270,557,264,447,1858,340,110,137,283,132,208,872,154,147,133,274,132,239,986,186
"1300200070214",149,156,309,156,249,1006,167,62,79,155,78,114,472,75,87,77,154,78,135,534,92
"1300200070229",108,114,248,108,198,852,173,48,58,128,54,94,400,79,60,56,120,54,104,452,94
"1300200070252",0,0,0,0,0,0,0,0,0,0,0,0,0,0,0,0,0,0,0,0,0
"130020008",139,149,256,137,233,736,98,59,65,126,65,119,332,35,80,84,130,72,114,404,63
"130020009",17,11,20,17,17,105,27,6,3,9,8,7,51,11,11,8,11,9,10,54,16
"130020010",159,189,359,165,267,1260,292,93,95,182,80,123,555,133,66,94,177,85,144,705,159
"130020011",44,50,91,50,63,312,70,15,26,41,27,28,152,28,29,24,50,23,35,160,42
"130020012",114,146,292,158,229,1126,253,49,69,159,75,120,521,103,65,77,133,83,109,605,150
"130020013",315,311,551,248,380,1860,385,167,151,274,113,189,781,125,148,160,277,135,191,1079,260
"1300200130163",87,94,172,57,100,529,111,45,42,80,27,52,233,35,42,52,92,30,48,296,76
"1300200130178",110,95,154,83,124,522,92,60,54,74,40,56,211,31,50,41,80,43,68,311,61
"1300200130233",52,56,96,45,49,323,96,25,24,52,22,22,123,29,27,32,44,23,27,200,67
"1300200130248",59,61,122,59,98,460,81,32,26,64,23,54,202,29,27,35,58,36,44,258,52
"1300200130267",7,5,7,4,9,26,5,5,5,4,0,5,13,0,0,0,3,3,4,14,4
"130020014",24,26,77,50,62,213,41,13,16,36,28,28,101,16,11,10,41,22,34,112,25
"130020015",14,29,33,29,25,168,54,7,14,20,15,16,75,28,7,15,13,14,9,93,26
"130020016",387,341,725,401,551,2336,370,182,153,359,202,272,1102,148,205,188,366,199,279,1234,222
"1300200160106",149,137,301,159,234,950,158,69,56,148,85,113,446,60,80,81,153,74,121,504,98
"1300200160144",10,16,29,16,19,89,12,5,9,12,7,11,39,5,5,7,17,9,8,50,7
"1300200160159",19,13,34,22,24,92,10,8,6,20,12,15,48,0,11,7,14,10,9,46,8
"1300200160182",66,49,87,47,87,378,69,34,25,50,29,41,182,28,32,24,37,18,46,196,41
"1300200160197",114,110,225,129,154,687,101,56,48,108,55,77,324,43,58,62,117,74,77,363,58
"1300200160271",29,16,49,28,33,140,20,10,9,21,14,15,65,10,19,7,28,14,18,75,10
"130020017",81,73,190,89,125,685,146,27,39,85,41,57,317,61,54,34,105,48,68,368,85
"130020018",37,53,119,58,74,413,66,17,28,56,30,39,201,26,20,25,63,28,35,212,40
"130020020",14,15,26,10,14,91,13,5,10,9,7,7,42,7,9,5,17,3,7,49,6
"130020021",79,98,190,93,126,710,163,39,47,94,45,62,337,72,40,51,96,48,64,373,91
"130020024",14,9,38,16,32,94,19,7,3,19,8,18,46,8,7,6,19,8,14,48,11
"130020025",20,21,60,29,35,170,36,5,12,38,12,20,79,16,15,9,22,17,15,91,20
"130020026",140,132,230,140,206,1029,236,66,63,117,63,91,461,109,74,69,113,77,115,568,127
"130020027",18,19,51,17,25,131,36,8,10,21,11,13,68,15,10,9,30,6,12,63,21
"130020028",153,174,394,165,270,935,126,86,78,201,83,117,422,54,67,96,193,82,153,513,72
"130020029",23,27,34,20,32,159,34,15,9,15,13,10,73,15,8,18,19,7,22,86,19
"130020030",17,10,33,21,27,77,11,11,3,15,6,11,37,5,6,7,18,15,16,40,6
"130020031",42,47,101,40,78,447,55,16,28,53,19,27,206,21,26,19,48,21,51,241,34
"130020032",21,23,37,15,22,141,40,10,12,15,8,9,66,18,11,11,22,7,13,75,22
"130020034",3,10,14,6,6,52,24,3,5,9,4,3,24,12,0,5,5,2,3,28,12
"130020036",14,28,45,20,32,134,23,11,13,22,11,14,61,12,3,15,23,9,18,73,11
"130020037",5,4,4,3,7,16,1,1,2,3,1,2,7,0,4,2,1,2,5,9,1
"130020039",73,61,110,67,93,332,48,33,29,64,26,49,164,22,40,32,46,41,44,168,26
"130020040",0,3,9,7,3,30,6,0,3,5,4,2,15,3,0,0,4,3,1,15,3
"130020041",9,7,11,9,8,47,8,5,6,5,5,4,20,3,4,1,6,4,4,27,5
"130020042",2,6,12,8,13,46,6,2,3,5,5,8,19,2,0,3,7,3,5,27,4
"130020044",18,21,34,14,26,143,20,5,11,19,7,11,59,8,13,10,15,7,15,84,12
"130020045",45,48,100,45,73,369,85,20,22,47,27,34,168,42,25,26,53,18,39,201,43
"130020046",6,1,8,8,1,19,1,3,1,5,6,1,9,1,3,0,3,2,0,10,0
"130020047",19,14,40,17,31,121,13,10,9,18,10,16,48,5,9,5,22,7,15,73,8
"130020049",15,15,29,12,17,89,21,6,9,10,8,8,41,8,9,6,19,4,9,48,13
"130020050",24,23,34,16,26,126,23,9,12,14,9,14,58,8,15,11,20,7,12,68,15
"130020051",6,5,4,5,10,25,4,4,3,4,2,5,11,2,2,2,0,3,5,14,2
"130020052",7,9,19,7,4,39,22,3,3,9,4,3,16,10,4,6,10,3,1,23,12
"130020053",0,0,0,0,0,0,0,0,0,0,0,0,0,0,0,0,0,0,0,0,0
"130020054",8,6,7,6,11,46,6,4,4,2,3,6,22,1,4,2,5,3,5,24,5
"130020058",0,0,0,0,0,0,0,0,0,0,0,0,0,0,0,0,0,0,0,0,0
"130020059",7,8,12,1,4,28,2,6,3,6,0,3,10,1,1,5,6,1,1,18,1
"130020061",6,11,12,12,7,35,3,4,8,7,8,5,15,2,2,3,5,4,2,20,1
"130020062",12,11,31,15,17,71,20,8,6,17,6,5,32,10,4,5,14,9,12,39,10
"130020064",0,0,3,0,1,3,2,0,0,2,0,0,0,1,0,0,1,0,1,3,1
"130020065",5,3,9,2,9,37,3,4,0,2,1,4,22,1,1,3,7,1,5,15,2
"130020066",29,40,70,29,66,175,34,18,17,29,13,34,75,18,11,23,41,16,32,100,16
"130020067",16,5,18,4,2,34,6,11,3,9,2,1,8,2,5,2,9,2,1,26,4
"130020069",19,18,35,18,33,152,29,11,11,21,8,16,71,14,8,7,14,10,17,81,15
"130020070",16,14,25,13,14,91,15,9,10,11,5,5,43,5,7,4,14,8,9,48,10
"130020071",14,8,24,9,17,88,19,6,1,14,5,12,39,9,8,7,10,4,5,49,10
"130020072",16,16,45,23,26,185,25,8,7,20,13,7,90,13,8,9,25,10,19,95,12
"130030001",1369,1535,3262,1660,2725,17383,4340,676,807,1682,871,1359,7971,1895,693,728,1580,789,1366,9412,2445
"1300300010103",14,29,48,22,30,241,50,9,15,27,10,12,108,21,5,14,21,12,18,133,29
"1300300010118",50,64,130,85,108,576,89,23,34,74,38,49,262,44,27,30,56,47,59,314,45
"1300300010122",24,25,53,19,42,254,52,7,12,31,8,24,122,20,17,13,22,11,18,132,32
"1300300010141",193,183,371,156,286,1688,328,78,90,190,81,140,776,141,115,93,181,75,146,912,187
"1300300010156",76,75,158,74,129,718,121,40,35,80,44,69,327,63,36,40,78,30,60,391,58
"1300300010160",183,201,439,253,395,2417,358,83,115,209,127,202,1096,140,100,86,230,126,193,1321,218
"1300300010175",90,109,227,104,213,1404,503,47,64,125,52,111,649,233,43,45,102,52,102,755,270
"130030001018A",54,62,143,64,105,738,220,29,36,66,34,50,338,102,25,26,77,30,55,400,118
"1300300010211",42,46,118,58,107,827,342,17,25,64,30,55,369,137,25,21,54,28,52,458,205
"1300300010226",41,46,120,63,96,677,258,21,22,63,29,42,314,103,20,24,57,34,54,363,155
"130030001025A",36,43,75,26,56,368,70,17,19,33,16,21,166,35,19,24,42,10,35,202,35
"1300300010264",40,40,72,43,78,495,61,21,21,34,18,36,221,28,19,19,38,25,42,274,33
"1300300010279",72,87,233,114,179,1126,412,30,49,127,67,83,485,180,42,38,106,47,96,641,232
"1300300010283",72,88,160,86,143,962,229,41,48,89,33,73,425,110,31,40,71,53,70,537,119
"1300300010300",0,3,3,4,3,23,6,0,3,0,0,0,10,4,0,0,0,3,0,18,0
"1300300010315",15,12,32,19,24,118,15,11,6,20,9,13,50,6,4,6,12,10,11,68,9
"130030001032A",6,16,18,7,18,89,9,4,10,10,4,10,50,4,0,6,8,3,8,39,5
"1300300010334",0,0,0,0,0,0,0,0,0,0,0,0,0,0,0,0,0,0,0,0,0
"1300300010349",90,88,195,100,189,1183,415,54,45,101,50,103,561,167,36,43,94,50,86,622,248
"1300300010353",61,74,173,94,142,860,223,28,38,82,54,63,409,96,33,36,91,40,79,451,127
"1300300010368",134,161,329,178,249,1813,459,73,74,171,111,137,853,206,61,87,158,67,112,960,253
"1300300010372",74,82,165,91,133,805,119,41,46,85,55,64,382,55,33,36,80,36,69,423,64
"130030002",0,1,5,2,0,10,17,0,1,4,1,0,4,7,0,0,1,1,0,6,10
"130030003",24,28,60,32,56,392,106,12,17,34,17,32,186,47,12,11,26,15,24,206,59
"130030004",65,81,176,107,147,797,170,36,44,82,57,78,363,71,29,37,94,50,69,434,99
"130030005",120,145,379,155,272,1637,326,60,73,192,81,150,782,160,60,72,187,74,122,855,166
"1300300050391",77,96,223,93,178,1053,205,37,49,105,45,101,509,105,40,47,118,48,77,544,100
"1300300050404",43,49,156,62,94,584,121,23,24,87,36,49,273,55,20,25,69,26,45,311,66
"130030006",16,25,52,25,32,193,74,11,12,26,16,15,92,34,5,13,26,9,17,101,40
"130030007",35,44,97,62,86,491,98,14,20,53,27,44,225,45,21,24,44,35,42,266,53
"130030009",66,98,225,105,187,989,209,35,44,112,53,89,451,97,31,54,113,52,98,538,112
"130030010",114,158,376,212,301,1847,476,53,77,206,116,150,864,231,61,81,170,96,151,983,245
"1300300100230",37,60,132,82,124,725,187,18,30,80,47,58,339,86,19,30,52,35,66,386,101
"1300300100245",77,98,244,130,177,1122,289,35,47,126,69,92,525,145,42,51,118,61,85,597,144
"130030011",121,136,276,141,208,1302,234,61,69,133,69,104,607,97,60,67,143,72,104,695,137
"130030012",131,157,300,147,249,1466,304,59,85,139,65,134,694,143,72,72,161,82,115,772,161
"1300300120086",131,157,300,147,249,1466,304,59,85,139,65,134,694,143,72,72,161,82,115,772,161
"130030013",85,91,175,103,158,857,246,49,41,84,56,83,395,115,36,50,91,47,75,462,131
"130030014",166,180,382,164,249,1626,364,82,88,201,79,109,756,173,84,92,181,85,140,870,191
"1300300140387",166,180,382,164,249,1626,364,82,88,201,79,109,756,173,84,92,181,85,140,870,191
"130030015",44,61,136,66,107,672,123,32,29,68,27,54,312,56,12,32,68,39,53,360,67
"130030016",13,18,52,27,27,161,62,4,11,23,12,13,72,34,9,7,29,15,14,89,28
"130030017",5,4,20,4,10,60,33,4,3,10,3,4,29,17,1,1,10,1,6,31,16
"130030018",0,0,4,2,2,6,14,0,0,0,1,1,2,6,0,0,4,1,1,4,8
"130030019",18,29,69,31,34,243,64,10,12,27,18,17,112,29,8,17,42,13,17,131,35
"130030020",45,71,157,65,103,573,108,29,35,82,36,52,266,51,16,36,75,29,51,307,57
"130030021",10,8,17,15,14,67,38,3,6,6,9,5,31,20,7,2,11,6,9,36,18
"130030023",23,47,79,34,57,356,67,10,20,37,15,25,176,32,13,27,42,19,32,180,35
"130030024",8,11,34,14,12,120,70,3,3,16,8,9,56,33,5,8,18,6,3,64,37
"130030026",16,9,33,17,30,157,44,7,6,21,7,11,75,23,9,3,12,10,19,82,21
"130030027",0,0,1,1,0,3,6,0,0,1,1,0,1,3,0,0,0,0,0,2,3
"130030028",0,0,0,0,0,0,0,0,0,0,0,0,0,0,0,0,0,0,0,0,0
"130030035",2,4,6,1,3,30,19,1,3,3,1,2,16,9,1,1,3,0,1,14,10
"130030037",5,3,14,8,9,71,14,5,2,8,4,4,38,4,0,1,6,4,5,33,10
"130030038",2,0,1,0,1,11,2,0,0,1,0,0,5,1,2,0,0,0,1,6,1
"130030039",0,0,0,0,0,6,2,0,0,0,0,0,2,2,0,0,0,0,0,4,0
"130030040",32,27,58,27,63,271,77,16,15,30,13,29,119,39,16,12,28,14,34,152,38
"130030041",2,0,1,1,0,8,5,0,0,0,1,0,4,3,2,0,1,0,0,4,2
"130030043",7,11,45,14,13,110,24,4,4,24,8,8,56,12,3,7,21,6,5,54,12
"130030044",15,9,33,14,25,119,21,9,5,18,8,10,57,11,6,4,15,6,15,62,10
"130030047",3,0,2,6,3,18,7,2,0,1,3,0,10,4,1,0,1,3,3,8,3
"130030048",7,6,22,8,9,71,8,5,2,8,5,5,34,4,2,4,14,3,4,37,4
"130030049",0,3,14,1,2,18,8,0,1,4,1,1,10,3,0,2,10,0,1,8,5
"130030050",4,5,8,3,8,22,3,3,5,4,1,6,10,1,1,0,4,2,2,12,2
"130030051",3,1,16,5,3,37,17,2,0,5,1,2,17,8,1,1,11,4,1,20,9
"130030052",16,11,23,12,16,115,19,8,5,14,7,6,55,12,8,6,9,5,10,60,7
"130030053",9,5,17,9,8,66,20,5,4,10,4,4,32,11,4,1,7,5,4,34,9
"130040001",117,123,261,133,231,1205,255,57,61,127,67,99,535,112,60,62,134,66,132,670,143
"1300400010045",24,14,35,28,33,172,39,13,7,15,16,16,73,17,11,7,20,12,17,99,22
"130040001005A",46,58,113,43,86,479,87,23,28,51,22,38,224,38,23,30,62,21,48,255,49
"1300400010064",30,21,57,38,59,302,69,14,11,35,18,29,127,31,16,10,22,20,30,175,38
"1300400010079",16,28,53,21,43,228,51,7,14,24,11,15,98,21,9,14,29,10,28,130,30
"1300400010083",0,0,3,3,10,24,9,0,0,0,0,0,14,5,0,0,0,3,9,11,4
"130040002",38,28,76,46,51,321,84,22,12,32,24,21,151,41,16,16,44,22,30,170,43
"130040003",25,18,47,25,47,213,54,14,10,26,12,25,102,25,11,8,21,13,22,111,29
"130040004",28,36,77,33,51,285,50,15,19,46,14,29,142,23,13,17,31,19,22,143,27
"130040005",42,36,76,47,66,325,72,22,19,35,28,32,162,34,20,17,41,19,34,163,38
"130040006",23,22,30,18,38,152,38,10,10,16,12,13,78,18,13,12,14,6,25,74,20
"130040007",26,15,54,31,51,247,78,18,12,24,16,18,124,34,8,3,30,15,33,123,44
"130040008",41,37,84,43,64,365,85,20,18,35,20,34,171,41,21,19,49,23,30,194,44
"130040009",1,1,5,3,2,27,15,1,0,3,3,1,15,8,0,1,2,0,1,12,7
"130040010",16,13,26,10,22,136,37,6,6,8,5,5,65,18,10,7,18,5,17,71,19
"130040011",38,35,60,47,39,325,72,20,15,26,23,19,163,30,18,20,34,24,20,162,42
"130040012",17,16,22,18,31,160,46,6,8,12,10,12,76,15,11,8,10,8,19,84,31
"130040013",11,12,29,21,20,127,39,5,4,15,8,6,63,22,6,8,14,13,14,64,17
"130040014",12,18,30,17,27,161,43,6,12,19,7,12,74,19,6,6,11,10,15,87,24
"130040015",1,5,5,2,7,22,15,1,0,0,2,3,13,7,0,5,5,0,4,9,8
"130040016",4,3,16,8,15,51,22,3,0,12,6,8,22,13,1,3,4,2,7,29,9
"130040017",10,11,25,8,23,107,20,6,5,14,4,9,53,10,4,6,11,4,14,54,10
"130040018",11,5,23,10,17,66,29,7,2,6,5,10,29,12,4,3,17,5,7,37,17
"130040019",6,13,24,16,23,105,28,3,6,12,7,10,50,11,3,7,12,9,13,55,17
"130040020",19,19,33,25,25,133,41,13,7,22,16,14,59,18,6,12,11,9,11,74,23
"130040021",5,2,14,5,9,37,11,3,2,10,4,7,17,5,2,0,4,1,2,20,6
"130040022",8,11,32,9,19,75,32,4,6,16,3,8,34,13,4,5,16,6,11,41,19
"130040023",8,11,23,16,25,96,30,5,8,10,8,11,46,11,3,3,13,8,14,50,19
"130040024",22,25,52,16,32,161,37,12,13,24,9,15,84,15,10,12,28,7,17,77,22
"130040025",17,16,39,13,28,125,22,10,7,18,7,13,58,9,7,9,21,6,15,67,13
"130040028",0,2,5,2,3,20,11,0,2,2,0,1,9,6,0,0,3,2,2,11,5
"130040031",7,10,31,9,11,70,24,5,2,14,2,5,31,9,2,8,17,7,6,39,15
"130040032",0,0,0,0,0,0,0,0,0,0,0,0,0,0,0,0,0,0,0,0,0
"130050001",296,404,836,391,684,4534,1109,151,196,420,201,344,2086,587,145,208,416,190,340,2448,522
"1300500010112",8,16,35,17,31,197,36,5,6,19,9,18,95,22,3,10,16,8,13,102,14
"130050001017A",4,3,13,4,6,74,10,3,0,8,0,4,38,7,0,3,5,0,0,38,3
"1300500010184",12,26,65,24,41,277,41,9,7,26,12,18,122,18,3,19,39,12,23,155,23
"1300500010199",118,137,251,126,243,1611,387,55,67,123,73,127,745,201,63,70,128,53,116,866,186
"1300500010201",66,90,183,76,146,880,267,26,43,95,42,76,393,142,40,47,88,34,70,487,125
"1300500010216",42,55,130,66,111,677,171,25,31,69,30,51,314,94,17,24,61,36,60,363,77
"1300500010220",37,56,122,63,89,662,183,21,33,61,27,38,303,96,16,23,61,36,51,359,87
"1300500010269",0,5,5,0,3,28,7,0,3,0,0,0,17,3,0,0,3,0,0,14,4
"1300500010273",4,3,6,3,0,35,3,3,0,0,0,0,18,0,0,0,4,0,0,20,0
"1300500010358",0,3,3,0,0,15,0,0,0,0,0,0,9,0,0,0,0,0,0,6,0
"1300500010409",0,0,8,6,5,35,4,0,0,5,4,3,16,3,0,0,3,0,0,22,0
"1300500010432",0,0,4,0,0,10,0,0,0,3,0,0,5,0,0,0,0,0,0,5,0
"1300500010447",0,4,5,0,0,9,0,0,0,0,0,0,5,0,0,4,3,0,0,4,0
"1300500010451",0,0,3,0,0,11,0,0,0,0,0,0,5,0,0,0,0,0,0,6,0
"1300500010466",0,0,3,0,0,22,0,0,0,0,0,0,11,0,0,0,0,0,0,11,0
"130050002",3,17,25,13,20,137,53,2,10,10,9,8,64,28,1,7,15,4,12,73,25
"130050003",77,92,204,76,152,946,253,39,47,106,32,74,457,117,38,45,98,44,78,489,136
"130050004",23,34,73,36,48,335,86,10,18,27,19,27,156,43,13,16,46,17,21,179,43
"130050005",195,219,464,242,382,2443,613,100,95,226,127,214,1150,303,95,124,238,115,168,1293,310
"1300500050235",77,92,189,83,143,887,174,37,36,95,43,87,423,90,40,56,94,40,56,464,84
"130050005024A",112,120,266,156,226,1504,429,61,55,124,83,121,701,208,51,65,142,73,105,803,221
"1300500050339",0,5,5,0,3,24,0,0,3,3,0,0,13,0,0,0,0,0,0,14,0
"1300500050377",0,0,0,0,0,0,0,0,0,0,0,0,0,0,0,0,0,0,0,0,0
"1300500050428",4,0,3,0,8,21,6,0,0,3,0,3,12,3,0,0,0,0,5,9,3
"1300500050470",0,0,0,0,0,0,0,0,0,0,0,0,0,0,0,0,0,0,0,0,0
"1300500050485",0,0,0,0,0,0,0,0,0,0,0,0,0,0,0,0,0,0,0,0,0
"130050006",83,131,258,117,209,1213,422,41,54,135,65,105,567,206,42,77,123,52,104,646,216
"1300500060076",30,57,79,44,75,431,145,16,27,34,24,38,206,71,14,30,45,20,37,225,74
"1300500060146",24,33,72,31,54,310,100,13,8,41,15,25,145,52,11,25,31,16,29,165,48
"1300500060381",12,17,65,24,42,244,72,3,7,35,14,22,110,34,9,10,30,10,20,134,38
"1300500060396",17,24,42,18,38,228,105,9,12,25,12,20,106,49,8,12,17,6,18,122,56
"130050007",15,18,40,19,19,221,47,8,5,19,10,7,109,32,7,13,21,9,12,112,15
"130050008",0,0,5,3,7,24,15,0,0,3,0,4,10,4,0,0,2,3,3,14,11
"130050009",17,17,39,16,18,136,17,9,9,16,7,6,66,8,8,8,23,9,12,70,9
"130050034",0,0,0,0,0,0,0,0,0,0,0,0,0,0,0,0,0,0,0,0,0
"130050035",8,9,25,17,19,103,25,2,2,10,9,10,44,10,6,7,15,8,9,59,15
"130050037",0,0,0,0,0,0,0,0,0,0,0,0,0,0,0,0,0,0,0,0,0
"130050039",0,0,0,0,0,0,0,0,0,0,0,0,0,0,0,0,0,0,0,0,0
"130050043",0,0,0,0,0,0,0,0,0,0,0,0,0,0,0,0,0,0,0,0,0
"130050044",0,0,0,0,0,0,0,0,0,0,0,0,0,0,0,0,0,0,0,0,0
"130060001",71,91,208,87,146,966,225,37,49,109,43,72,429,91,34,42,99,44,74,537,134
"1300600010069",0,5,11,4,4,41,12,0,3,8,0,0,16,6,0,0,3,0,3,26,6
"1300600010073",39,40,85,37,76,435,115,20,16,38,16,43,199,47,19,24,47,21,33,236,68
"1300600010088",31,46,112,46,66,490,98,17,30,63,25,28,215,38,14,16,49,21,38,275,60
"130060002",2,3,10,6,5,27,9,1,1,4,4,3,11,4,1,2,6,2,2,16,5
"130060003",5,4,16,14,16,125,68,2,1,8,11,8,63,29,3,3,8,3,8,62,39
"130060004",28,35,71,38,37,300,81,12,19,34,18,20,140,42,16,16,37,20,17,160,39
"130060005",5,4,4,3,6,36,9,2,2,2,1,2,18,6,3,2,2,2,4,18,3
"130060006",17,17,23,20,13,139,51,7,6,15,11,8,68,26,10,11,8,9,5,71,25
"130060007",14,22,45,16,18,169,58,5,12,25,8,14,86,30,9,10,20,8,4,83,28
"130060008",1,0,3,6,8,40,16,0,0,1,4,5,21,8,1,0,2,2,3,19,8
"130060009",23,16,51,26,38,213,97,14,10,23,18,20,94,44,9,6,28,8,18,119,53
"130060010",5,6,12,8,7,94,46,1,3,5,3,3,51,19,4,3,7,5,4,43,27
"130060011",1,4,6,4,2,29,4,1,3,3,2,2,13,2,0,1,3,2,0,16,2
"130060012",35,28,72,42,47,299,70,17,10,30,21,26,143,36,18,18,42,21,21,156,34
"130060014",20,30,86,39,51,327,81,11,16,44,21,23,156,36,9,14,42,18,28,171,45
"130060015",1,1,1,0,2,14,3,1,1,0,0,1,7,1,0,0,1,0,1,7,2
"130060016",1,2,3,0,2,8,2,0,2,1,0,0,4,1,1,0,2,0,2,4,1
"130060017",1,6,11,10,3,55,36,1,3,5,5,1,27,17,0,3,6,5,2,28,19
"130060018",0,1,4,2,12,34,30,0,0,0,1,5,15,15,0,1,4,1,7,19,15
"130060020",1,0,7,5,8,33,14,0,0,3,2,5,14,6,1,0,4,3,3,19,8
"130060021",20,14,31,20,25,146,48,8,5,15,11,11,67,26,12,9,16,9,14,79,22
"130060022",0,4,6,3,5,28,23,0,3,1,2,3,14,13,0,1,5,1,2,14,10
"130060023",0,0,0,0,0,0,0,0,0,0,0,0,0,0,0,0,0,0,0,0,0
"130060024",4,5,15,7,11,77,32,3,1,8,4,6,39,17,1,4,7,3,5,38,15
"130060025",3,3,6,5,9,34,14,1,1,3,3,4,15,6,2,2,3,2,5,19,8
"130060027",5,7,33,8,19,100,53,4,3,19,4,13,51,22,1,4,14,4,6,49,31
"130060028",13,19,35,17,36,163,44,7,10,17,8,17,79,19,6,9,18,9,19,84,25
"130060029",16,29,69,40,44,307,87,10,15,39,16,24,147,35,6,14,30,24,20,160,52
"130060030",18,18,31,17,27,193,94,14,12,12,8,17,85,49,4,6,19,9,10,108,45
"130060031",24,31,95,50,47,376,178,13,12,55,19,23,168,78,11,19,40,31,24,208,100
"130060032",7,11,26,13,17,107,40,3,6,9,8,7,49,21,4,5,17,5,10,58,19
"130060033",27,30,83,33,61,334,109,13,12,38,14,28,165,51,14,18,45,19,33,169,58
"130060034",5,4,12,4,8,61,43,2,2,5,3,2,30,24,3,2,7,1,6,31,19
"130060035",9,10,28,10,21,164,70,7,5,14,4,9,80,35,2,5,14,6,12,84,35
"130060036",32,31,64,25,37,192,66,15,17,32,15,12,94,30,17,14,32,10,25,98,36
"130060037",33,29,84,47,64,306,70,17,12,39,29,41,132,32,16,17,45,18,23,174,38
"130060038",32,39,108,47,77,409,151,14,26,56,28,38,185,76,18,13,52,19,39,224,75
"130060039",55,57,146,61,87,568,141,28,31,72,24,46,248,70,27,26,74,37,41,320,71
"130060040",2,4,10,9,8,64,41,1,3,5,6,4,29,19,1,1,5,3,4,35,22
"130060041",41,50,94,43,69,407,114,17,20,47,25,34,187,52,24,30,47,18,35,220,62
"130060042",13,18,30,25,23,158,50,5,6,19,14,9,68,24,8,12,11,11,14,90,26
"130060043",6,4,5,0,5,48,27,2,3,2,0,1,21,13,4,1,3,0,4,27,14
"130060044",61,66,146,87,111,730,182,30,36,58,45,62,354,83,31,30,88,42,49,376,99
"130060047",4,2,5,6,6,33,20,1,0,2,4,4,14,8,3,2,3,2,2,19,12
"130060049",0,0,0,0,0,0,0,0,0,0,0,0,0,0,0,0,0,0,0,0,0
"130060050",2,0,2,0,0,9,3,1,0,0,0,0,4,2,1,0,2,0,0,5,1
"130060051",14,7,35,17,33,135,31,10,6,15,7,16,66,16,4,1,20,10,17,69,15
"130060052",4,11,17,6,10,115,36,3,7,9,2,6,49,19,1,4,8,4,4,66,17
"130060054",10,10,15,6,22,82,36,7,5,7,1,8,38,20,3,5,8,5,14,44,16
"130060056",5,4,8,7,4,45,16,1,3,7,3,2,19,8,4,1,1,4,2,26,8
"130060057",0,2,3,2,2,19,3,0,0,0,1,0,8,3,0,2,3,1,2,11,0
"130060058",20,16,52,19,48,216,50,10,12,33,8,27,102,31,10,4,19,11,21,114,19
"130060063",21,19,41,26,34,205,82,12,14,21,14,21,91,43,9,5,20,12,13,114,39
"130060064",2,3,7,4,2,28,5,1,1,7,4,0,15,3,1,2,0,0,2,13,2
"130060066",3,3,8,4,8,23,6,1,2,6,2,3,9,3,2,1,2,2,5,14,3
"130060067",0,1,1,2,2,7,3,0,0,1,1,0,6,1,0,1,0,1,2,1,2
"130060068",20,20,65,38,48,181,36,11,7,29,19,25,79,15,9,13,36,19,23,102,21
"130060069",8,13,32,13,9,100,34,4,6,11,6,4,40,16,4,7,21,7,5,60,18
"130060070",7,9,23,15,16,93,24,4,5,15,7,11,42,13,3,4,8,8,5,51,11
"130060071",1,2,3,1,3,10,7,0,1,0,1,3,4,3,1,1,3,0,0,6,4
"130060072",1,1,8,1,4,22,11,0,0,7,0,3,13,6,1,1,1,1,1,9,5
"130060073",14,20,21,26,19,145,42,8,9,11,13,14,72,16,6,11,10,13,5,73,26
"130060074",2,0,1,2,1,16,14,1,0,1,0,0,8,9,1,0,0,2,1,8,5
"130060076",0,0,0,0,0,0,0,0,0,0,0,0,0,0,0,0,0,0,0,0,0
"130060077",0,0,0,0,0,0,0,0,0,0,0,0,0,0,0,0,0,0,0,0,0
"130060078",1,1,4,4,6,16,4,0,1,2,0,1,8,2,1,0,2,4,5,8,2
"130060079",11,17,34,19,27,137,34,5,6,18,10,17,63,18,6,11,16,9,10,74,16
"130060080",0,0,0,0,0,0,0,0,0,0,0,0,0,0,0,0,0,0,0,0,0
"130060081",0,0,0,0,0,0,0,0,0,0,0,0,0,0,0,0,0,0,0,0,0
"130060082",0,0,0,0,0,0,0,0,0,0,0,0,0,0,0,0,0,0,0,0,0
"130070001",228,299,690,306,504,2935,656,114,141,318,153,255,1363,317,114,158,372,153,249,1572,339
"1300700010051",15,25,55,20,33,219,37,7,15,28,6,19,102,17,8,10,27,14,14,117,20
"1300700010066",0,0,4,3,5,27,7,0,0,0,0,0,16,3,0,0,0,0,3,13,4
"1300700010070",22,21,44,24,42,195,36,9,7,15,8,21,94,19,13,14,29,16,21,101,17
"1300700010085",60,66,166,66,116,697,192,35,28,80,43,57,328,87,25,38,86,23,59,369,105
"130070001009A",120,180,407,186,302,1743,371,61,90,187,91,154,800,183,59,90,220,95,148,943,188
"1300700010102",10,6,14,7,6,54,13,0,0,6,3,0,27,8,8,5,8,4,4,29,5
"130070005",0,0,0,0,0,0,0,0,0,0,0,0,0,0,0,0,0,0,0,0,0
"130070006",0,0,0,0,0,0,0,0,0,0,0,0,0,0,0,0,0,0,0,0,0
"130070007",5,2,7,3,6,27,6,3,1,3,1,6,10,3,2,1,4,2,0,17,3
"130070008",0,0,0,0,0,0,0,0,0,0,0,0,0,0,0,0,0,0,0,0,0
"130070010",4,1,4,5,7,34,19,2,1,2,3,5,18,10,2,0,2,2,2,16,9
"130070011",0,1,0,0,2,2,2,0,0,0,0,1,1,1,0,1,0,0,1,1,1
"130070013",0,0,0,0,0,0,0,0,0,0,0,0,0,0,0,0,0,0,0,0,0
"130070014",0,0,0,0,0,0,0,0,0,0,0,0,0,0,0,0,0,0,0,0,0
"130070016",0,0,0,0,0,0,0,0,0,0,0,0,0,0,0,0,0,0,0,0,0
"130070018",0,0,0,2,3,8,5,0,0,0,1,0,4,3,0,0,0,1,3,4,2
"130070019",2,6,10,4,8,39,15,1,2,6,3,2,16,6,1,4,4,1,6,23,9
"130070020",2,1,5,2,3,16,6,1,0,4,0,3,8,3,1,1,1,2,0,8,3
"130070021",0,0,0,0,0,0,0,0,0,0,0,0,0,0,0,0,0,0,0,0,0
"130070022",0,0,0,0,0,0,0,0,0,0,0,0,0,0,0,0,0,0,0,0,0
"130070024",29,47,83,46,66,437,125,13,23,43,24,35,189,65,16,24,40,22,31,248,60
"130070025",24,30,52,33,53,314,69,12,13,27,18,23,150,30,12,17,25,15,30,164,39
"130070026",0,0,1,2,4,8,2,0,0,0,1,1,4,0,0,0,1,1,3,4,2
"130070029",0,0,0,0,0,0,0,0,0,0,0,0,0,0,0,0,0,0,0,0,0
"130070031",0,0,0,0,0,0,0,0,0,0,0,0,0,0,0,0,0,0,0,0,0
"130070032",24,18,51,28,42,322,92,16,11,28,14,25,143,45,8,7,23,14,17,179,47
"130070034",9,10,23,19,15,92,25,2,5,10,7,8,48,12,7,5,13,12,7,44,13
"130070035",29,29,62,29,49,323,59,13,17,27,14,26,156,26,16,12,35,15,23,167,33
"130070037",5,10,16,6,8,65,25,3,8,7,2,7,30,11,2,2,9,4,1,35,14
"130070038",1,1,4,0,0,10,6,1,1,0,0,0,5,3,0,0,4,0,0,5,3
"130070039",8,15,29,16,23,120,20,4,8,17,10,15,58,10,4,7,12,6,8,62,10
"130070041",4,2,5,2,1,16,4,3,2,2,2,0,8,2,1,0,3,0,1,8,2
"130070043",37,48,91,43,77,393,105,20,23,44,22,45,194,53,17,25,47,21,32,199,52
"130070046",0,0,0,0,0,0,0,0,0,0,0,0,0,0,0,0,0,0,0,0,0
"130070047",32,35,90,54,71,318,71,14,17,47,30,37,149,34,18,18,43,24,34,169,37
"130070048",0,0,0,0,0,0,0,0,0,0,0,0,0,0,0,0,0,0,0,0,0
"130070049",24,42,74,35,52,315,54,10,17,41,21,30,155,29,14,25,33,14,22,160,25
"130070051",15,30,51,25,40,223,60,8,19,28,13,21,95,39,7,11,23,12,19,128,21
"130070052",0,0,0,0,0,0,0,0,0,0,0,0,0,0,0,0,0,0,0,0,0
"130070055",9,5,10,4,5,63,7,3,3,4,2,1,27,3,6,2,6,2,4,36,4
"130070056",0,2,4,1,1,12,14,0,2,3,1,0,5,8,0,0,1,0,1,7,6
"130070064",0,0,0,0,0,0,0,0,0,0,0,0,0,0,0,0,0,0,0,0,0
"130070067",0,1,3,2,4,9,5,0,1,3,1,2,3,3,0,0,0,1,2,6,2
"130070068",0,0,0,1,1,0,5,0,0,0,1,1,0,3,0,0,0,0,0,0,2
"130070069",0,2,1,0,0,7,2,0,2,1,0,0,3,2,0,0,0,0,0,4,0
"130070071",0,0,0,0,0,0,0,0,0,0,0,0,0,0,0,0,0,0,0,0,0
"130070072",0,0,0,0,0,0,0,0,0,0,0,0,0,0,0,0,0,0,0,0,0
"130070073",0,0,0,0,0,0,0,0,0,0,0,0,0,0,0,0,0,0,0,0,0
"130070074",0,0,0,0,0,0,0,0,0,0,0,0,0,0,0,0,0,0,0,0,0
"130070079",0,0,0,0,0,0,0,0,0,0,0,0,0,0,0,0,0,0,0,0,0
"130070082",1,0,0,2,1,12,8,1,0,0,1,0,7,2,0,0,0,1,1,5,6
"130070085",0,2,1,1,1,10,5,0,2,1,0,1,5,1,0,0,0,1,0,5,4
"130070086",4,7,5,1,2,21,10,3,4,2,0,1,9,6,1,3,3,1,1,12,4
"130070090",0,0,2,0,3,11,3,0,0,2,0,0,5,1,0,0,0,0,3,6,2
"130070091",0,0,0,0,0,0,0,0,0,0,0,0,0,0,0,0,0,0,0,0,0
"130070098",2,0,5,6,6,24,2,1,0,4,3,4,13,1,1,0,1,3,2,11,1
"130070099",0,0,0,0,0,0,0,0,0,0,0,0,0,0,0,0,0,0,0,0,0
"130070104",0,1,4,0,3,8,1,0,0,2,0,2,4,0,0,1,2,0,1,4,1
"130070106",1,2,1,3,2,12,5,0,0,0,3,1,6,3,1,2,1,0,1,6,2
"130070108",0,0,0,0,0,0,0,0,0,0,0,0,0,0,0,0,0,0,0,0,0
"130070109",0,0,0,0,0,0,0,0,0,0,0,0,0,0,0,0,0,0,0,0,0
"130070111",4,8,13,4,10,65,18,0,6,6,3,5,36,9,4,2,7,1,5,29,9
"130070114",0,0,0,0,0,0,0,0,0,0,0,0,0,0,0,0,0,0,0,0,0
"130070116",0,0,0,0,0,0,0,0,0,0,0,0,0,0,0,0,0,0,0,0,0
"130070118",0,0,0,0,0,0,0,0,0,0,0,0,0,0,0,0,0,0,0,0,0
"130070121",0,0,0,0,0,0,0,0,0,0,0,0,0,0,0,0,0,0,0,0,0
"130070125",0,0,0,0,0,0,0,0,0,0,0,0,0,0,0,0,0,0,0,0,0
"130070128",3,1,1,0,3,10,1,2,0,1,0,2,6,1,1,1,0,0,1,4,0
"130070136",2,8,14,7,5,46,16,0,4,4,5,3,20,8,2,4,10,2,2,26,8
"130070139",0,0,0,0,0,0,0,0,0,0,0,0,0,0,0,0,0,0,0,0,0
"130070152",0,0,0,0,0,0,0,0,0,0,0,0,0,0,0,0,0,0,0,0,0
"130070157",0,0,0,0,0,0,0,0,0,0,0,0,0,0,0,0,0,0,0,0,0
"130070165",0,0,0,0,0,0,0,0,0,0,0,0,0,0,0,0,0,0,0,0,0
"130070167",1,2,2,0,1,9,3,1,2,0,0,0,5,1,0,0,2,0,1,4,2
"130070168",0,0,1,2,2,13,6,0,0,0,1,2,7,4,0,0,1,1,0,6,2
"130070169",1,0,1,0,0,7,0,0,0,0,0,0,4,0,1,0,1,0,0,3,0
"130070170",3,2,9,0,4,15,3,2,0,3,0,1,8,2,1,2,6,0,3,7,1
"130070171",2,1,1,0,1,7,0,0,0,1,0,0,4,0,2,1,0,0,1,3,0
"130070172",3,4,1,1,6,18,0,2,1,1,0,2,9,0,1,3,0,1,4,9,0
"130070173",0,0,0,0,0,0,0,0,0,0,0,0,0,0,0,0,0,0,0,0,0
"130070174",0,0,0,0,0,0,0,0,0,0,0,0,0,0,0,0,0,0,0,0,0
"130070175",0,1,3,1,1,7,2,0,1,2,1,1,3,1,0,0,1,0,0,4,1
"130070176",1,0,5,1,3,13,4,0,0,1,1,1,6,2,1,0,4,0,2,7,2
"130070177",0,0,2,3,4,8,2,0,0,0,2,2,4,2,0,0,2,1,2,4,0
"130070178",0,0,0,0,0,0,0,0,0,0,0,0,0,0,0,0,0,0,0,0,0
"130070179",0,0,0,0,0,0,0,0,0,0,0,0,0,0,0,0,0,0,0,0,0
"130080001",1158,1406,2855,1403,2447,15564,3958,566,733,1442,721,1213,7061,1767,592,673,1413,682,1234,8503,2191
"1300800010059",81,111,213,96,184,1402,481,45,59,109,53,97,687,213,36,52,104,43,87,715,268
"1300800010063",126,149,355,164,299,1987,688,62,83,196,81,142,878,306,64,66,159,83,157,1109,382
"1300800010097",158,198,400,214,335,2144,563,71,94,204,107,160,964,262,87,104,196,107,175,1180,301
"1300800010114",98,104,206,103,172,1012,154,53,55,101,58,85,445,72,45,49,105,45,87,567,82
"1300800010152",101,101,230,137,236,1436,545,56,55,112,67,135,636,229,45,46,118,70,101,800,316
"1300800010167",72,74,172,83,148,833,226,34,33,73,45,80,380,95,38,41,99,38,68,453,131
"1300800010171",87,109,258,114,212,1320,369,45,54,132,48,93,601,180,42,55,126,66,119,719,189
"1300800010186",61,89,194,91,151,977,208,28,41,95,43,70,447,99,33,48,99,48,81,530,109
"1300800010190",19,13,30,22,26,143,19,13,7,13,9,12,64,6,6,6,17,13,14,79,13
"1300800010203",21,25,52,25,39,226,34,8,16,29,12,16,107,13,13,9,23,13,23,119,21
"1300800010218",15,30,42,11,32,235,26,5,14,19,8,14,109,12,10,16,23,3,18,126,14
"1300800010237",5,9,10,3,6,48,7,0,7,4,3,3,20,4,4,0,6,0,3,28,3
"1300800010241",8,6,10,7,26,140,14,0,4,4,7,16,64,8,6,0,6,0,10,76,6
"1300800010256",20,43,55,27,42,296,27,9,22,25,14,22,138,16,11,21,30,13,20,158,11
"1300800010260",41,46,96,55,109,574,51,18,24,49,31,54,266,26,23,22,47,24,55,308,25
"1300800010275",4,0,4,3,9,47,6,0,0,0,0,6,28,0,3,0,0,3,3,21,4
"130080001028A",102,103,198,100,180,1052,206,50,61,99,59,81,479,90,52,42,99,41,99,573,116
"1300800010294",97,150,232,101,178,1271,310,42,74,123,56,96,557,128,55,76,109,45,82,714,182
"1300800010307",42,45,98,47,63,421,24,23,29,53,20,31,193,6,19,16,45,27,32,228,18
"130080002",53,45,80,49,80,513,107,30,25,44,25,49,249,45,23,20,36,24,31,264,62
"130080003",18,19,33,18,35,134,40,7,12,14,8,15,65,20,11,7,19,10,20,69,20
"130080004",19,11,27,14,25,123,33,12,7,14,7,13,59,17,7,4,13,7,12,64,16
"130080005",109,152,247,117,232,1465,371,58,88,116,59,112,700,177,51,64,131,58,120,765,194
"1300800050129",56,88,141,78,132,864,218,28,53,70,40,53,415,103,28,35,71,38,79,449,115
"1300800050133",53,64,106,39,100,601,153,30,35,46,19,59,285,74,23,29,60,20,41,316,79
"130080006",0,0,0,0,0,0,0,0,0,0,0,0,0,0,0,0,0,0,0,0,0
"130080007",36,30,83,40,80,409,136,19,14,44,23,45,194,70,17,16,39,17,35,215,66
"130080009",83,95,176,99,182,924,181,37,55,78,45,92,437,89,46,40,98,54,90,487,92
"130080011",139,142,372,140,282,1504,378,86,78,203,79,134,722,188,53,64,169,61,148,782,190
"1300800110148",48,58,138,56,104,565,121,30,32,89,32,54,275,62,18,26,49,24,50,290,59
"1300800110311",91,84,234,84,178,939,257,56,46,114,47,80,447,126,35,38,120,37,98,492,131
"130080013",37,29,49,39,46,247,37,20,12,31,18,22,116,19,17,17,18,21,24,131,18
"130080014",38,37,94,54,91,345,76,20,15,44,29,48,162,39,18,22,50,25,43,183,37
"130080015",15,11,38,24,36,165,69,6,7,20,13,19,86,39,9,4,18,11,17,79,30
"130080016",26,10,35,21,35,157,48,13,7,15,10,18,69,25,13,3,20,11,17,88,23
"130080017",8,7,11,8,10,59,27,4,4,3,6,5,26,13,4,3,8,2,5,33,14
"130080018",17,24,56,39,38,206,52,8,7,23,28,21,89,26,9,17,33,11,17,117,26
"130080019",23,34,59,30,58,316,90,12,19,31,16,30,138,43,11,15,28,14,28,178,47
"130080020",46,74,129,58,98,655,152,25,34,70,26,52,304,78,21,40,59,32,46,351,74
"130080021",3,2,5,6,4,30,16,1,1,3,3,2,15,8,2,1,2,3,2,15,8
"130080022",2,0,3,1,1,8,3,0,0,2,0,1,3,2,2,0,1,1,0,5,1
"130080023",2,5,12,11,14,77,26,0,2,7,6,9,39,17,2,3,5,5,5,38,9
"130080024",7,2,17,2,6,50,13,0,1,12,1,1,25,6,7,1,5,1,5,25,7
"130080026",11,15,23,11,18,121,30,8,12,9,7,11,60,17,3,3,14,4,7,61,13
"130080028",5,8,16,5,4,42,14,1,2,6,2,3,18,7,4,6,10,3,1,24,7
"130080032",13,12,16,13,9,91,23,7,7,8,6,4,43,11,6,5,8,7,5,48,12
"130080033",4,1,2,3,2,14,10,3,1,2,2,0,7,5,1,0,0,1,2,7,5
"130080035",0,0,0,0,0,0,0,0,0,0,0,0,0,0,0,0,0,0,0,0,0
"130080037",1,0,1,2,4,11,2,0,0,1,1,2,4,0,1,0,0,1,2,7,2
"130080039",1,0,2,0,1,7,1,1,0,2,0,1,4,0,0,0,0,0,0,3,1
"130080040",0,0,0,0,0,0,0,0,0,0,0,0,0,0,0,0,0,0,0,0,0
"130080041",1,0,2,0,0,4,5,1,0,1,0,0,2,3,0,0,1,0,0,2,2
"130080042",0,0,0,0,0,0,0,0,0,0,0,0,0,0,0,0,0,0,0,0,0
"130080043",0,0,3,3,0,4,6,0,0,3,1,0,2,3,0,0,0,2,0,2,3
"130080044",0,3,2,1,0,5,1,0,2,1,0,0,3,1,0,1,1,1,0,2,0
"130080045",0,0,0,0,0,0,0,0,0,0,0,0,0,0,0,0,0,0,0,0,0
"130080046",0,0,0,0,0,0,0,0,0,0,0,0,0,0,0,0,0,0,0,0,0
"130080047",1,2,4,0,1,12,8,1,1,2,0,1,7,3,0,1,2,0,0,5,5
"130080048",0,0,0,0,0,0,0,0,0,0,0,0,0,0,0,0,0,0,0,0,0
"130080049",3,0,5,3,5,23,9,1,0,2,1,3,13,2,2,0,3,2,2,10,7
"130080051",51,37,102,41,71,424,89,28,22,38,24,35,215,38,23,15,64,17,36,209,51
"130080052",0,0,0,0,0,0,0,0,0,0,0,0,0,0,0,0,0,0,0,0,0
"130080053",3,3,5,3,7,23,7,2,0,3,2,5,11,6,1,3,2,1,2,12,1
"130080059",0,0,0,0,0,0,0,0,0,0,0,0,0,0,0,0,0,0,0,0,0
"130080061",0,0,0,0,0,0,0,0,0,0,0,0,0,0,0,0,0,0,0,0,0
"130080062",2,4,7,5,5,22,12,2,3,1,3,2,9,5,0,1,6,2,3,13,7
"130080063",3,1,0,2,0,6,2,2,0,0,0,0,3,1,1,1,0,2,0,3,1
"130080067",4,3,10,3,3,42,5,1,2,5,3,2,19,1,3,1,5,0,1,23,4
"130080069",0,0,0,0,0,0,0,0,0,0,0,0,0,0,0,0,0,0,0,0,0
"130080077",0,0,0,0,0,0,0,0,0,0,0,0,0,0,0,0,0,0,0,0,0
"130080094",0,0,0,0,0,0,0,0,0,0,0,0,0,0,0,0,0,0,0,0,0
"130080100",5,5,6,0,4,22,4,2,3,3,0,1,12,2,3,2,3,0,3,10,2
"130080102",0,1,3,1,3,17,3,0,1,1,0,1,6,1,0,0,2,1,2,11,2
"130080106",0,0,0,0,0,0,0,0,0,0,0,0,0,0,0,0,0,0,0,0,0
"130080111",1,2,1,0,1,5,1,0,1,0,0,0,1,0,1,1,1,0,1,4,1
"130080114",0,0,0,0,0,0,0,0,0,0,0,0,0,0,0,0,0,0,0,0,0
"130080123",0,0,0,0,0,0,0,0,0,0,0,0,0,0,0,0,0,0,0,0,0
"130080126",0,0,0,0,0,0,0,0,0,0,0,0,0,0,0,0,0,0,0,0,0
"130080127",3,0,4,1,0,18,12,1,0,2,0,0,12,11,2,0,2,1,0,6,1
"130080141",1,0,5,1,2,12,2,1,0,3,0,1,3,1,0,0,2,1,1,9,1
"130080143",0,0,0,0,0,0,0,0,0,0,0,0,0,0,0,0,0,0,0,0,0
"130080171",0,0,0,0,0,0,0,0,0,0,0,0,0,0,0,0,0,0,0,0,0
"130080194",3,0,4,3,3,10,4,2,0,1,0,2,3,1,1,0,3,3,1,7,3
"130080200",29,39,69,25,54,319,60,15,22,30,12,29,151,28,14,17,39,13,25,168,32
"130080201",1,0,3,0,2,7,3,0,0,1,0,2,3,1,1,0,2,0,0,4,2
"130080202",0,0,0,0,0,0,0,0,0,0,0,0,0,0,0,0,0,0,0,0,0
"130080205",1,0,2,2,4,10,5,1,0,1,1,1,5,1,0,0,1,1,3,5,4
"130080206",5,3,4,4,8,45,9,2,2,3,3,4,22,6,3,1,1,1,4,23,3
"130080208",0,0,0,0,0,0,0,0,0,0,0,0,0,0,0,0,0,0,0,0,0
"130080210",0,0,1,0,0,5,0,0,0,1,0,0,2,0,0,0,0,0,0,3,0
"130080211",2,2,0,1,9,31,6,1,0,0,0,6,16,2,1,2,0,1,3,15,4
"130080213",0,0,2,1,0,5,0,0,0,2,0,0,3,0,0,0,0,1,0,2,0
"130080215",1,1,2,0,2,5,0,1,1,2,0,1,2,0,0,0,0,0,1,3,0
"130080216",0,0,0,0,0,0,0,0,0,0,0,0,0,0,0,0,0,0,0,0,0
"130080218",21,28,38,26,34,205,33,8,12,18,9,19,97,15,13,16,20,17,15,108,18
"130080219",0,0,0,0,0,0,0,0,0,0,0,0,0,0,0,0,0,0,0,0,0
"130080220",0,4,2,0,1,8,4,0,0,1,0,0,4,1,0,4,1,0,1,4,3
"130080221",1,2,1,0,0,6,1,0,1,0,0,0,3,1,1,1,1,0,0,3,0
"130080222",1,2,3,0,1,8,4,0,2,1,0,0,5,3,1,0,2,0,1,3,1
"130080223",0,0,0,0,0,0,0,0,0,0,0,0,0,0,0,0,0,0,0,0,0
"130080230",4,4,13,4,7,39,7,4,1,4,3,2,17,4,0,3,9,1,5,22,3
"130080233",3,7,23,11,20,88,15,1,3,13,6,12,42,5,2,4,10,5,8,46,10
"130080235",1,1,6,4,9,25,6,0,0,3,3,3,9,3,1,1,3,1,6,16,3
"130080236",0,0,0,0,0,0,0,0,0,0,0,0,0,0,0,0,0,0,0,0,0
"130080237",5,3,14,6,10,48,2,2,2,10,4,7,22,0,3,1,4,2,3,26,2
"130080238",3,0,2,2,3,20,3,3,0,0,1,2,11,1,0,0,2,1,1,9,2
"130090001",157,210,436,181,337,1879,378,77,106,228,90,165,880,170,80,104,208,91,172,999,208
"1300900010060",26,24,41,13,39,173,33,12,13,19,5,16,78,17,14,11,22,8,23,95,16
"1300900010126",39,51,112,58,104,510,107,17,29,61,27,52,242,57,22,22,51,31,52,268,50
"1300900010130",25,38,110,42,77,419,80,12,21,70,24,46,197,30,13,17,40,18,31,222,50
"1300900010145",20,20,34,14,17,200,47,13,6,12,5,7,91,18,7,14,22,9,10,109,29
"130090001015A",47,77,139,54,100,577,111,23,37,66,29,44,272,48,24,40,73,25,56,305,63
"130090002",74,89,173,77,140,770,167,39,44,84,39,66,359,76,35,45,89,38,74,411,91
"130090003",24,21,45,16,51,233,60,17,7,18,9,16,109,29,7,14,27,7,35,124,31
"130090004",20,29,53,28,43,267,85,11,17,28,11,16,127,45,9,12,25,17,27,140,40
"130090005",86,146,300,132,251,1436,321,43,79,155,69,130,684,142,43,67,145,63,121,752,179
"1300900050107",53,98,182,75,147,834,162,29,54,94,40,78,393,72,24,44,88,35,69,441,90
"1300900050111",33,48,118,57,104,602,159,14,25,61,29,52,291,70,19,23,57,28,52,311,89
"130090006",36,46,110,48,84,549,151,19,25,51,29,45,245,80,17,21,59,19,39,304,71
"130090007",78,119,221,109,183,939,174,42,65,118,56,85,456,74,36,54,103,53,98,483,100
"130090008",44,59,130,55,72,536,133,26,31,71,27,26,243,72,18,28,59,28,46,293,61
"130090009",14,25,60,38,30,225,92,4,12,30,20,18,110,43,10,13,30,18,12,115,49
"130090010",0,1,1,2,0,6,1,0,0,1,0,0,4,0,0,1,0,2,0,2,1
"130090011",90,114,228,104,235,1222,250,45,58,114,47,112,583,124,45,56,114,57,123,639,126
"130090012",38,40,86,33,60,397,84,15,23,52,22,32,182,39,23,17,34,11,28,215,45
"130090013",27,40,86,35,66,417,59,16,22,44,19,38,196,30,11,18,42,16,28,221,29
"130090016",7,12,19,15,17,85,19,3,5,7,5,7,41,12,4,7,12,10,10,44,7
"130090017",4,1,4,6,5,31,14,2,0,0,2,0,15,6,2,1,4,4,5,16,8
"130090018",37,50,136,69,86,476,102,17,21,68,37,43,219,48,20,29,68,32,43,257,54
"130090020",45,44,114,62,113,509,122,19,24,53,28,58,233,57,26,20,61,34,55,276,65
"130090021",1,3,11,7,17,73,15,1,0,8,3,7,39,9,0,3,3,4,10,34,6
"130090024",3,6,9,4,10,44,7,3,3,2,2,3,22,2,0,3,7,2,7,22,5
"130090027",3,3,1,3,8,28,9,1,1,0,1,4,13,4,2,2,1,2,4,15,5
"130090028",2,3,10,3,9,33,5,2,1,7,1,2,17,3,0,2,3,2,7,16,2
"130090029",2,4,6,2,9,43,12,1,1,6,1,4,18,5,1,3,0,1,5,25,7
"130090030",0,0,0,0,0,0,0,0,0,0,0,0,0,0,0,0,0,0,0,0,0
"130090031",9,9,28,16,20,130,22,3,3,14,9,14,67,10,6,6,14,7,6,63,12
"130090032",1,5,18,6,10,73,19,0,3,10,1,8,36,10,1,2,8,5,2,37,9
"130090033",1,6,12,5,0,28,7,0,3,9,1,0,14,5,1,3,3,4,0,14,2
"130100001",257,332,657,344,590,3820,924,124,182,321,162,272,1822,457,133,150,336,182,318,1998,467
"1301000010023",84,103,213,109,188,1352,468,35,53,100,61,82,641,222,49,50,113,48,106,711,246
"1301000010042",163,218,425,225,379,2311,442,85,124,211,92,178,1100,227,78,94,214,133,201,1211,215
"1301000010165",5,7,14,7,10,56,3,0,3,7,6,7,31,0,4,4,7,0,3,28,0
"130100001017A",5,4,5,3,13,101,11,3,0,3,3,5,52,6,0,0,0,0,8,49,5
"130100002",449,641,1195,599,1046,6926,1225,234,321,589,326,550,3360,620,215,320,606,273,496,3566,605
"1301000020080",131,193,357,195,318,2168,416,64,92,180,107,168,1080,202,67,101,177,88,150,1088,214
"1301000020095",119,150,282,136,243,1593,344,65,77,129,73,121,747,170,54,73,153,63,122,846,174
"1301000020108",109,144,278,131,248,1486,243,59,76,140,66,135,726,140,50,68,138,65,113,760,103
"1301000020184",17,32,39,20,62,381,71,9,17,12,14,31,191,33,8,15,27,6,31,190,38
"1301000020199",0,0,0,0,0,0,0,0,0,0,0,0,0,0,0,0,0,0,0,0,0
"1301000020254",18,21,62,26,45,379,102,4,6,31,13,22,166,54,14,15,31,13,23,213,48
"1301000020269",21,44,64,31,49,309,12,13,19,35,16,25,153,3,8,25,29,15,24,156,9
"1301000020362",34,56,112,60,81,608,37,20,33,62,37,48,296,18,14,23,50,23,33,312,19
"130100006",148,200,346,191,297,1911,323,68,97,184,99,161,892,161,80,103,162,92,136,1019,162
"1301000060273",147,197,342,189,295,1894,320,68,95,183,97,160,885,160,79,102,159,92,135,1009,160
"1301000060343",0,0,0,0,0,16,0,0,0,0,0,0,8,0,0,0,0,0,0,8,0
"1301000060358",0,0,0,0,0,6,0,0,0,0,0,0,0,0,0,0,0,0,0,5,0
"130100007",113,124,302,155,243,1520,340,60,55,159,77,134,733,170,53,69,143,78,109,787,170
"1301000070038",113,124,302,155,243,1520,340,60,55,159,77,134,733,170,53,69,143,78,109,787,170
"130100008",175,194,375,196,324,2173,448,88,104,198,110,157,1031,218,87,90,177,86,167,1142,230
"1301000080288",43,37,112,56,91,602,163,24,20,60,33,47,296,79,19,17,52,23,44,306,84
"1301000080292",52,67,111,57,114,682,143,21,33,53,35,55,322,71,31,34,58,22,59,360,72
"1301000080305",69,75,123,66,99,710,121,33,44,71,33,46,327,57,36,31,52,33,53,383,64
"130100008031A",11,15,29,17,20,179,21,10,7,14,9,9,86,11,0,8,15,8,11,93,10
"130100009",0,0,0,0,0,0,0,0,0,0,0,0,0,0,0,0,0,0,0,0,0
"130100010",0,0,0,0,0,0,0,0,0,0,0,0,0,0,0,0,0,0,0,0,0
"130100011",0,0,0,0,0,0,0,0,0,0,0,0,0,0,0,0,0,0,0,0,0
"130100012",65,77,144,75,105,1037,493,40,45,72,36,51,486,227,25,32,72,39,54,551,266
"130100013",5,5,13,7,9,49,10,4,2,7,4,6,21,9,1,3,6,3,3,28,1
"130100014",8,9,27,14,23,126,14,5,6,16,9,9,66,5,3,3,11,5,14,60,9
"130100017",0,0,0,0,0,0,0,0,0,0,0,0,0,0,0,0,0,0,0,0,0
"130100024",0,0,0,0,0,0,0,0,0,0,0,0,0,0,0,0,0,0,0,0,0
"130100025",2,1,1,0,1,8,3,2,1,1,0,0,5,2,0,0,0,0,1,3,1
"130100026",0,0,2,0,2,11,3,0,0,1,0,2,5,2,0,0,1,0,0,6,1
"130100028",1,2,1,0,4,9,7,0,1,0,0,1,4,4,1,1,1,0,3,5,3
"130100029",0,0,0,0,0,0,0,0,0,0,0,0,0,0,0,0,0,0,0,0,0
"130100032",0,0,0,0,0,0,0,0,0,0,0,0,0,0,0,0,0,0,0,0,0
"130100033",1,0,2,0,1,6,5,1,0,2,0,1,3,2,0,0,0,0,0,3,3
"130100034",0,0,0,0,0,0,0,0,0,0,0,0,0,0,0,0,0,0,0,0,0
"130110001",116,156,305,189,275,1527,392,61,76,158,92,139,695,172,55,80,147,97,136,832,220
"1301100010069",60,70,151,93,136,779,225,33,26,81,40,68,354,95,27,44,70,53,68,425,130
"1301100010088",26,53,92,59,87,454,76,15,33,47,31,47,211,35,11,20,45,28,40,243,41
"1301100010092",24,23,46,28,37,230,85,10,10,21,14,17,101,38,14,13,25,14,20,129,47
"1301100010105",6,10,16,9,15,64,6,3,7,9,7,7,29,4,3,3,7,0,8,37,0
"130110002",47,41,112,69,87,409,134,25,23,57,32,38,177,67,22,18,55,37,49,232,67
"130110003",8,16,35,14,24,176,80,6,13,19,8,12,85,46,2,3,16,6,12,91,34
"130110004",13,12,32,17,32,110,51,6,5,19,5,15,47,24,7,7,13,12,17,63,27
"130110005",21,18,53,34,52,241,73,13,11,24,18,27,115,35,8,7,29,16,25,126,38
"130110006",14,21,45,11,41,180,69,4,15,22,4,15,91,38,10,6,23,7,26,89,31
"130110007",19,37,50,31,50,256,94,9,18,29,13,28,104,46,10,19,21,18,22,152,48
"130110008",47,45,84,55,86,310,111,21,21,39,37,48,145,53,26,24,45,18,38,165,58
"130110009",22,24,54,34,37,235,125,11,18,24,16,18,103,59,11,6,30,18,19,132,66
"130110010",54,66,141,110,147,553,339,31,26,63,60,77,247,159,23,40,78,50,70,306,180
"130110011",13,13,28,14,37,172,57,4,5,12,6,17,85,33,9,8,16,8,20,87,24
"130110012",4,8,9,7,7,41,10,3,5,2,5,5,20,4,1,3,7,2,2,21,6
"130110016",28,42,55,25,54,338,113,14,20,29,14,30,161,52,14,22,26,11,24,177,61
"130110017",7,7,18,12,14,64,34,2,3,8,5,7,31,15,5,4,10,7,7,33,19
"130110018",6,8,19,9,12,73,38,3,4,11,5,7,35,18,3,4,8,4,5,38,20
"130110019",45,53,115,64,87,462,287,22,30,61,31,38,218,150,23,23,54,33,49,244,137
"130110020",7,9,32,19,31,104,30,3,2,14,8,16,49,16,4,7,18,11,15,55,14
"130110021",7,10,13,12,16,67,38,5,6,8,8,4,31,20,2,4,5,4,12,36,18
"130110022",70,80,179,101,146,690,242,37,46,99,48,79,320,105,33,34,80,53,67,370,137
"130110023",12,11,32,14,18,116,57,5,4,18,10,7,49,26,7,7,14,4,11,67,31
"130110025",2,1,7,5,3,26,9,1,1,1,4,1,10,4,1,0,6,1,2,16,5
"130110027",0,6,4,3,2,11,0,0,6,1,1,2,4,0,0,0,3,2,0,7,0
"130110028",0,0,1,0,1,7,8,0,0,0,0,0,3,4,0,0,1,0,1,4,4
"130110029",14,29,53,29,61,224,104,7,13,23,13,34,98,46,7,16,30,16,27,126,58
"130110030",5,3,7,8,17,45,21,2,2,3,3,11,20,9,3,1,4,5,6,25,12
"130110031",39,42,90,62,72,390,109,16,26,49,37,41,188,49,23,16,41,25,31,202,60
"130110032",46,44,157,90,104,535,281,19,19,72,38,58,249,127,27,25,85,52,46,286,154
"130110033",28,30,99,47,94,485,186,13,13,49,27,48,220,93,15,17,50,20,46,265,93
"130110034",0,0,0,0,0,0,0,0,0,0,0,0,0,0,0,0,0,0,0,0,0
"130110035",36,24,71,49,44,265,100,21,12,36,28,21,117,52,15,12,35,21,23,148,48
"130110036",25,22,68,47,55,235,85,14,12,32,23,33,113,37,11,10,36,24,22,122,48
"130110037",12,13,51,23,37,169,78,6,9,24,14,20,78,32,6,4,27,9,17,91,46
"130110038",6,9,24,8,19,97,43,4,6,15,4,10,45,19,2,3,9,4,9,52,24
"130110039",13,14,28,15,11,102,38,9,7,15,9,3,48,19,4,7,13,6,8,54,19
"130110040",11,11,13,14,17,127,35,5,7,6,7,6,61,18,6,4,7,7,11,66,17
"130110041",0,0,0,0,0,3,3,0,0,0,0,0,2,2,0,0,0,0,0,1,1
"130110045",6,9,18,9,19,68,21,1,5,10,2,11,29,14,5,4,8,7,8,39,7
"130110051",3,2,4,2,1,17,9,1,2,1,1,0,8,5,2,0,3,1,1,9,4
"130110053",2,0,3,2,0,17,2,1,0,2,2,0,9,1,1,0,1,0,0,8,1
"130110054",0,0,0,0,0,0,0,0,0,0,0,0,0,0,0,0,0,0,0,0,0
"130110057",8,2,13,6,10,44,9,4,1,8,5,4,22,3,4,1,5,1,6,22,6
"130110060",0,0,0,0,0,0,0,0,0,0,0,0,0,0,0,0,0,0,0,0,0
"130110061",0,0,1,1,0,2,5,0,0,1,0,0,0,3,0,0,0,1,0,2,2
"130110062",5,7,16,10,15,50,14,3,3,7,4,8,24,9,2,4,9,6,7,26,5
"130110063",0,0,0,0,0,0,0,0,0,0,0,0,0,0,0,0,0,0,0,0,0
"130110064",0,0,0,0,0,0,0,0,0,0,0,0,0,0,0,0,0,0,0,0,0
"130110066",0,0,0,0,0,0,0,0,0,0,0,0,0,0,0,0,0,0,0,0,0
"130110067",8,11,20,13,27,94,12,5,4,8,8,13,43,7,3,7,12,5,14,51,5
"130110068",0,0,0,0,0,0,0,0,0,0,0,0,0,0,0,0,0,0,0,0,0
"130110069",0,0,0,0,0,0,0,0,0,0,0,0,0,0,0,0,0,0,0,0,0
"130120001",355,400,898,436,742,4567,1019,175,182,448,239,370,2057,432,180,218,450,197,372,2510,587
"1301200010085",82,80,154,81,138,810,119,32,33,73,43,64,366,50,50,47,81,38,74,444,69
"1301200010117",122,139,305,169,256,1608,340,75,65,151,97,123,746,159,47,74,154,72,133,862,181
"1301200010121",46,65,122,55,99,610,139,22,25,65,32,53,268,59,24,40,57,23,46,342,80
"1301200010136",50,57,159,72,118,811,232,23,26,83,37,54,360,98,27,31,76,35,64,451,134
"1301200010140",49,50,135,50,112,636,182,21,26,63,28,67,271,65,28,24,72,22,45,365,117
"1301200010155",5,8,18,9,18,82,7,0,6,10,0,8,43,0,4,0,8,7,10,40,6
"130120001016A",0,0,5,0,0,11,0,0,0,3,0,0,5,0,0,0,0,0,0,6,0
"130120002",40,59,102,53,70,372,71,18,32,56,28,34,184,30,22,27,46,25,36,188,41
"130120003",26,34,83,38,39,364,123,12,17,40,18,21,161,64,14,17,43,20,18,203,59
"130120004",56,49,106,43,80,431,64,25,24,56,20,40,203,30,31,25,50,23,40,228,34
"130120005",17,17,55,27,34,193,64,6,5,31,12,20,88,32,11,12,24,15,14,105,32
"130120006",23,27,54,30,35,239,62,8,17,31,16,14,115,27,15,10,23,14,21,124,35
"130120007",11,14,32,13,19,199,57,5,5,15,9,5,97,29,6,9,17,4,14,102,28
"130120008",7,12,20,13,13,97,43,2,4,12,6,7,42,24,5,8,8,7,6,55,19
"130120009",87,107,253,112,190,952,180,39,54,119,60,79,445,86,48,53,134,52,111,507,94
"130120011",70,78,169,76,115,559,87,38,41,83,41,61,268,41,32,37,86,35,54,291,46
"130120012",4,4,8,5,5,46,24,1,1,2,2,4,22,10,3,3,6,3,1,24,14
"130120013",2,0,5,7,10,44,29,2,0,2,3,7,19,12,0,0,3,4,3,25,17
"130120014",1,5,5,3,4,20,11,0,1,1,2,2,10,5,1,4,4,1,2,10,6
"130120015",23,18,39,15,38,170,28,9,5,21,7,16,74,10,14,13,18,8,22,96,18
"130120016",4,2,2,1,2,31,23,3,0,1,1,0,13,11,1,2,1,0,2,18,12
"130120017",9,14,25,5,24,97,17,6,8,12,3,8,50,7,3,6,13,2,16,47,10
"130120018",50,63,140,83,116,621,122,24,33,75,35,56,291,55,26,30,65,48,60,330,67
"130120019",1,4,8,9,11,36,25,0,1,4,7,6,17,11,1,3,4,2,5,19,14
"130120020",7,8,24,7,12,93,27,4,5,14,3,9,44,16,3,3,10,4,3,49,11
"130120021",1,3,5,2,1,23,13,0,1,1,1,0,8,8,1,2,4,1,1,15,5
"130120022",91,83,183,82,130,799,243,46,39,93,39,68,363,102,45,44,90,43,62,436,141
"130120023",11,8,27,10,19,87,24,5,4,14,7,5,36,12,6,4,13,3,14,51,12
"130120024",2,7,14,8,3,57,16,1,2,8,7,0,32,6,1,5,6,1,3,25,10
"130120025",17,14,18,11,25,114,33,11,8,11,6,11,60,12,6,6,7,5,14,54,21
"130120026",1,3,4,1,3,14,15,1,0,3,0,0,6,7,0,3,1,1,3,8,8
"130120027",17,22,44,23,33,200,110,10,15,27,8,21,77,47,7,7,17,15,12,123,63
"130120028",12,18,41,17,19,210,54,7,7,16,7,11,96,23,5,11,25,10,8,114,31
"130120029",9,10,18,9,19,168,54,5,4,10,5,6,77,24,4,6,8,4,13,91,30
"130120030",1,2,6,1,6,26,37,1,2,3,0,4,13,20,0,0,3,1,2,13,17
"130120031",6,3,10,5,14,51,31,3,2,4,2,6,26,15,3,1,6,3,8,25,16
"130120032",15,9,29,11,18,118,45,10,4,15,4,11,60,24,5,5,14,7,7,58,21
"130120033",63,66,152,84,116,750,279,35,33,74,35,44,347,125,28,33,78,49,72,403,154
"130120034",18,16,36,19,22,135,45,6,3,20,10,10,63,15,12,13,16,9,12,72,30
"130120035",6,11,12,12,13,86,25,5,6,8,8,8,38,10,1,5,4,4,5,48,15
"130120036",11,7,14,7,16,85,45,9,3,9,5,7,41,24,2,4,5,2,9,44,21
"130120037",32,41,71,28,39,287,54,16,18,37,17,17,119,27,16,23,34,11,22,168,27
"130120038",33,36,113,52,78,448,105,17,16,52,32,46,206,51,16,20,61,20,32,242,54
"130120039",43,49,131,71,92,507,131,21,24,73,44,53,234,65,22,25,58,27,39,273,66
"130120040",3,1,10,4,9,34,5,1,0,6,3,6,15,2,2,1,4,1,3,19,3
"130120041",12,13,23,9,14,111,12,5,5,12,4,6,54,7,7,8,11,5,8,57,5
"130120042",10,21,37,16,31,185,95,4,12,20,9,18,81,45,6,9,17,7,13,104,50
"130120043",10,11,35,27,29,133,35,7,6,18,13,12,68,11,3,5,17,14,17,65,24
"130120044",0,0,0,0,0,0,0,0,0,0,0,0,0,0,0,0,0,0,0,0,0
"130120045",0,1,7,2,4,34,11,0,0,3,1,2,14,5,0,1,4,1,2,20,6
"130120046",18,15,16,17,23,108,17,11,8,6,5,10,43,6,7,7,10,12,13,65,11
"130120049",7,10,25,17,24,161,47,3,3,19,8,11,80,28,4,7,6,9,13,81,19
"130120050",14,9,24,20,24,147,37,7,5,14,6,11,71,15,7,4,10,14,13,76,22
"130120051",8,13,27,17,25,153,46,5,7,15,9,14,71,21,3,6,12,8,11,82,25
"130120053",0,0,1,0,0,3,6,0,0,1,0,0,1,3,0,0,0,0,0,2,3
"130120054",7,5,12,6,6,55,26,5,3,6,4,3,31,10,2,2,6,2,3,24,16
"130120056",3,2,5,2,5,26,15,3,1,4,0,1,13,7,0,1,1,2,4,13,8
"130120059",2,0,3,3,0,10,5,1,0,1,2,0,4,3,1,0,2,1,0,6,2
"130120061",2,4,6,2,2,28,18,2,2,4,2,2,16,10,0,2,2,0,0,12,8
"130120065",7,11,11,6,10,84,42,4,4,9,3,4,38,20,3,7,2,3,6,46,22
"130120066",4,4,14,10,11,62,16,4,3,5,3,8,27,7,0,1,9,7,3,35,9
"130120068",19,26,61,32,33,223,43,13,12,32,16,13,101,20,6,14,29,16,20,122,23
"130120069",9,10,11,15,15,74,22,4,3,7,10,7,33,10,5,7,4,5,8,41,12
"130120071",19,22,50,23,37,187,48,11,9,21,10,17,88,22,8,13,29,13,20,99,26
"130120072",1,2,1,1,3,14,13,1,1,1,0,1,7,8,0,1,0,1,2,7,5
"130120073",1,3,5,7,3,18,8,0,3,2,1,2,9,4,1,0,3,6,1,9,4
"130120074",0,1,0,0,0,8,8,0,0,0,0,0,5,4,0,1,0,0,0,3,4
"130120075",0,0,2,2,1,4,0,0,0,1,1,1,0,0,0,0,1,1,0,4,0
"130120076",5,8,8,5,6,32,2,2,7,2,4,4,16,1,3,1,6,1,2,16,1
"130120077",0,2,10,4,5,21,4,0,2,7,3,3,10,4,0,0,3,1,2,11,0
"130120078",1,2,4,1,1,14,3,0,0,3,1,0,7,1,1,2,1,0,1,7,2
"130120079",14,16,39,14,25,115,19,6,11,14,5,10,57,6,8,5,25,9,15,58,13
"130120080",7,12,20,8,22,93,27,3,4,11,3,10,42,15,4,8,9,5,12,51,12
"130130001",321,405,853,412,773,4912,1146,156,210,414,215,378,2362,553,165,195,439,197,395,2550,593
"1301300010078",61,81,169,68,123,808,145,29,36,78,31,60,410,64,32,45,91,37,63,398,81
"1301300010082",63,67,157,59,141,853,176,38,35,70,32,75,397,90,25,32,87,27,66,456,86
"1301300010133",105,139,287,146,288,1801,487,53,68,141,74,133,870,233,52,71,146,72,155,931,254
"1301300010148",92,118,240,139,221,1450,338,36,71,125,78,110,685,166,56,47,115,61,111,765,172
"130130002",35,38,81,39,85,414,65,12,21,43,17,39,204,32,23,17,38,22,46,210,33
"130130005",64,67,127,71,142,858,155,33,32,68,33,71,412,73,31,35,59,38,71,446,82
"130130006",202,244,517,273,458,2555,456,98,115,260,138,228,1226,216,104,129,257,135,230,1329,240
"1301300060114",100,118,229,129,209,1169,200,49,61,127,64,101,565,90,51,57,102,65,108,604,110
"1301300060129",92,107,243,128,226,1218,234,46,51,114,65,112,578,116,46,56,129,63,114,640,118
"1301300060241",7,16,35,13,19,139,17,3,0,14,6,11,68,7,4,14,21,7,8,71,10
"1301300060275",3,3,10,3,4,29,5,0,0,5,3,4,15,3,3,0,5,0,0,16,0
"130130007",13,16,56,27,34,227,32,8,9,33,7,16,106,17,5,7,23,20,18,121,15
"130130008",51,53,152,73,132,729,167,27,29,67,38,62,350,75,24,24,85,35,70,379,92
"130130009",30,45,94,46,65,395,51,18,20,51,22,36,192,24,12,25,43,24,29,203,27
"130130010",114,131,327,163,298,1855,422,60,64,171,87,150,893,207,54,67,156,76,148,962,215
"1301300100222",66,73,180,91,166,1071,270,37,38,91,52,84,513,133,29,35,89,39,82,558,137
"1301300100237",43,55,135,65,115,711,142,22,25,77,31,57,345,71,21,30,58,34,58,366,71
"130130010028A",5,3,12,7,17,73,10,0,0,3,4,9,35,3,4,0,9,3,8,38,7
"130130011",63,86,200,85,145,967,193,30,32,107,45,74,443,100,33,54,93,40,71,524,93
"130130012",37,45,88,39,84,534,81,22,23,42,20,41,257,41,15,22,46,19,43,277,40
"130130013",141,201,408,214,362,2420,479,68,89,206,117,184,1133,219,73,112,202,97,178,1287,260
"1301300130203",56,78,161,75,117,834,184,31,36,84,42,49,391,84,25,42,77,33,68,443,100
"1301300130256",43,48,97,69,102,783,183,17,19,40,40,50,357,80,26,29,57,29,52,426,103
"1301300130260",42,74,148,68,142,793,112,20,34,80,35,84,381,55,22,40,68,33,58,412,57
"1301300130294",0,0,0,0,0,11,0,0,0,0,0,0,5,0,0,0,0,0,0,6,0
"130130014",67,66,154,80,136,767,131,37,32,79,42,71,381,66,30,34,75,38,65,386,65
"130130015",62,61,164,72,98,555,53,34,27,80,38,45,272,28,28,34,84,34,53,283,25
"130130018",60,79,149,83,97,692,186,31,39,75,39,56,340,92,29,40,74,44,41,352,94
"130130019",23,21,52,22,44,233,22,10,12,26,13,16,121,10,13,9,26,9,28,112,12
"130130021",2,3,7,2,2,29,1,1,2,5,2,0,13,1,1,1,2,0,2,16,0
"130130022",1,1,5,5,9,32,3,1,1,4,3,5,14,1,0,0,1,2,4,18,2
"130130023",7,3,8,5,13,51,4,2,0,5,4,8,22,3,5,3,3,1,5,29,1
"130130025",6,10,17,7,11,72,7,1,5,10,3,4,34,3,5,5,7,4,7,38,4
"130130026",3,5,11,10,11,66,8,1,4,7,3,5,31,4,2,1,4,7,6,35,4
"130130027",9,8,18,11,17,80,18,4,3,12,6,9,35,11,5,5,6,5,8,45,7
"130130028",0,4,4,3,5,15,5,0,1,2,2,2,7,4,0,3,2,1,3,8,1
"130130029",1201,1450,3145,1642,2143,13454,829,614,723,1598,845,1025,6415,363,587,727,1547,797,1118,7039,466
"1301300290059",57,78,165,101,120,737,40,27,41,90,54,49,351,20,30,37,75,47,71,386,20
"1301300290097",34,49,96,53,43,399,29,19,25,48,30,26,190,10,15,24,48,23,17,209,19
"1301300290307",64,81,159,67,100,606,41,32,41,86,34,49,289,17,32,40,73,33,51,317,24
"1301300290311",70,71,198,122,151,848,49,30,35,102,69,76,396,25,40,36,96,53,75,452,24
"1301300290326",84,101,256,118,170,1018,72,42,54,130,60,78,472,30,42,47,126,58,92,546,42
"1301300290330",55,63,151,70,123,713,73,27,35,72,33,55,326,37,28,28,79,37,68,387,36
"1301300290345",41,51,110,70,96,523,35,26,17,55,30,41,235,12,15,34,55,40,55,288,23
"130130029035A",43,49,110,72,95,503,37,22,22,51,39,48,245,18,21,27,59,33,47,258,19
"1301300290364",57,68,161,93,112,651,35,29,37,87,49,52,312,15,28,31,74,44,60,339,20
"1301300290379",63,89,226,117,154,870,35,30,43,113,59,83,430,14,33,46,113,58,71,440,21
"1301300290383",49,70,158,88,93,605,59,26,32,85,42,54,282,25,23,38,73,46,39,323,34
"1301300290398",23,32,78,46,53,367,51,10,15,31,24,25,180,25,13,17,47,22,28,187,26
"1301300290400",83,98,188,79,114,758,48,48,50,99,40,51,371,20,35,48,89,39,63,387,28
"1301300290415",77,85,165,86,110,742,43,49,52,87,35,55,346,13,28,33,78,51,55,396,30
"130130029042A",52,60,140,87,117,689,50,25,31,71,46,58,320,26,27,29,69,41,59,369,24
"1301300290434",102,100,227,99,116,885,41,47,50,111,56,52,430,20,55,50,116,43,64,455,21
"1301300290449",91,107,216,102,133,883,39,41,45,106,52,60,426,12,50,62,110,50,73,457,27
"1301300290453",120,148,246,117,164,1167,33,62,71,120,62,70,570,16,58,77,126,55,94,597,17
"1301300290468",36,50,95,55,79,490,19,22,27,54,31,43,244,8,14,23,41,24,36,246,11
"130130031",0,0,0,0,0,0,0,0,0,0,0,0,0,0,0,0,0,0,0,0,0
"130130032",106,145,373,183,248,1345,62,55,80,183,81,128,660,32,51,65,190,102,120,685,30
"130130033",151,208,381,131,153,1518,111,78,111,194,69,79,724,54,73,97,187,62,74,794,57
"1301300330472",21,11,42,11,17,198,9,10,3,23,4,8,92,3,11,8,19,7,9,106,6
"1301300330487",89,141,247,88,100,935,70,44,73,119,47,49,452,35,45,68,128,41,51,483,35
"1301300330491",41,56,92,32,36,385,32,24,35,52,18,22,180,16,17,21,40,14,14,205,16
"130130034",8,8,13,4,9,91,6,5,2,9,0,4,42,2,3,6,4,4,5,49,4
"130130035",0,0,0,0,0,0,0,0,0,0,0,0,0,0,0,0,0,0,0,0,0
"130140001",173,240,477,252,384,1997,712,81,112,251,127,201,899,331,92,128,226,125,183,1098,381
"1301400010056",19,37,70,41,48,285,114,9,13,42,19,27,112,58,10,24,28,22,21,173,56
"1301400010075",25,39,84,49,49,342,168,9,20,47,31,30,153,74,16,19,37,18,19,189,94
"130140001008A",21,30,54,19,54,297,83,5,16,26,8,27,140,37,16,14,28,11,27,157,46
"1301400010094",43,66,107,63,112,482,160,18,31,55,32,66,207,79,25,35,52,31,46,275,81
"1301400010107",38,47,110,54,80,388,121,23,23,55,29,34,192,52,15,24,55,25,46,196,69
"1301400010111",15,11,31,18,26,108,26,9,5,15,7,12,53,12,6,6,16,11,14,55,14
"1301400010126",3,4,4,0,4,22,16,0,0,0,0,0,9,9,0,0,0,0,3,14,7
"1301400010130",7,5,15,5,9,60,21,5,0,8,0,3,29,10,0,3,7,4,6,31,11
"1301400010145",0,0,0,0,0,15,3,0,0,0,0,0,6,0,0,0,0,0,0,9,3
"130140003",20,23,71,49,73,316,269,8,14,34,30,42,139,114,12,9,37,19,31,177,155
"130140004",18,20,39,28,30,233,194,9,13,20,19,15,99,85,9,7,19,9,15,134,109
"130140005",4,9,17,9,27,77,22,3,4,14,6,15,34,13,1,5,3,3,12,43,9
"130140006",30,35,63,39,66,295,116,17,16,33,21,40,137,53,13,19,30,18,26,158,63
"130140007",27,37,78,48,54,316,194,17,15,41,23,29,134,90,10,22,37,25,25,182,104
"130140008",1,3,5,4,6,41,28,1,2,5,1,5,21,14,0,1,0,3,1,20,14
"130140009",45,58,153,95,167,631,206,20,34,81,48,80,288,97,25,24,72,47,87,343,109
"130140010",94,121,255,169,197,1056,538,43,62,131,69,109,492,258,51,59,124,100,88,564,280
"1301400100041",94,121,255,169,197,1056,538,43,62,131,69,109,492,258,51,59,124,100,88,564,280
"130140011",4,18,49,20,31,174,75,2,13,20,10,12,75,37,2,5,29,10,19,99,38
"130140013",19,24,49,37,48,196,58,9,15,25,17,29,95,30,10,9,24,20,19,101,28
"130140014",12,20,39,22,44,192,124,4,12,15,12,26,86,63,8,8,24,10,18,106,61
"130140015",35,27,77,47,63,238,104,17,13,39,31,28,114,51,18,14,38,16,35,124,53
"130140016",17,21,43,19,43,125,44,9,10,27,10,23,60,23,8,11,16,9,20,65,21
"130140017",10,11,27,14,23,114,70,5,4,13,6,12,53,28,5,7,14,8,11,61,42
"130140018",9,14,27,12,19,93,52,4,6,16,4,13,43,25,5,8,11,8,6,50,27
"130140019",8,15,21,14,29,80,32,5,8,7,7,13,37,13,3,7,14,7,16,43,19
"130140020",10,12,40,26,32,153,64,5,9,20,12,14,75,31,5,3,20,14,18,78,33
"130140021",0,0,0,0,0,3,4,0,0,0,0,0,2,3,0,0,0,0,0,1,1
"130140022",12,10,14,16,22,93,25,7,4,6,10,9,41,14,5,6,8,6,13,52,11
"130140025",0,0,0,0,0,0,0,0,0,0,0,0,0,0,0,0,0,0,0,0,0
"130140027",2,3,2,0,2,15,2,1,1,1,0,2,8,1,1,2,1,0,0,7,1
"130140028",1,0,3,2,6,6,5,0,0,3,2,4,2,2,1,0,0,0,2,4,3
"130140029",6,1,11,6,6,39,20,4,0,5,1,4,17,10,2,1,6,5,2,22,10
"130140031",0,0,0,0,0,0,0,0,0,0,0,0,0,0,0,0,0,0,0,0,0
"130140042",0,0,1,0,2,11,4,0,0,0,0,1,5,1,0,0,1,0,1,6,3
"130140043",1,1,8,5,9,30,3,0,1,3,2,4,12,2,1,0,5,3,5,18,1
"130140045",0,0,0,0,0,0,0,0,0,0,0,0,0,0,0,0,0,0,0,0,0
"130140048",0,1,2,1,1,6,4,0,0,0,1,0,3,2,0,1,2,0,1,3,2
"130140052",2,1,5,2,5,18,5,1,1,4,1,4,9,3,1,0,1,1,1,9,2
"130140055",2,3,10,3,0,26,11,0,1,3,1,0,13,7,2,2,7,2,0,13,4
"130140058",0,2,3,1,1,11,4,0,1,0,1,1,5,2,0,1,3,0,0,6,2
"130140060",0,0,0,0,0,0,0,0,0,0,0,0,0,0,0,0,0,0,0,0,0
"130140062",0,0,0,0,0,0,0,0,0,0,0,0,0,0,0,0,0,0,0,0,0
"130140063",3,3,23,9,15,56,22,1,2,13,3,9,26,13,2,1,10,6,6,30,9
"130140064",4,5,17,3,11,56,21,4,3,7,2,10,27,9,0,2,10,1,1,29,12
"130140065",1,1,3,3,5,18,6,0,0,2,3,1,8,3,1,1,1,0,4,10,3
"130140067",3,6,11,2,5,26,15,2,2,6,0,4,10,8,1,4,5,2,1,16,7
"130140069",1,3,5,3,5,31,10,0,1,1,2,1,13,5,1,2,4,1,4,18,5
"130140070",1,0,1,0,1,6,6,1,0,0,0,0,3,3,0,0,1,0,1,3,3
"130140073",3,2,7,1,8,23,12,3,1,3,1,4,10,6,0,1,4,0,4,13,6
"130140074",0,0,0,0,0,0,0,0,0,0,0,0,0,0,0,0,0,0,0,0,0
"130140075",0,0,0,0,0,0,6,0,0,0,0,0,0,3,0,0,0,0,0,0,3
"130140078",1,0,0,0,6,14,1,1,0,0,0,2,4,0,0,0,0,0,4,10,1
"130140080",2,4,9,6,9,35,21,1,0,4,3,6,17,11,1,4,5,3,3,18,10
"130140081",6,7,8,6,6,42,8,2,3,4,2,5,20,4,4,4,4,4,1,22,4
"130140083",0,0,0,0,0,0,0,0,0,0,0,0,0,0,0,0,0,0,0,0,0
"130140084",5,6,13,11,12,50,11,3,2,6,8,6,26,7,2,4,7,3,6,24,4
"130140086",3,2,5,2,8,17,9,1,0,3,1,5,8,5,2,2,2,1,3,9,4
"130140087",0,0,0,0,0,0,0,0,0,0,0,0,0,0,0,0,0,0,0,0,0
"130140089",0,0,0,0,0,0,0,0,0,0,0,0,0,0,0,0,0,0,0,0,0
"130140091",0,1,2,0,2,12,2,0,1,1,0,1,7,1,0,0,1,0,1,5,1
"130140093",0,0,0,0,0,0,0,0,0,0,0,0,0,0,0,0,0,0,0,0,0
"130140096",0,0,0,0,0,0,0,0,0,0,0,0,0,0,0,0,0,0,0,0,0
"130140097",0,0,0,0,0,0,0,0,0,0,0,0,0,0,0,0,0,0,0,0,0
"130140098",7,9,12,13,18,58,24,1,5,6,4,8,28,13,6,4,6,9,10,30,11
"130140107",0,0,0,0,0,0,0,0,0,0,0,0,0,0,0,0,0,0,0,0,0
"130140108",0,0,0,0,0,0,0,0,0,0,0,0,0,0,0,0,0,0,0,0,0
"130140109",1,10,12,10,14,58,10,0,7,5,1,12,28,5,1,3,7,9,2,30,5
"130140110",0,0,0,0,0,0,0,0,0,0,0,0,0,0,0,0,0,0,0,0,0
"130140114",2,2,2,2,1,13,6,0,2,1,0,0,5,3,2,0,1,2,1,8,3
"130140115",1,2,4,0,2,10,4,0,1,1,0,1,3,2,1,1,3,0,1,7,2
"130140116",4,2,2,3,6,18,6,3,1,2,3,3,10,1,1,1,0,0,3,8,5
"130140117",6,7,18,5,8,52,12,5,6,10,4,3,24,7,1,1,8,1,5,28,5
"130150001",33,32,92,51,51,386,110,16,12,52,20,29,175,48,17,20,40,31,22,211,62
"1301500010087",33,32,92,51,51,386,110,16,12,52,20,29,175,48,17,20,40,31,22,211,62
"130150002",0,1,8,7,11,35,17,0,1,2,2,6,17,9,0,0,6,5,5,18,8
"130150003",2,4,4,6,4,31,12,2,2,1,2,3,17,5,0,2,3,4,1,14,7
"130150004",56,61,100,49,93,581,125,23,29,44,28,44,285,59,33,32,56,21,49,296,66
"130150005",17,17,35,22,22,137,44,8,9,17,7,13,67,22,9,8,18,15,9,70,22
"130150006",14,9,14,13,29,162,32,7,3,9,6,15,76,13,7,6,5,7,14,86,19
"130150007",38,51,87,33,62,423,85,17,24,47,10,31,190,35,21,27,40,23,31,233,50
"130150008",10,12,29,10,20,119,24,6,4,9,6,12,55,11,4,8,20,4,8,64,13
"130150009",18,12,35,28,43,247,49,11,4,18,11,27,133,25,7,8,17,17,16,114,24
"130150010",12,12,28,38,79,131,73,5,8,14,24,37,64,31,7,4,14,14,42,67,42
"130150011",2,3,4,5,9,26,14,2,2,2,3,4,13,4,0,1,2,2,5,13,10
"130150012",39,55,117,59,77,581,141,22,28,57,27,45,279,65,17,27,60,32,32,302,76
"130150013",4,3,37,17,5,35,21,1,1,17,5,0,16,9,3,2,20,12,5,19,12
"130150014",0,7,6,5,6,42,20,0,5,4,2,5,21,9,0,2,2,3,1,21,11
"130150015",12,12,17,7,19,105,38,4,8,10,2,9,58,17,8,4,7,5,10,47,21
"130150016",1,3,7,4,4,48,18,0,3,2,2,0,25,8,1,0,5,2,4,23,10
"130150017",8,10,17,7,10,113,32,5,8,9,4,4,56,16,3,2,8,3,6,57,16
"130150018",10,11,27,12,27,124,48,4,8,15,4,18,61,23,6,3,12,8,9,63,25
"130150019",59,67,114,56,71,610,147,25,32,62,29,31,273,74,34,35,52,27,40,337,73
"130150020",66,70,166,62,76,503,113,31,40,87,31,39,214,56,35,30,79,31,37,289,57
"130150021",26,33,68,28,46,274,57,17,17,29,11,16,126,24,9,16,39,17,30,148,33
"130150022",16,20,26,13,24,137,32,7,7,12,5,9,63,16,9,13,14,8,15,74,16
"130150023",23,26,45,23,22,190,45,12,8,23,12,12,88,22,11,18,22,11,10,102,23
"130150024",3,11,29,14,21,141,53,2,5,17,6,8,67,24,1,6,12,8,13,74,29
"130150025",29,32,74,17,31,227,68,10,16,41,10,19,104,32,19,16,33,7,12,123,36
"130150026",21,28,72,26,47,290,82,13,12,39,16,23,134,45,8,16,33,10,24,156,37
"130150027",28,34,71,42,82,460,127,12,15,34,19,39,217,56,16,19,37,23,43,243,71
"130150028",21,25,47,20,37,260,95,12,8,25,12,20,120,41,9,17,22,8,17,140,54
"130150029",1,0,4,1,1,11,8,0,0,4,1,1,5,4,1,0,0,0,0,6,4
"130150030",2,13,14,7,4,69,24,0,5,7,3,2,35,10,2,8,7,4,2,34,14
"130150031",18,16,42,19,30,176,46,7,6,25,8,11,88,24,11,10,17,11,19,88,22
"130150032",3,6,10,5,5,41,17,0,3,3,1,2,19,6,3,3,7,4,3,22,11
"130150033",3,4,15,8,14,63,12,2,1,5,2,4,31,7,1,3,10,6,10,32,5
"130150035",27,35,75,40,68,312,79,12,21,39,18,33,147,35,15,14,36,22,35,165,44
"130150038",22,26,81,29,42,282,59,8,19,33,22,21,128,31,14,7,48,7,21,154,28
"130150039",20,13,40,13,12,119,30,7,6,24,5,6,54,14,13,7,16,8,6,65,16
"130150040",12,10,29,16,33,150,30,5,2,14,10,19,73,17,7,8,15,6,14,77,13
"130150041",3,1,12,7,11,43,13,2,1,7,5,4,22,6,1,0,5,2,7,21,7
"130150043",0,2,3,3,6,21,22,0,1,2,1,4,12,10,0,1,1,2,2,9,12
"130150045",6,6,18,9,16,75,21,3,3,10,5,9,38,10,3,3,8,4,7,37,11
"130150046",4,2,12,4,6,46,33,4,2,9,3,2,23,12,0,0,3,1,4,23,21
"130150047",5,4,11,6,9,38,8,1,3,8,0,4,17,3,4,1,3,6,5,21,5
"130150051",4,4,8,8,5,47,13,2,2,7,2,2,23,4,2,2,1,6,3,24,9
"130150052",2,2,3,6,2,17,7,1,1,2,0,1,7,4,1,1,1,6,1,10,3
"130150054",3,6,11,9,8,59,6,0,4,7,5,2,30,3,3,2,4,4,6,29,3
"130150057",3,6,15,7,8,51,9,2,4,8,2,1,28,5,1,2,7,5,7,23,4
"130150058",0,0,0,1,1,8,14,0,0,0,0,1,2,8,0,0,0,1,0,6,6
"130150059",1,0,0,0,0,10,7,0,0,0,0,0,3,4,1,0,0,0,0,7,3
"130150060",14,23,34,22,35,190,49,5,13,19,14,20,84,25,9,10,15,8,15,106,24
"130150061",6,7,19,7,11,62,26,3,4,6,3,7,28,13,3,3,13,4,4,34,13
"130150062",9,5,14,7,18,82,11,4,4,7,4,13,42,5,5,1,7,3,5,40,6
"130150064",9,10,38,12,15,132,54,8,5,12,6,11,58,23,1,5,26,6,4,74,31
"130150065",6,6,19,4,9,70,16,5,2,11,2,3,30,9,1,4,8,2,6,40,7
"130150067",15,21,35,15,19,171,26,6,8,18,8,8,88,12,9,13,17,7,11,83,14
"130150068",19,19,31,22,32,178,38,9,8,16,9,16,87,18,10,11,15,13,16,91,20
"130150069",0,1,1,1,1,11,3,0,1,1,0,0,7,2,0,0,0,1,1,4,1
"130150070",8,2,11,7,6,54,21,3,1,5,4,4,24,8,5,1,6,3,2,30,13
"130150072",2,0,3,1,4,19,14,1,0,1,1,2,8,6,1,0,2,0,2,11,8
"130150074",6,6,15,2,2,48,10,3,2,6,1,1,24,5,3,4,9,1,1,24,5
"130150076",1,2,1,0,1,7,15,0,0,0,0,0,4,7,1,2,1,0,1,3,8
"130150077",4,4,8,4,3,28,14,3,1,4,1,2,13,8,1,3,4,3,1,15,6
"130150078",3,7,21,7,8,78,35,0,5,13,6,4,33,14,3,2,8,1,4,45,21
"130150079",3,4,8,2,5,38,17,3,2,3,1,1,18,11,0,2,5,1,4,20,6
"130150080",2,1,1,3,2,5,2,1,1,0,1,1,3,1,1,0,1,2,1,2,1
"130150083",2,5,6,2,3,34,12,0,4,3,2,2,17,6,2,1,3,0,1,17,6
"130150084",1,2,6,2,3,16,10,0,2,3,0,1,6,4,1,0,3,2,2,10,6
"130150086",6,6,11,12,11,59,25,3,2,5,9,7,31,13,3,4,6,3,4,28,12
"130150087",22,15,38,21,29,185,58,11,8,21,13,13,87,27,11,7,17,8,16,98,31
"130150089",5,4,4,4,4,41,7,1,3,2,1,2,24,2,4,1,2,3,2,17,5
"130150090",1,3,2,2,3,22,10,1,0,1,2,1,10,6,0,3,1,0,2,12,4
"130150092",5,3,12,7,11,73,38,2,2,7,4,4,33,18,3,1,5,3,7,40,20
"130150093",8,3,15,3,7,58,35,5,2,5,1,2,27,17,3,1,10,2,5,31,18
"130150095",1,4,7,4,8,29,12,0,4,2,1,5,14,5,1,0,5,3,3,15,7
"130150104",2,1,9,12,5,51,25,0,1,3,6,3,18,13,2,0,6,6,2,33,12
"130150106",0,5,3,2,0,14,1,0,2,2,2,0,6,1,0,3,1,0,0,8,0
"130150107",1,1,7,3,3,12,10,1,1,3,1,1,4,6,0,0,4,2,2,8,4
"130150108",1,0,1,1,1,10,3,1,0,1,0,1,4,2,0,0,0,1,0,6,1
"130150110",0,0,0,0,0,0,0,0,0,0,0,0,0,0,0,0,0,0,0,0,0
"130150115",3,10,18,9,9,74,8,1,6,9,5,4,35,5,2,4,9,4,5,39,3
"130150116",2,3,5,0,3,23,4,1,2,2,0,2,13,1,1,1,3,0,1,10,3
"130160001",902,988,2147,1173,1854,10907,2543,436,498,1093,579,930,4991,1105,466,490,1054,594,924,5916,1438
"1301600010050",177,163,374,213,349,2305,747,100,78,198,104,176,1057,312,77,85,176,109,173,1248,435
"1301600010065",95,102,230,117,191,1217,326,45,54,105,51,88,545,143,50,48,125,66,103,672,183
"1301600010084",62,53,107,66,126,803,198,29,32,48,31,68,336,87,33,21,59,35,58,467,111
"1301600010099",53,64,141,69,125,650,143,30,27,79,40,56,304,67,23,37,62,29,69,346,76
"1301600010101",60,64,134,75,125,721,189,22,39,72,47,61,332,84,38,25,62,28,64,389,105
"1301600010116",93,108,193,122,173,1021,231,41,53,95,51,91,459,88,52,55,98,71,82,562,143
"1301600010120",130,178,395,218,307,1693,247,53,81,191,113,158,796,117,77,97,204,105,149,897,130
"1301600010188",14,14,42,24,29,154,41,5,5,16,17,16,71,20,9,9,26,7,13,83,21
"1301600010192",10,11,26,11,19,146,54,6,8,15,5,7,65,22,4,3,11,6,12,81,32
"1301600010309",54,59,147,93,115,696,166,31,34,78,44,64,337,74,23,25,69,49,51,359,92
"1301600010313",115,113,230,121,226,1071,184,61,55,123,57,106,481,81,54,58,107,64,120,590,103
"1301600010347",39,59,128,44,69,430,17,13,32,73,19,39,208,10,26,27,55,25,30,222,7
"130160002",19,33,34,28,31,182,59,6,16,18,14,10,90,29,13,17,16,14,21,92,30
"130160003",9,19,36,14,22,157,52,2,9,18,9,15,75,27,7,10,18,5,7,82,25
"130160004",32,37,115,43,60,380,65,17,21,51,18,25,176,34,15,16,64,25,35,204,31
"130160005",104,89,196,119,186,806,186,55,41,97,60,95,390,96,49,48,99,59,91,416,90
"130160006",69,64,143,76,114,554,121,37,32,80,40,59,256,51,32,32,63,36,55,298,70
"130160007",9,12,41,17,32,152,46,3,5,21,9,16,69,22,6,7,20,8,16,83,24
"130160008",7,20,54,14,17,148,42,2,10,31,9,8,66,22,5,10,23,5,9,82,20
"130160009",15,18,43,23,39,178,50,9,8,23,10,18,84,26,6,10,20,13,21,94,24
"130160010",15,20,35,21,29,167,35,12,12,16,9,16,79,17,3,8,19,12,13,88,18
"130160011",30,29,55,27,30,198,64,17,17,27,10,19,91,29,13,12,28,17,11,107,35
"130160012",129,132,280,154,217,1213,268,71,60,128,72,108,560,142,58,72,152,82,109,653,126
"130160013",105,81,165,82,156,841,188,58,39,80,36,84,392,95,47,42,85,46,72,449,93
"130160014",62,63,125,65,95,476,116,30,39,73,32,56,230,52,32,24,52,33,39,246,64
"130160015",12,9,23,12,21,86,20,7,5,11,7,12,48,9,5,4,12,5,9,38,11
"130160016",11,16,39,21,24,138,51,7,11,19,9,4,57,27,4,5,20,12,20,81,24
"130160017",6,11,27,11,14,90,30,4,4,15,8,4,45,12,2,7,12,3,10,45,18
"130160018",13,10,19,9,11,104,51,5,6,11,4,6,45,29,8,4,8,5,5,59,22
"130160019",14,11,42,20,20,148,56,5,4,17,11,12,68,34,9,7,25,9,8,80,22
"130160020",48,43,102,43,95,418,89,20,23,51,25,42,195,49,28,20,51,18,53,223,40
"130160021",187,181,410,190,288,1506,312,94,99,202,93,149,705,155,93,82,208,97,139,801,157
"1301600210281",92,85,203,99,140,762,154,48,47,106,44,71,359,72,44,38,97,55,69,403,82
"1301600210296",95,96,207,91,148,744,158,46,52,96,49,78,346,83,49,44,111,42,70,398,75
"130160024",34,33,66,53,55,321,65,18,18,38,29,28,161,31,16,15,28,24,27,160,34
"130160025",1,2,2,2,7,11,6,0,1,0,1,2,4,1,1,1,2,1,5,7,5
"130160027",11,11,32,17,23,101,31,3,3,18,10,11,45,17,8,8,14,7,12,56,14
"130160028",103,107,238,133,178,1202,364,53,54,107,70,97,534,168,50,53,131,63,81,668,196
"130160029",142,145,307,164,285,1539,438,73,72,147,81,132,656,201,69,73,160,83,153,883,237
"1301600290262",73,70,156,85,144,791,215,38,33,72,50,58,334,101,35,37,84,35,86,457,114
"1301600290277",69,75,151,79,141,748,223,35,39,75,31,74,322,100,34,36,76,48,67,426,123
"130160030",25,27,53,21,40,265,91,14,14,23,14,23,124,48,11,13,30,7,17,141,43
"130160033",79,90,217,110,150,891,165,50,48,117,55,73,400,78,29,42,100,55,77,491,87
"130160034",54,44,111,48,58,477,112,25,24,54,20,25,219,63,29,20,57,28,33,258,49
"130160035",50,41,104,59,104,562,111,32,23,57,29,52,268,53,18,18,47,30,52,294,58
"130160036",121,117,228,112,196,1120,169,66,54,123,58,107,526,85,55,63,105,54,89,594,84
"130160037",10,9,19,11,17,66,12,3,5,10,7,8,28,9,7,4,9,4,9,38,3
"130160038",16,21,60,24,26,177,52,11,13,33,9,9,88,27,5,8,27,15,17,89,25
"130160039",158,148,366,207,295,1562,274,77,78,174,91,142,722,125,81,70,192,116,153,840,149
"1301600390328",96,89,209,130,187,938,140,40,43,98,56,91,443,59,56,46,111,74,96,495,81
"1301600390332",62,59,157,77,108,624,134,37,35,76,35,51,279,66,25,24,81,42,57,345,68
"130160040",24,25,40,15,31,129,24,11,12,21,7,13,60,12,13,13,19,8,18,69,12
"130160041",29,27,69,37,53,234,41,16,15,31,19,25,118,23,13,12,38,18,28,116,18
"130160044",16,13,45,19,33,165,47,6,5,30,13,20,75,21,10,8,15,6,13,90,26
"130160047",0,0,0,0,0,0,0,0,0,0,0,0,0,0,0,0,0,0,0,0,0
"130160048",2,2,3,0,0,7,4,0,1,2,0,0,3,3,2,1,1,0,0,4,1
"130160050",1,1,1,1,1,8,5,1,0,0,0,0,3,3,0,1,1,1,1,5,2
"130160051",5,2,10,5,1,32,22,4,1,4,2,0,16,12,1,1,6,3,1,16,10
"130160053",5,2,7,2,5,25,3,3,2,3,1,4,10,2,2,0,4,1,1,15,1
"130160054",0,0,2,3,2,8,4,0,0,1,0,2,3,2,0,0,1,3,0,5,2
"130160056",13,3,11,3,11,51,10,6,1,3,1,7,25,5,7,2,8,2,4,26,5
"130160058",1,1,1,8,5,22,4,0,1,1,3,4,11,2,1,0,0,5,1,11,2
"130160060",3,5,6,5,6,28,5,2,2,2,3,3,11,2,1,3,4,2,3,17,3
"130160063",0,1,0,0,0,7,10,0,0,0,0,0,3,5,0,1,0,0,0,4,5
"130160065",36,22,67,18,47,232,44,17,15,31,7,24,110,23,19,7,36,11,23,122,21
"130160068",1,4,4,1,3,23,9,0,2,1,1,1,9,7,1,2,3,0,2,14,2
"130160069",6,16,25,12,16,89,30,4,10,11,8,8,42,17,2,6,14,4,8,47,13
"130160070",2,1,3,0,0,5,7,2,1,2,0,0,3,6,0,0,1,0,0,2,1
"130160073",0,0,0,0,0,0,0,0,0,0,0,0,0,0,0,0,0,0,0,0,0
"130160074",70,77,131,69,118,565,73,30,44,64,34,57,255,29,40,33,67,35,61,310,44
"130160076",16,29,31,15,22,126,18,11,13,13,10,12,60,9,5,16,18,5,10,66,9
"130160080",79,64,115,57,80,449,51,44,31,60,27,42,218,29,35,33,55,30,38,231,22
"130160081",3,9,8,10,19,55,5,1,8,5,5,6,27,1,2,1,3,5,13,28,4
"130160083",0,0,0,0,0,0,0,0,0,0,0,0,0,0,0,0,0,0,0,0,0
"130160084",7,5,12,4,4,29,10,3,4,6,3,0,15,5,4,1,6,1,4,14,5
"130160085",0,0,0,0,0,0,0,0,0,0,0,0,0,0,0,0,0,0,0,0,0
"130160086",0,0,0,0,0,0,0,0,0,0,0,0,0,0,0,0,0,0,0,0,0
"130160087",2,0,0,0,1,8,3,1,0,0,0,0,4,3,1,0,0,0,1,4,0
"130160088",3,3,8,4,1,24,5,0,2,3,2,0,12,2,3,1,5,2,1,12,3
"130160089",2,0,2,0,2,11,1,1,0,0,0,0,5,1,1,0,2,0,2,6,0
"130160091",0,0,0,0,0,0,0,0,0,0,0,0,0,0,0,0,0,0,0,0,0
"130160092",9,9,26,15,10,77,7,5,4,12,6,4,38,4,4,5,14,9,6,39,3
"130160094",1,0,2,0,2,4,2,1,0,2,0,0,1,2,0,0,0,0,2,3,0
"130160095",1,0,0,0,0,5,3,1,0,0,0,0,3,2,0,0,0,0,0,2,1
"130160096",0,0,0,0,0,0,0,0,0,0,0,0,0,0,0,0,0,0,0,0,0
"130160097",1,1,0,1,0,3,3,0,1,0,0,0,1,2,1,0,0,1,0,2,1
"130160098",0,0,0,0,0,0,0,0,0,0,0,0,0,0,0,0,0,0,0,0,0
"130160099",8,7,23,5,11,64,11,2,3,8,2,6,36,7,6,4,15,3,5,28,4
"130160100",12,6,19,4,17,66,12,7,2,11,3,9,31,8,5,4,8,1,8,35,4
"130160101",0,0,0,0,0,0,0,0,0,0,0,0,0,0,0,0,0,0,0,0,0
"130160102",0,1,4,1,6,20,5,0,1,1,1,5,10,3,0,0,3,0,1,10,2
"130160104",19,22,43,33,46,193,47,8,8,19,19,24,93,20,11,14,24,14,22,100,27
"130160105",4,1,11,7,5,39,4,3,1,7,3,3,17,2,1,0,4,4,2,22,2
"130160106",0,0,1,0,0,7,0,0,0,1,0,0,4,0,0,0,0,0,0,3,0
"130160107",0,0,0,0,0,0,0,0,0,0,0,0,0,0,0,0,0,0,0,0,0
"130160108",20,12,37,17,28,121,20,10,2,13,9,13,53,13,10,10,24,8,15,68,7
"130160109",2,2,4,1,3,20,6,0,2,2,1,0,8,4,2,0,2,0,3,12,2
"130160111",0,0,0,0,0,0,0,0,0,0,0,0,0,0,0,0,0,0,0,0,0
"130160113",0,0,0,0,0,2,3,0,0,0,0,0,1,2,0,0,0,0,0,1,1
"130160114",5,5,11,3,7,37,8,3,3,4,2,5,16,4,2,2,7,1,2,21,4
"130160115",5,7,18,13,21,75,9,1,3,10,7,11,38,4,4,4,8,6,10,37,5
"130160116",2,1,2,0,2,5,4,0,1,0,0,1,3,2,2,0,2,0,1,2,2
"130160117",0,0,0,0,0,0,0,0,0,0,0,0,0,0,0,0,0,0,0,0,0
"130160118",0,0,0,1,1,8,2,0,0,0,1,0,5,1,0,0,0,0,1,3,1
"130160119",3,0,3,1,6,15,1,1,0,3,0,4,9,0,2,0,0,1,2,6,1
"130160120",0,0,1,1,1,5,1,0,0,1,1,1,3,0,0,0,0,0,0,2,1
"130160121",39,57,125,58,99,425,48,13,33,66,26,42,202,25,26,24,59,32,57,223,23
"130160122",0,0,0,0,0,0,0,0,0,0,0,0,0,0,0,0,0,0,0,0,0
"130160123",8,5,14,4,8,46,8,5,1,10,2,4,21,3,3,4,4,2,4,25,5
"130160124",2,0,8,1,0,14,4,2,0,1,1,0,7,2,0,0,7,0,0,7,2
"130160125",0,0,0,0,0,0,0,0,0,0,0,0,0,0,0,0,0,0,0,0,0
"130160126",20,15,32,15,25,135,27,11,5,13,7,14,64,12,9,10,19,8,11,71,15
"130160127",0,0,0,0,0,0,0,0,0,0,0,0,0,0,0,0,0,0,0,0,0
"130160129",1,2,1,0,1,13,3,0,1,0,0,1,7,2,1,1,1,0,0,6,1
"130160130",5,8,20,10,12,71,16,3,2,10,6,7,33,10,2,6,10,4,5,38,6
"130170001",70,100,205,95,150,1019,367,36,56,101,48,67,477,177,34,44,104,47,83,542,190
"1301700010043",30,40,81,35,61,417,154,17,25,42,18,26,197,71,13,15,39,17,35,220,83
"1301700010058",27,45,93,48,74,474,153,10,20,47,25,36,221,78,17,25,46,23,38,253,75
"1301700010062",11,12,26,11,14,103,48,8,8,11,4,4,49,22,3,4,15,7,10,54,26
"1301700010077",0,0,4,0,0,18,11,0,0,0,0,0,7,5,0,0,4,0,0,11,6
"1301700010081",0,0,0,0,0,9,0,0,0,0,0,0,5,0,0,0,0,0,0,4,0
"130170003",111,134,226,126,170,1008,338,45,68,119,56,81,483,172,66,66,107,70,89,525,166
"130170005",6,4,16,10,22,125,57,1,2,9,6,13,56,27,5,2,7,4,9,69,30
"130170006",13,12,30,18,18,148,70,2,7,11,7,11,64,31,11,5,19,11,7,84,39
"130170007",9,4,10,11,14,84,37,5,2,6,4,8,38,17,4,2,4,7,6,46,20
"130170008",2,4,14,7,11,75,36,2,3,3,5,7,36,24,0,1,11,2,4,39,12
"130170009",0,0,0,0,0,0,0,0,0,0,0,0,0,0,0,0,0,0,0,0,0
"130170011",6,7,17,5,8,91,55,2,2,7,3,2,50,29,4,5,10,2,6,41,26
"130170012",11,18,31,15,17,132,42,9,6,10,10,10,63,19,2,12,21,5,7,69,23
"130170013",15,9,33,12,20,124,45,10,6,13,5,11,63,22,5,3,20,7,9,61,23
"130170014",86,86,157,86,129,836,292,39,45,84,40,63,384,144,47,41,73,46,66,452,148
"130170015",46,31,94,50,64,415,129,27,23,48,23,34,198,64,19,8,46,27,30,217,65
"130170017",7,9,20,7,19,90,30,1,7,15,1,13,39,17,6,2,5,6,6,51,13
"130170018",7,4,12,6,6,51,20,3,3,9,4,4,24,10,4,1,3,2,2,27,10
"130170020",75,87,200,79,122,768,206,37,44,106,42,62,356,97,38,43,94,37,60,412,109
"130170021",6,8,26,11,5,103,40,5,5,13,3,3,50,24,1,3,13,8,2,53,16
"130170022",21,36,68,41,55,341,104,11,17,40,20,26,155,54,10,19,28,21,29,186,50
"130170024",0,0,0,0,0,0,0,0,0,0,0,0,0,0,0,0,0,0,0,0,0
"130170025",37,30,78,37,45,300,45,18,13,39,16,22,134,24,19,17,39,21,23,166,21
"130170027",0,0,0,0,0,0,0,0,0,0,0,0,0,0,0,0,0,0,0,0,0
"130170029",0,0,0,0,0,0,0,0,0,0,0,0,0,0,0,0,0,0,0,0,0
"130170030",2,0,3,0,3,15,4,2,0,0,0,0,7,3,0,0,3,0,3,8,1
"130170032",2,2,3,3,6,32,13,2,0,2,1,4,17,8,0,2,1,2,2,15,5
"130170033",0,0,0,0,0,1,4,0,0,0,0,0,1,3,0,0,0,0,0,0,1
"130170036",4,5,10,4,12,60,53,0,3,7,3,5,28,28,4,2,3,1,7,32,25
"130170037",0,0,2,2,1,5,4,0,0,0,2,0,2,2,0,0,2,0,1,3,2
"130170038",5,2,6,3,4,23,10,3,1,3,3,3,12,6,2,1,3,0,1,11,4
"130170040",24,15,67,28,50,233,55,10,9,27,13,30,108,27,14,6,40,15,20,125,28
"130170041",2,1,2,2,6,22,10,1,0,2,2,4,10,4,1,1,0,0,2,12,6
"130170042",0,3,8,9,5,33,17,0,1,3,5,1,12,10,0,2,5,4,4,21,7
"130170043",3,1,7,4,5,33,12,2,1,3,3,4,15,6,1,0,4,1,1,18,6
"130170044",4,3,4,3,5,27,11,1,1,4,1,1,13,5,3,2,0,2,4,14,6
"130170047",0,0,0,1,0,6,4,0,0,0,0,0,4,1,0,0,0,1,0,2,3
"130170048",0,0,1,2,2,12,5,0,0,1,1,1,3,2,0,0,0,1,1,9,3
"130170049",13,17,31,13,21,170,37,4,12,15,7,12,76,17,9,5,16,6,9,94,20
"130170050",2,2,9,0,3,16,2,1,1,2,0,2,8,1,1,1,7,0,1,8,1
"130170051",0,2,9,2,6,39,15,0,1,5,2,4,19,8,0,1,4,0,2,20,7
"130170053",0,0,0,1,0,4,4,0,0,0,1,0,2,2,0,0,0,0,0,2,2
"130170054",0,0,0,0,0,0,0,0,0,0,0,0,0,0,0,0,0,0,0,0,0
"130170055",0,0,3,0,2,8,0,0,0,1,0,0,3,0,0,0,2,0,2,5,0
"130180001",191,215,456,244,433,1975,540,93,121,252,116,204,886,247,98,94,204,128,229,1089,293
"1301800010055",91,100,215,103,185,836,228,43,63,123,48,87,381,106,48,37,92,55,98,455,122
"130180001006A",98,106,225,138,234,1094,302,48,52,122,66,112,489,135,50,54,103,72,122,605,167
"1301800010074",0,9,16,3,14,45,10,0,6,7,0,5,16,6,0,3,9,0,9,29,4
"130180002",5,1,4,3,4,15,3,2,1,0,0,1,7,2,3,0,4,3,3,8,1
"130180003",7,16,27,17,20,118,34,6,8,13,8,14,55,17,1,8,14,9,6,63,17
"130180004",22,21,30,19,23,141,39,11,11,15,12,18,70,20,11,10,15,7,5,71,19
"130180005",9,13,43,17,23,116,48,3,7,21,4,13,55,24,6,6,22,13,10,61,24
"130180006",26,24,47,29,62,243,69,11,15,19,16,32,119,36,15,9,28,13,30,124,33
"130180008",45,39,95,47,61,412,94,22,16,45,29,34,195,54,23,23,50,18,27,217,40
"130180009",3,1,7,0,2,13,5,1,1,4,0,2,7,2,2,0,3,0,0,6,3
"130180010",19,19,39,14,21,92,37,7,10,26,9,14,43,19,12,9,13,5,7,49,18
"130180011",8,17,29,10,11,56,10,4,10,17,4,2,26,6,4,7,12,6,9,30,4
"130180012",4,10,19,4,5,62,11,3,7,12,3,3,31,5,1,3,7,1,2,31,6
"130180013",11,7,14,10,7,49,8,2,3,2,6,3,26,4,9,4,12,4,4,23,4
"130180014",49,47,92,48,55,351,125,20,27,46,26,25,147,66,29,20,46,22,30,204,59
"130180015",0,0,0,0,0,0,0,0,0,0,0,0,0,0,0,0,0,0,0,0,0
"130180016",15,13,14,13,18,68,15,5,6,7,6,10,34,7,10,7,7,7,8,34,8
"130180017",10,20,39,21,25,115,36,5,10,15,7,16,58,19,5,10,24,14,9,57,17
"130180018",48,35,88,40,63,368,123,23,15,42,20,39,179,60,25,20,46,20,24,189,63
"130180019",5,2,8,7,4,31,10,2,1,5,3,3,14,8,3,1,3,4,1,17,2
"130180020",11,15,36,19,27,102,34,6,6,18,10,13,43,22,5,9,18,9,14,59,12
"130180021",41,30,63,28,39,310,127,21,13,33,12,16,148,76,20,17,30,16,23,162,51
"130180022",7,11,30,11,12,73,29,1,5,15,3,6,38,18,6,6,15,8,6,35,11
"130180023",14,13,28,12,16,100,24,6,5,14,6,8,47,15,8,8,14,6,8,53,9
"130180024",25,16,40,23,41,190,68,12,6,20,11,17,90,38,13,10,20,12,24,100,30
"130180025",24,24,57,34,38,239,77,13,13,28,20,21,111,34,11,11,29,14,17,128,43
"130180026",20,19,40,18,33,154,38,14,7,24,9,17,73,22,6,12,16,9,16,81,16
"130180028",12,7,8,9,7,55,7,4,0,0,5,4,27,4,8,7,8,4,3,28,3
"130180029",18,11,45,22,33,98,32,8,4,22,9,18,46,18,10,7,23,13,15,52,14
"130180030",7,18,34,18,28,139,35,2,5,14,11,15,72,19,5,13,20,7,13,67,16
"130180031",26,31,59,25,45,244,85,10,15,33,13,20,121,49,16,16,26,12,25,123,36
"130180032",1,2,3,1,8,25,11,1,2,2,1,6,12,5,0,0,1,0,2,13,6
"130180033",5,3,7,7,6,18,10,2,0,5,3,5,9,5,3,3,2,4,1,9,5
"130180034",37,52,102,44,48,379,143,17,26,53,28,25,180,85,20,26,49,16,23,199,58
"130180035",76,103,199,103,153,876,250,35,54,109,54,82,418,115,41,49,90,49,71,458,135
"130180036",22,38,58,25,45,268,67,13,16,29,15,24,133,32,9,22,29,10,21,135,35
"130180037",20,18,30,21,23,139,58,10,10,17,10,15,64,37,10,8,13,11,8,75,21
"130180040",31,32,49,19,33,223,63,9,18,26,11,14,104,30,22,14,23,8,19,119,33
"130180042",15,19,51,24,27,121,27,10,10,25,11,14,54,12,5,9,26,13,13,67,15
"130180043",24,34,64,33,36,215,79,16,17,43,17,20,97,38,8,17,21,16,16,118,41
"130180044",32,32,68,32,56,219,48,16,10,35,16,19,118,26,16,22,33,16,37,101,22
"130180045",9,4,19,10,15,78,25,4,3,12,5,2,40,15,5,1,7,5,13,38,10
"130180047",13,10,25,15,21,90,17,7,4,19,6,12,43,10,6,6,6,9,9,47,7
"130180048",24,32,66,32,39,283,82,11,14,35,11,23,139,42,13,18,31,21,16,144,40
"130180049",10,8,12,10,7,46,14,3,2,6,5,6,20,8,7,6,6,5,1,26,6
"130180050",4,4,4,3,1,14,3,2,1,1,0,0,8,2,2,3,3,3,1,6,1
"130180051",0,0,0,0,0,0,0,0,0,0,0,0,0,0,0,0,0,0,0,0,0
"130180052",0,0,0,0,0,0,0,0,0,0,0,0,0,0,0,0,0,0,0,0,0
"130180054",0,0,0,0,0,0,0,0,0,0,0,0,0,0,0,0,0,0,0,0,0
"130180055",3,1,8,4,5,13,6,0,1,3,1,2,6,2,3,0,5,3,3,7,4
"130180057",0,1,0,0,2,5,2,0,1,0,0,1,2,2,0,0,0,0,1,3,0
"130180058",8,11,22,9,17,63,32,2,4,10,6,10,32,16,6,7,12,3,7,31,16
"130180059",0,0,0,0,0,0,0,0,0,0,0,0,0,0,0,0,0,0,0,0,0
"130180060",0,0,0,0,0,0,0,0,0,0,0,0,0,0,0,0,0,0,0,0,0
"130180061",16,13,39,20,12,117,30,8,5,24,12,5,55,16,8,8,15,8,7,62,14
"130180065",23,23,60,30,35,153,40,9,10,23,15,13,81,20,14,13,37,15,22,72,20
"130180068",0,0,3,1,2,6,2,0,0,2,1,1,3,2,0,0,1,0,1,3,0
"130180070",9,6,7,6,10,30,5,4,3,3,3,5,14,2,5,3,4,3,5,16,3
"130180071",2,0,9,3,4,17,6,0,0,3,1,4,9,3,2,0,6,2,0,8,3
"130180072",0,0,0,0,0,0,0,0,0,0,0,0,0,0,0,0,0,0,0,0,0
"130180073",0,1,1,2,3,12,5,0,1,1,1,2,7,3,0,0,0,1,1,5,2
"130180074",0,0,0,0,0,0,0,0,0,0,0,0,0,0,0,0,0,0,0,0,0
"130180075",0,0,0,0,0,0,0,0,0,0,0,0,0,0,0,0,0,0,0,0,0
"130180076",2,4,5,2,8,23,12,1,0,4,0,4,12,9,1,4,1,2,4,11,3
"130180077",0,1,2,0,1,9,3,0,1,2,0,0,2,1,0,0,0,0,1,7,2
"130180079",40,45,77,29,50,286,65,21,29,38,10,23,136,33,19,16,39,19,27,150,32
"130180080",2,3,5,1,4,29,4,1,1,1,1,2,14,2,1,2,4,0,2,15,2
"130180081",5,1,2,4,3,23,10,2,1,0,3,2,11,6,3,0,2,1,1,12,4
"130180082",0,0,0,0,0,0,0,0,0,0,0,0,0,0,0,0,0,0,0,0,0
"130180084",21,23,43,19,45,145,35,13,11,16,10,24,71,17,8,12,27,9,21,74,18
"130180086",5,1,1,2,3,16,4,4,1,0,0,2,8,2,1,0,1,2,1,8,2
"130180087",1,1,1,2,4,10,3,0,1,1,0,2,2,2,1,0,0,2,2,8,1
"130180089",2,3,6,4,8,17,4,1,0,3,2,6,9,2,1,3,3,2,2,8,2
"130180090",7,8,14,7,2,29,4,1,3,11,4,0,13,2,6,5,3,3,2,16,2
"130180093",0,0,0,0,0,0,0,0,0,0,0,0,0,0,0,0,0,0,0,0,0
"130180095",0,0,0,0,0,0,0,0,0,0,0,0,0,0,0,0,0,0,0,0,0
"130180096",2,1,3,1,2,11,3,1,1,1,1,0,6,2,1,0,2,0,2,5,1
"130180099",4,2,3,2,3,15,4,2,0,2,2,1,7,3,2,2,1,0,2,8,1
"130180100",15,29,38,26,21,193,50,6,17,19,12,9,91,27,9,12,19,14,12,102,23
"130180101",0,0,1,1,0,9,7,0,0,0,1,0,4,4,0,0,1,0,0,5,3
"130180105",0,0,0,0,0,0,0,0,0,0,0,0,0,0,0,0,0,0,0,0,0
"130180106",12,12,25,12,17,84,14,6,8,14,3,6,43,8,6,4,11,9,11,41,6
"130180108",4,7,6,1,6,24,6,1,4,5,0,4,11,2,3,3,1,1,2,13,4
"130180109",3,7,11,6,8,41,9,1,2,7,3,5,20,4,2,5,4,3,3,21,5
"130180110",0,0,0,0,0,0,0,0,0,0,0,0,0,0,0,0,0,0,0,0,0
"130180111",25,14,36,21,23,138,28,14,9,20,10,12,73,12,11,5,16,11,11,65,16
"130180112",0,0,0,0,0,0,0,0,0,0,0,0,0,0,0,0,0,0,0,0,0
"130180113",1,1,5,4,3,13,2,0,0,4,3,2,7,1,1,1,1,1,1,6,1
"130180115",1,1,2,2,0,4,2,1,1,2,1,0,2,1,0,0,0,1,0,2,1
"130180117",3,3,2,0,4,12,4,2,2,2,0,0,6,2,1,1,0,0,4,6,2
"130180118",1,0,2,3,3,8,1,0,0,0,1,3,4,1,1,0,2,2,0,4,0
"130180120",0,0,0,0,0,0,0,0,0,0,0,0,0,0,0,0,0,0,0,0,0
"130180121",8,7,18,11,16,77,25,6,3,8,7,8,33,12,2,4,10,4,8,44,13
"130180122",22,17,26,9,18,116,22,10,11,15,3,10,58,13,12,6,11,6,8,58,9
"130180123",15,9,29,10,18,90,10,6,3,15,7,9,40,4,9,6,14,3,9,50,6
"130180124",0,0,0,0,0,0,0,0,0,0,0,0,0,0,0,0,0,0,0,0,0
"130180125",0,0,0,0,0,0,0,0,0,0,0,0,0,0,0,0,0,0,0,0,0
"130180126",4,4,11,2,12,30,5,2,1,4,1,5,14,4,2,3,7,1,7,16,1
"130180127",4,2,10,3,3,28,4,2,1,5,2,2,14,2,2,1,5,1,1,14,2
"130180129",0,0,0,0,0,0,0,0,0,0,0,0,0,0,0,0,0,0,0,0,0
"130180130",0,0,2,1,1,3,2,0,0,1,1,0,1,2,0,0,1,0,1,2,0
"130180131",5,0,5,2,5,9,0,3,0,4,1,2,5,0,2,0,1,1,3,4,0
"130190001",44,79,142,67,101,639,190,27,41,63,33,55,278,90,17,38,79,34,46,361,100
"1301900010033",21,39,70,30,42,318,106,15,20,30,14,25,144,46,6,19,40,16,17,174,60
"1301900010048",11,19,23,12,19,132,32,5,10,6,4,10,57,19,6,9,17,8,9,75,13
"1301900010052",5,5,26,12,15,76,17,4,4,17,7,6,29,8,0,0,9,5,9,47,9
"1301900010067",7,16,23,13,25,113,34,3,7,10,8,14,48,16,4,9,13,5,11,65,18
"1301900010071",0,0,0,0,0,0,0,0,0,0,0,0,0,0,0,0,0,0,0,0,0
"130190002",40,42,114,49,76,459,107,20,21,60,27,37,208,47,20,21,54,22,39,251,60
"130190003",6,8,14,9,14,60,6,3,2,2,5,10,29,3,3,6,12,4,4,31,3
"130190004",32,32,55,33,65,323,85,23,15,28,9,31,151,42,9,17,27,24,34,172,43
"130190005",6,23,46,19,28,121,27,4,13,23,10,16,57,15,2,10,23,9,12,64,12
"130190006",35,36,81,24,50,288,93,16,21,37,7,29,125,48,19,15,44,17,21,163,45
"130190007",63,87,190,92,128,833,220,29,45,102,48,77,393,98,34,42,88,44,51,440,122
"130190008",31,51,79,42,74,376,94,12,33,35,19,41,170,47,19,18,44,23,33,206,47
"130190009",19,30,57,32,38,268,59,10,14,29,21,20,136,28,9,16,28,11,18,132,31
"130190010",30,43,93,46,76,463,88,15,26,48,25,39,215,41,15,17,45,21,37,248,47
"130190011",98,100,238,103,164,973,186,52,50,126,58,84,454,94,46,50,112,45,80,519,92
"130190012",17,18,40,18,22,183,61,7,10,23,13,10,84,32,10,8,17,5,12,99,29
"130190013",73,66,181,96,152,918,348,32,37,93,53,81,417,176,41,29,88,43,71,501,172
"130190014",36,41,93,39,74,432,95,16,22,49,20,37,198,44,20,19,44,19,37,234,51
"130190015",95,121,271,136,272,1327,290,49,58,137,56,156,621,148,46,63,134,80,116,706,142
"1301900150086",52,70,156,81,172,805,155,24,36,85,35,96,373,81,28,34,71,46,76,432,74
"1301900150090",43,51,115,55,100,522,135,25,22,52,21,60,248,67,18,29,63,34,40,274,68
"130190016",30,40,98,41,71,432,136,11,20,53,24,34,215,65,19,20,45,17,37,217,71
"130190017",21,25,40,14,18,168,69,6,16,23,7,8,70,40,15,9,17,7,10,98,29
"130190019",18,26,61,23,30,240,56,12,12,34,15,15,105,27,6,14,27,8,15,135,29
"130190020",6,13,12,3,11,56,9,3,7,6,2,4,22,6,3,6,6,1,7,34,3
"130190022",6,5,10,7,15,66,11,3,3,7,7,6,34,8,3,2,3,0,9,32,3
"130190023",7,4,17,8,10,71,25,2,1,9,2,6,33,15,5,3,8,6,4,38,10
"130190024",3,4,4,3,5,36,7,0,3,2,1,2,17,3,3,1,2,2,3,19,4
"130190025",12,10,25,6,28,180,45,4,4,15,3,17,82,22,8,6,10,3,11,98,23
"130190026",0,0,0,0,0,0,0,0,0,0,0,0,0,0,0,0,0,0,0,0,0
"130190027",5,8,19,4,6,62,8,2,3,10,2,2,29,3,3,5,9,2,4,33,5
"130190028",0,0,0,0,0,0,0,0,0,0,0,0,0,0,0,0,0,0,0,0,0
"130190029",0,0,0,0,0,0,0,0,0,0,0,0,0,0,0,0,0,0,0,0,0
"130190030",2,2,5,3,0,12,1,0,1,3,2,0,5,1,2,1,2,1,0,7,0
"130190032",32,33,66,29,54,263,36,21,22,33,11,28,135,16,11,11,33,18,26,128,20
"130190033",56,55,110,56,82,497,147,27,24,67,27,40,232,69,29,31,43,29,42,265,78
"130190034",0,0,0,0,0,0,0,0,0,0,0,0,0,0,0,0,0,0,0,0,0
"130190035",0,0,0,0,0,0,0,0,0,0,0,0,0,0,0,0,0,0,0,0,0
"130200001",20,21,52,29,42,260,177,7,15,32,13,24,117,90,13,6,20,16,18,143,87
"1302000010068",7,6,28,11,14,111,70,0,4,19,5,7,53,33,5,0,9,6,7,58,37
"1302000010072",7,11,14,10,14,84,62,3,9,6,6,6,39,32,4,0,8,4,8,45,30
"1302000010087",6,4,10,8,14,65,45,0,0,7,0,11,25,25,4,0,3,6,3,40,20
"130200002",4,5,5,5,3,45,37,2,3,0,4,0,22,16,2,2,5,1,3,23,21
"130200003",0,3,6,1,2,36,25,0,2,2,0,0,16,13,0,1,4,1,2,20,12
"130200004",0,1,3,4,0,25,32,0,1,3,2,0,14,14,0,0,0,2,0,11,18
"130200005",3,3,20,9,13,86,60,1,3,9,6,5,38,30,2,0,11,3,8,48,30
"130200006",35,52,105,55,71,501,156,19,24,54,29,28,222,76,16,28,51,26,43,279,80
"130200007",1,1,4,1,1,16,30,1,1,2,1,0,8,17,0,0,2,0,1,8,13
"130200008",1,0,7,1,1,10,11,1,0,4,1,0,3,7,0,0,3,0,1,7,4
"130200009",5,6,8,6,4,45,34,1,5,3,3,3,22,15,4,1,5,3,1,23,19
"130200010",1,3,2,0,0,18,18,0,2,0,0,0,8,9,1,1,2,0,0,10,9
"130200011",6,10,21,9,11,57,33,2,7,9,5,5,22,17,4,3,12,4,6,35,16
"130200012",2,0,7,2,3,23,16,1,0,2,2,2,13,6,1,0,5,0,1,10,10
"130200013",2,1,0,0,0,9,6,1,0,0,0,0,3,4,1,1,0,0,0,6,2
"130200014",1,1,3,1,2,17,4,0,0,2,0,2,7,1,1,1,1,1,0,10,3
"130200017",0,0,0,0,0,0,0,0,0,0,0,0,0,0,0,0,0,0,0,0,0
"130200019",0,0,0,0,0,0,0,0,0,0,0,0,0,0,0,0,0,0,0,0,0
"130200020",1,1,4,6,3,29,6,1,1,2,3,1,15,2,0,0,2,3,2,14,4
"130200021",0,0,0,0,0,0,0,0,0,0,0,0,0,0,0,0,0,0,0,0,0
"130200023",0,0,0,0,0,0,0,0,0,0,0,0,0,0,0,0,0,0,0,0,0
"130200025",1,0,5,0,1,12,3,0,0,5,0,0,6,2,1,0,0,0,1,6,1
"130200026",1,0,1,0,0,4,3,0,0,1,0,0,2,2,1,0,0,0,0,2,1
"130200029",0,0,0,0,0,0,0,0,0,0,0,0,0,0,0,0,0,0,0,0,0
"130210001",365,434,942,526,836,5085,1395,191,222,463,283,399,2386,642,174,212,479,243,437,2699,753
"1302100010050",16,11,41,22,29,222,38,9,4,21,11,11,110,19,7,7,20,11,18,112,19
"1302100010065",79,103,212,108,180,1095,342,46,56,103,58,91,503,161,33,47,109,50,89,592,181
"130210001007A",81,91,175,107,182,997,289,39,47,89,56,75,464,137,42,44,86,51,107,533,152
"1302100010084",22,27,50,24,30,228,27,13,13,24,13,16,114,13,9,14,26,11,14,114,14
"1302100010101",66,58,159,105,154,994,336,31,28,83,57,77,484,157,35,30,76,48,77,510,179
"1302100010116",57,65,140,76,145,841,301,27,36,60,41,72,394,126,30,29,80,35,73,447,175
"1302100010135",36,64,125,64,101,592,39,22,31,64,36,50,262,18,14,33,61,28,51,330,21
"130210001014A",5,6,13,5,3,34,6,0,4,8,3,0,19,0,3,0,5,0,0,20,4
"1302100010154",0,4,11,9,4,32,7,0,0,4,6,0,15,3,0,0,7,3,4,17,4
"1302100010169",0,0,10,0,6,28,7,0,0,3,0,4,14,4,0,0,7,0,0,16,3
"1302100010173",0,0,4,4,0,16,0,0,0,0,0,0,7,0,0,0,0,0,0,9,0
"1302100010188",0,0,0,0,0,11,0,0,0,0,0,0,7,0,0,0,0,0,0,4,0
"130210002",0,0,0,0,0,0,0,0,0,0,0,0,0,0,0,0,0,0,0,0,0
"130210005",89,111,229,121,240,1019,230,40,51,117,64,113,486,119,49,60,112,57,127,533,111
"130210006",77,104,174,88,125,967,240,44,55,90,43,63,453,117,33,49,84,45,62,514,123
"130210011",73,83,169,92,135,799,194,43,47,89,48,62,370,102,30,36,80,44,73,429,92
"130210013",0,0,0,0,0,0,0,0,0,0,0,0,0,0,0,0,0,0,0,0,0
"130210019",0,0,0,0,0,0,0,0,0,0,0,0,0,0,0,0,0,0,0,0,0
"130210022",1,2,3,1,1,13,2,0,2,1,1,1,6,1,1,0,2,0,0,7,1
"130210026",0,1,1,1,0,7,6,0,0,1,1,0,4,6,0,1,0,0,0,3,0
"130210028",0,0,0,0,0,0,0,0,0,0,0,0,0,0,0,0,0,0,0,0,0
"130210031",2,3,10,4,2,26,7,1,1,4,4,1,14,3,1,2,6,0,1,12,4
"130210035",1,1,3,1,1,7,2,0,1,2,0,0,3,1,1,0,1,1,1,4,1
"130210037",4,1,4,3,6,24,1,4,0,3,1,6,13,1,0,1,1,2,0,11,0
"130210038",4,1,8,6,2,20,3,3,0,4,4,2,10,1,1,1,4,2,0,10,2
"130210039",0,0,0,0,0,0,0,0,0,0,0,0,0,0,0,0,0,0,0,0,0
"130210040",0,0,0,0,0,0,0,0,0,0,0,0,0,0,0,0,0,0,0,0,0
"130210041",0,0,0,0,0,0,0,0,0,0,0,0,0,0,0,0,0,0,0,0,0
"130220001",91,135,311,170,311,1801,491,43,61,156,76,160,867,226,48,74,155,94,151,934,265
"1302200010058",33,46,122,70,110,736,207,18,22,61,25,50,367,92,15,24,61,45,60,369,115
"1302200010062",26,46,92,50,93,503,140,9,16,45,25,52,241,60,17,30,47,25,41,262,80
"1302200010077",31,38,85,45,96,513,132,16,19,46,23,49,237,68,15,19,39,22,47,276,64
"1302200010081",0,5,12,5,12,49,12,0,4,4,3,9,22,6,0,0,8,0,3,27,6
"130220002",7,14,17,13,26,100,30,4,7,5,6,14,50,13,3,7,12,7,12,50,17
"130220004",20,26,58,34,55,265,45,9,13,29,16,28,136,18,11,13,29,18,27,129,27
"130220006",2,5,4,6,4,41,16,0,4,1,3,3,18,7,2,1,3,3,1,23,9
"130220007",10,18,42,24,34,224,68,2,13,18,11,13,105,34,8,5,24,13,21,119,34
"130220008",7,11,11,11,20,109,22,2,3,6,6,12,50,12,5,8,5,5,8,59,10
"130220010",16,23,31,22,41,207,55,6,10,16,11,28,111,19,10,13,15,11,13,96,36
"130220011",15,8,29,7,16,134,17,7,3,14,5,5,61,6,8,5,15,2,11,73,11
"130220012",18,22,41,13,30,178,39,12,9,20,6,16,91,20,6,13,21,7,14,87,19
"130220014",9,10,11,3,12,76,22,5,4,6,2,4,36,10,4,6,5,1,8,40,12
"130220015",0,0,0,0,0,0,0,0,0,0,0,0,0,0,0,0,0,0,0,0,0
"130220016",2,4,3,3,4,30,6,1,1,1,1,2,15,4,1,3,2,2,2,15,2
"130220017",49,81,164,104,105,888,235,22,36,85,52,49,430,119,27,45,79,52,56,458,116
"130220019",33,32,73,44,89,449,82,15,16,35,20,40,212,38,18,16,38,24,49,237,44
"130220020",0,0,0,0,0,0,0,0,0,0,0,0,0,0,0,0,0,0,0,0,0
"130220021",52,63,138,75,119,696,213,21,35,80,49,56,318,93,31,28,58,26,63,378,120
"130220022",0,0,0,0,0,0,0,0,0,0,0,0,0,0,0,0,0,0,0,0,0
"130220023",0,0,0,0,0,4,3,0,0,0,0,0,3,1,0,0,0,0,0,1,2
"130220024",30,36,104,47,71,489,119,15,24,64,26,37,230,53,15,12,40,21,34,259,66
"130220025",30,45,108,82,104,659,189,17,28,57,43,52,299,100,13,17,51,39,52,360,89
"130220026",0,1,0,0,3,7,1,0,0,0,0,2,3,0,0,1,0,0,1,4,1
"130220027",2,2,8,4,3,27,7,0,1,4,2,2,15,5,2,1,4,2,1,12,2
"130220028",24,21,52,19,53,227,36,14,10,23,8,32,103,18,10,11,29,11,21,124,18
"130220037",10,12,26,9,13,120,30,5,6,16,3,6,61,15,5,6,10,6,7,59,15
"130220040",0,0,0,0,0,0,0,0,0,0,0,0,0,0,0,0,0,0,0,0,0
"130220041",10,14,39,18,35,178,57,4,6,23,8,19,83,26,6,8,16,10,16,95,31
"130220042",15,23,35,19,34,225,62,6,12,15,8,13,101,35,9,11,20,11,21,124,27
"130220044",0,0,0,0,0,0,0,0,0,0,0,0,0,0,0,0,0,0,0,0,0
"130220045",0,0,0,0,0,0,0,0,0,0,0,0,0,0,0,0,0,0,0,0,0
"130220047",0,0,0,0,0,0,0,0,0,0,0,0,0,0,0,0,0,0,0,0,0
"130220048",8,6,5,6,14,47,8,6,5,2,2,5,23,4,2,1,3,4,9,24,4
"130220049",0,0,0,0,0,0,0,0,0,0,0,0,0,0,0,0,0,0,0,0,0
"130220052",0,0,0,0,0,0,0,0,0,0,0,0,0,0,0,0,0,0,0,0,0
"130220054",3,4,1,2,2,25,9,3,1,1,0,0,12,5,0,3,0,2,2,13,4
"130220056",0,0,0,0,0,0,0,0,0,0,0,0,0,0,0,0,0,0,0,0,0
"130220057",8,8,19,11,13,94,29,2,3,12,8,8,48,13,6,5,7,3,5,46,16
"130220058",0,0,0,0,0,0,0,0,0,0,0,0,0,0,0,0,0,0,0,0,0
"130220061",2,7,11,6,6,48,9,0,5,5,2,3,20,2,2,2,6,4,3,28,7
"130220062",1,2,0,0,0,10,4,1,0,0,0,0,4,2,0,2,0,0,0,6,2
"130220063",0,0,0,0,2,3,3,0,0,0,0,0,1,2,0,0,0,0,2,2,1
"130220066",0,0,0,0,0,0,0,0,0,0,0,0,0,0,0,0,0,0,0,0,0
"130220067",0,0,0,0,0,0,0,0,0,0,0,0,0,0,0,0,0,0,0,0,0
"130220068",0,0,1,1,1,5,1,0,0,1,1,1,2,1,0,0,0,0,0,3,0
"130220069",0,0,0,0,0,0,0,0,0,0,0,0,0,0,0,0,0,0,0,0,0
"130220070",0,0,7,1,2,15,5,0,0,4,1,2,6,4,0,0,3,0,0,9,1
"130220071",1,0,3,0,4,10,3,0,0,2,0,3,5,2,1,0,1,0,1,5,1
"130220072",0,0,0,0,0,0,0,0,0,0,0,0,0,0,0,0,0,0,0,0,0
"130220073",3,6,16,9,19,71,14,2,3,8,5,6,36,7,1,3,8,4,13,35,7
"130220074",0,1,1,1,2,10,1,0,0,0,0,2,5,0,0,1,1,1,0,5,1
"130220075",3,4,10,3,9,29,13,1,3,5,1,4,14,5,2,1,5,2,5,15,8
"130220076",0,0,2,2,1,9,1,0,0,1,1,0,4,0,0,0,1,1,1,5,1
"130220077",0,2,0,0,0,5,1,0,0,0,0,0,2,1,0,2,0,0,0,3,0
"130220078",0,0,0,0,0,0,0,0,0,0,0,0,0,0,0,0,0,0,0,0,0
"130220079",0,0,0,0,0,0,0,0,0,0,0,0,0,0,0,0,0,0,0,0,0
"130220081",0,4,2,0,0,5,2,0,1,1,0,0,3,1,0,3,1,0,0,2,1
"130220083",0,0,0,0,0,0,0,0,0,0,0,0,0,0,0,0,0,0,0,0,0
"130220084",2,0,1,0,2,29,9,1,0,0,0,1,11,4,1,0,1,0,1,18,5
"130220085",2,2,4,4,3,20,2,1,0,1,2,1,11,2,1,2,3,2,2,9,0
"130220089",0,0,0,0,0,3,1,0,0,0,0,0,2,0,0,0,0,0,0,1,1
"130220090",3,2,9,6,7,34,12,0,2,5,4,3,16,9,3,0,4,2,4,18,3
"130220091",87,106,225,124,181,1191,136,50,52,119,64,93,552,63,37,54,106,60,88,639,73
"130220092",2,2,0,0,0,11,3,1,2,0,0,0,4,2,1,0,0,0,0,7,1
"130230001",335,484,1103,564,949,6176,1724,171,242,563,277,483,2838,749,164,242,540,287,466,3338,975
"1302300010036",125,183,408,204,371,2422,770,68,96,200,100,179,1133,314,57,87,208,104,192,1289,456
"1302300010040",88,117,269,130,188,1488,483,47,61,144,55,94,678,214,41,56,125,75,94,810,269
"130230001006A",32,61,146,76,113,737,154,15,28,77,37,61,341,74,17,33,69,39,52,396,80
"1302300010074",31,56,138,80,119,673,140,12,26,68,40,58,300,64,19,30,70,40,61,373,76
"1302300010089",59,67,142,74,158,856,177,29,31,74,45,91,386,83,30,36,68,29,67,470,94
"130230002",25,35,95,48,62,406,104,14,14,45,28,37,185,48,11,21,50,20,25,221,56
"130230003",39,55,108,52,82,570,133,19,21,57,23,39,266,61,20,34,51,29,43,304,72
"130230004",16,14,33,19,38,271,80,10,6,21,10,17,136,33,6,8,12,9,21,135,47
"130230005",103,134,281,119,200,1074,171,57,73,146,60,100,496,89,46,61,135,59,100,578,82
"130230006",26,32,57,35,54,285,65,14,19,37,18,28,129,30,12,13,20,17,26,156,35
"130230007",12,17,40,22,28,130,33,5,10,23,11,13,62,19,7,7,17,11,15,68,14
"130230008",81,106,222,138,232,1136,251,39,50,113,75,117,516,117,42,56,109,63,115,620,134
"130230009",21,16,32,17,21,172,40,6,6,13,9,9,82,16,15,10,19,8,12,90,24
"130230010",24,38,66,35,39,402,76,12,27,30,13,21,175,35,12,11,36,22,18,227,41
"130230011",37,49,117,60,105,565,167,13,25,61,29,47,273,77,24,24,56,31,58,292,90
"130230012",123,180,356,183,294,2090,585,65,83,171,90,149,979,271,58,97,185,93,145,1111,314
"1302300120055",123,180,356,183,294,2090,585,65,83,171,90,149,979,271,58,97,185,93,145,1111,314
"130230013",28,51,91,62,87,555,144,17,19,48,32,46,264,70,11,32,43,30,41,291,74
"130230014",179,269,629,326,492,3295,855,83,143,312,155,282,1550,412,96,126,317,171,210,1745,443
"1302300140093",36,79,186,88,105,901,192,18,45,82,34,68,425,97,18,34,104,54,37,476,95
"1302300140106",0,13,27,18,27,131,34,0,5,14,12,19,61,16,0,8,13,6,8,70,18
"1302300140110",82,98,222,135,207,1268,361,41,53,112,66,113,607,178,41,45,110,69,94,661,183
"1302300140125",59,79,186,83,151,982,263,23,40,100,41,82,450,119,36,39,86,42,69,532,144
"1302300140144",0,0,7,0,0,13,5,0,0,4,0,0,8,0,0,0,3,0,0,7,3
"1302300140159",0,0,0,0,0,0,0,0,0,0,0,0,0,0,0,0,0,0,0,0,0
"130230015",37,31,80,48,82,389,71,17,18,34,26,37,176,35,20,13,46,22,45,213,36
"130230018",9,11,17,8,9,117,52,6,7,10,2,7,52,21,3,4,7,6,2,65,31
"130230019",10,11,31,12,9,93,27,4,6,16,5,3,44,13,6,5,15,7,6,49,14
"130230024",6,12,24,6,13,80,15,2,4,15,2,7,36,11,4,8,9,4,6,44,4
"130230026",11,11,26,17,25,160,32,4,5,11,7,13,76,12,7,6,15,10,12,84,20
"130230028",7,8,12,7,10,61,25,5,1,6,2,7,29,13,2,7,6,5,3,32,12
"130230030",34,46,109,59,72,468,87,14,27,47,29,41,214,44,20,19,62,30,31,254,43
"130230032",0,0,2,1,1,13,5,0,0,1,0,1,7,3,0,0,1,1,0,6,2
"130230035",2,4,20,11,17,93,28,1,2,11,6,8,38,12,1,2,9,5,9,55,16
"130230036",3,2,6,3,5,11,1,0,2,5,2,2,4,1,3,0,1,1,3,7,0
"130230037",20,21,53,25,45,239,39,8,11,26,14,27,102,21,12,10,27,11,18,137,18
"130230038",3,2,3,4,3,20,5,1,1,2,3,1,9,3,2,1,1,1,2,11,2
"130230039",1,2,3,1,1,25,9,1,2,2,1,1,17,5,0,0,1,0,0,8,4
"130230041",13,18,42,18,22,153,36,6,11,23,13,9,74,19,7,7,19,5,13,79,17
"130230042",2,1,3,0,0,7,3,1,1,3,0,0,2,2,1,0,0,0,0,5,1
"130230043",3,5,8,0,5,49,6,1,2,7,0,1,23,3,2,3,1,0,4,26,3
"130230044",1,3,15,5,9,29,13,0,2,6,2,4,12,8,1,1,9,3,5,17,5
"130230045",0,0,0,0,0,0,0,0,0,0,0,0,0,0,0,0,0,0,0,0,0
"130230048",0,0,0,0,0,0,0,0,0,0,0,0,0,0,0,0,0,0,0,0,0
"130230049",4,11,23,18,32,147,33,2,7,10,8,14,68,18,2,4,13,10,18,79,15
"130230050",2,2,5,0,2,28,4,1,0,2,0,0,15,2,1,2,3,0,2,13,2
"130230051",3,5,7,1,9,41,6,0,4,4,0,5,19,4,3,1,3,1,4,22,2
"130230052",9,28,41,27,25,191,41,6,12,24,15,13,94,23,3,16,17,12,12,97,18
"130240001",15,13,33,20,32,209,95,7,7,18,9,22,98,42,8,6,15,11,10,111,53
"1302400010052",11,7,13,9,13,124,72,6,0,8,5,7,55,32,5,5,5,4,6,69,40
"1302400010067",4,6,20,11,19,85,23,0,5,10,4,15,43,10,3,0,10,7,4,42,13
"130240002",17,5,21,10,29,160,70,10,2,9,3,13,83,27,7,3,12,7,16,77,43
"130240003",11,9,35,16,11,93,34,5,5,18,6,9,40,16,6,4,17,10,2,53,18
"130240004",37,44,66,32,67,269,52,23,21,39,15,31,117,27,14,23,27,17,36,152,25
"130240005",7,9,32,14,21,112,41,6,4,16,7,10,46,18,1,5,16,7,11,66,23
"130240006",15,21,36,23,28,149,38,7,8,19,10,12,72,16,8,13,17,13,16,77,22
"130240010",11,9,25,8,22,74,17,8,7,11,7,6,36,9,3,2,14,1,16,38,8
"130240012",22,25,76,31,63,322,84,9,10,32,13,30,144,36,13,15,44,18,33,178,48
"130240013",7,14,17,7,11,74,21,4,9,7,5,8,30,11,3,5,10,2,3,44,10
"130240014",0,0,0,0,0,0,0,0,0,0,0,0,0,0,0,0,0,0,0,0,0
"130240015",1,2,1,1,3,14,3,1,0,1,1,3,9,1,0,2,0,0,0,5,2
"130240016",6,6,8,2,9,45,11,2,5,5,2,4,23,7,4,1,3,0,5,22,4
"130240017",19,22,52,31,24,192,71,9,9,26,21,16,85,32,10,13,26,10,8,107,39
"130240018",0,2,5,0,3,18,4,0,2,5,0,3,12,3,0,0,0,0,0,6,1
"130240020",30,17,53,21,34,183,37,14,11,28,7,16,84,16,16,6,25,14,18,99,21
"130240021",76,103,180,87,121,656,116,44,50,87,46,62,305,60,32,53,93,41,59,351,56
"130240022",7,6,13,7,14,61,33,5,2,8,5,7,28,17,2,4,5,2,7,33,16
"130240023",1,1,0,0,1,7,1,0,1,0,0,0,4,0,1,0,0,0,1,3,1
"130240024",22,30,64,23,49,253,52,11,19,30,14,28,107,21,11,11,34,9,21,146,31
"130240025",40,52,119,69,91,556,132,20,29,69,39,45,255,56,20,23,50,30,46,301,76
"130240026",7,14,13,10,11,105,45,2,4,6,3,6,51,23,5,10,7,7,5,54,22
"130240027",66,57,107,55,77,596,172,30,28,57,27,46,247,76,36,29,50,28,31,349,96
"130240029",9,3,8,4,3,42,13,5,2,3,2,1,20,5,4,1,5,2,2,22,8
"130240031",9,7,20,11,14,77,16,6,5,9,4,4,35,4,3,2,11,7,10,42,12
"130240034",34,41,69,32,59,261,43,13,21,43,21,29,122,21,21,20,26,11,30,139,22
"130240035",36,35,85,47,65,365,79,16,10,44,25,27,165,34,20,25,41,22,38,200,45
"130240036",11,22,45,22,23,161,63,8,9,24,11,9,76,29,3,13,21,11,14,85,34
"130240037",9,10,16,10,9,53,7,2,7,9,3,4,22,5,7,3,7,7,5,31,2
"130240038",59,51,135,66,75,435,119,34,21,59,31,31,190,63,25,30,76,35,44,245,56
"130240041",10,14,22,18,20,89,22,4,8,10,14,12,41,10,6,6,12,4,8,48,12
"130240042",14,12,40,18,29,140,40,6,5,17,13,11,63,17,8,7,23,5,18,77,23
"130240043",11,10,33,19,22,120,28,6,7,21,9,8,51,14,5,3,12,10,14,69,14
"130240044",21,20,41,19,29,155,37,11,9,17,8,16,69,19,10,11,24,11,13,86,18
"130240045",17,15,26,9,13,109,11,7,9,18,4,5,45,4,10,6,8,5,8,64,7
"130240046",17,18,45,21,26,258,53,10,11,20,9,15,117,24,7,7,25,12,11,141,29
"130240051",16,24,39,16,19,147,38,9,11,16,8,6,60,18,7,13,23,8,13,87,20
"130240052",5,9,18,7,11,56,10,3,1,3,5,8,30,5,2,8,15,2,3,26,5
"130240054",15,11,22,7,17,96,25,5,5,9,3,9,48,14,10,6,13,4,8,48,11
"130240055",10,15,34,16,30,165,58,5,5,20,9,10,74,26,5,10,14,7,20,91,32
"130240056",4,6,11,7,4,65,45,2,3,5,3,1,32,19,2,3,6,4,3,33,26
"130240058",19,21,45,21,37,199,48,9,13,16,11,24,82,27,10,8,29,10,13,117,21
"130240059",5,4,21,4,5,83,22,0,3,13,1,3,37,12,5,1,8,3,2,46,10
"130240060",6,5,14,6,9,61,19,5,3,6,4,6,28,6,1,2,8,2,3,33,13
"130240061",1,1,4,2,4,18,1,0,1,2,1,1,7,1,1,0,2,1,3,11,0
"130240065",0,0,0,0,0,6,2,0,0,0,0,0,3,0,0,0,0,0,0,3,2
"130240066",10,6,19,5,11,64,19,3,3,8,1,5,26,10,7,3,11,4,6,38,9
"130240067",2,0,0,0,0,7,4,0,0,0,0,0,1,1,2,0,0,0,0,6,3
"130240068",53,57,137,62,76,486,92,24,27,60,36,35,239,45,29,30,77,26,41,247,47
"130240070",7,9,20,5,12,53,24,4,8,12,3,9,23,10,3,1,8,2,3,30,14
"130240071",12,11,39,14,8,92,16,7,5,15,9,5,38,5,5,6,24,5,3,54,11
"130240072",11,5,23,5,14,71,8,5,3,13,4,9,34,4,6,2,10,1,5,37,4
"130240073",0,0,0,0,0,0,0,0,0,0,0,0,0,0,0,0,0,0,0,0,0
"130240075",0,0,0,0,0,0,0,0,0,0,0,0,0,0,0,0,0,0,0,0,0
"130240077",1,3,6,2,6,27,3,1,2,3,1,3,17,1,0,1,3,1,3,10,2
"130240078",1,7,13,8,4,47,10,1,5,9,6,3,23,6,0,2,4,2,1,24,4
"130240079",15,8,22,6,14,72,12,8,3,13,2,4,35,5,7,5,9,4,10,37,7
"130240080",0,0,0,0,0,0,0,0,0,0,0,0,0,0,0,0,0,0,0,0,0
"130240082",3,10,9,2,4,29,8,1,2,2,1,3,12,3,2,8,7,1,1,17,5
"130240083",6,4,13,2,9,38,18,4,3,5,2,5,19,9,2,1,8,0,4,19,9
"130240084",4,2,6,3,2,11,8,0,1,1,2,1,4,4,4,1,5,1,1,7,4
"130240085",8,3,15,3,3,30,12,6,2,6,2,3,12,5,2,1,9,1,0,18,7
"130240086",16,17,29,16,12,93,22,8,13,15,9,6,35,15,8,4,14,7,6,58,7
"130240087",4,10,13,4,12,64,21,1,4,7,3,4,29,7,3,6,6,1,8,35,14
"130240088",19,8,34,21,31,132,27,7,4,23,8,12,64,14,12,4,11,13,19,68,13
"130240089",3,6,14,4,5,34,10,1,5,8,3,1,13,6,2,1,6,1,4,21,4
"130240090",5,6,12,9,14,69,25,2,4,7,6,6,30,11,3,2,5,3,8,39,14
"130250001",170,217,400,208,339,1887,585,83,110,215,107,178,846,268,87,107,185,101,161,1041,317
"1302500010030",23,31,47,19,46,266,105,12,15,25,5,27,115,47,11,16,22,14,19,151,58
"1302500010064",88,95,178,103,153,901,254,45,46,98,53,78,413,112,43,49,80,50,75,488,142
"1302500010083",8,11,16,10,19,83,8,6,5,9,5,13,35,5,0,6,7,5,6,48,3
"1302500010098",27,40,82,33,51,319,111,13,20,44,19,25,136,56,14,20,38,14,26,183,55
"1302500010100",22,38,75,42,65,305,104,6,22,38,24,33,142,46,16,16,37,18,32,163,58
"1302500010115",0,0,0,0,5,11,0,0,0,0,0,0,7,0,0,0,0,0,3,6,0
"130250001012A",0,0,0,0,0,0,0,0,0,0,0,0,0,0,0,0,0,0,0,0,0
"130250002",43,55,124,69,81,393,313,27,27,70,28,48,175,124,16,28,54,41,33,218,189
"130250003",12,13,24,16,25,138,79,4,6,11,10,13,64,35,8,7,13,6,12,74,44
"130250004",16,22,48,28,34,213,133,9,10,21,13,20,94,63,7,12,27,15,14,119,70
"130250005",20,26,46,36,61,226,109,14,14,26,18,28,110,37,6,12,20,18,33,116,72
"130250006",23,18,59,23,29,144,52,12,11,25,10,19,72,23,11,7,34,13,10,72,29
"130250007",12,10,36,19,19,116,37,8,5,19,7,9,60,14,4,5,17,12,10,56,23
"130250008",17,16,51,31,38,189,71,8,8,24,17,20,90,28,9,8,27,14,18,99,43
"130250009",13,21,41,21,35,160,49,2,11,23,12,18,78,22,11,10,18,9,17,82,27
"130250010",8,6,22,10,15,71,42,4,2,10,5,7,37,17,4,4,12,5,8,34,25
"130250011",9,10,14,13,24,97,116,6,8,6,6,17,48,50,3,2,8,7,7,49,66
"130250012",7,8,31,15,24,104,97,5,2,17,6,17,46,41,2,6,14,9,7,58,56
"130250013",18,23,49,26,45,179,137,13,7,21,14,24,86,53,5,16,28,12,21,93,84
"130250014",3,9,33,16,24,114,51,0,4,17,7,8,62,18,3,5,16,9,16,52,33
"130250015",2,3,9,6,16,40,32,0,1,4,5,8,21,13,2,2,5,1,8,19,19
"130250016",14,13,35,23,22,134,119,10,7,19,17,11,61,50,4,6,16,6,11,73,69
"130250017",5,1,3,6,9,31,15,3,1,2,4,6,16,6,2,0,1,2,3,15,9
"130250018",16,25,48,32,42,204,167,8,13,31,16,21,99,71,8,12,17,16,21,105,96
"130250019",2,2,10,9,8,41,29,1,1,5,3,4,23,15,1,1,5,6,4,18,14
"130250020",9,13,32,23,29,103,60,4,7,20,10,13,49,22,5,6,12,13,16,54,38
"130250021",8,10,39,17,29,122,71,7,6,27,8,16,62,32,1,4,12,9,13,60,39
"130250022",6,10,20,11,21,107,58,3,4,13,5,10,49,21,3,6,7,6,11,58,37
"130250023",6,10,23,14,26,89,89,5,3,12,7,16,43,35,1,7,11,7,10,46,54
"130250024",2,6,4,7,7,44,23,0,3,3,3,5,24,12,2,3,1,4,2,20,11
"130250025",5,13,37,21,19,106,53,1,5,16,15,12,47,24,4,8,21,6,7,59,29
"130250026",21,11,45,23,31,209,71,8,4,24,12,15,107,28,13,7,21,11,16,102,43
"130250027",13,16,30,18,20,108,48,5,14,13,11,12,52,23,8,2,17,7,8,56,25
"130250028",13,16,43,25,29,111,67,6,10,18,15,14,57,32,7,6,25,10,15,54,35
"130250029",9,14,34,23,35,122,62,3,4,18,11,12,54,24,6,10,16,12,23,68,38
"130250030",13,15,41,15,12,120,88,10,9,25,9,8,57,45,3,6,16,6,4,63,43
"130250031",3,4,3,4,5,27,23,1,3,1,2,2,13,9,2,1,2,2,3,14,14
"130250032",4,6,7,7,13,59,44,2,3,5,5,8,31,20,2,3,2,2,5,28,24
"130250033",8,5,15,8,10,93,49,6,1,8,3,4,42,28,2,4,7,5,6,51,21
"130250034",12,6,13,6,17,85,76,6,2,9,2,8,39,33,6,4,4,4,9,46,43
"130250035",16,19,42,27,41,165,73,11,8,23,14,20,75,25,5,11,19,13,21,90,48
"130250036",30,28,64,35,35,215,96,14,12,25,23,18,100,45,16,16,39,12,17,115,51
"130250037",12,5,21,14,20,102,69,8,2,14,7,12,52,29,4,3,7,7,8,50,40
"130250038",35,45,101,49,87,403,185,14,16,44,21,45,187,84,21,29,57,28,42,216,101
"130250039",5,2,14,7,10,63,48,2,1,8,5,4,27,22,3,1,6,2,6,36,26
"130250040",5,1,9,11,5,59,25,5,1,3,7,5,28,13,0,0,6,4,0,31,12
"130250041",0,1,2,5,5,20,11,0,0,1,4,2,8,6,0,1,1,1,3,12,5
"130250042",16,16,49,23,33,141,50,8,13,26,15,18,67,16,8,3,23,8,15,74,34
"130250043",8,2,16,9,17,63,24,3,2,11,5,7,29,11,5,0,5,4,10,34,13
"130250044",5,7,29,12,8,64,27,4,5,16,7,4,33,10,1,2,13,5,4,31,17
"130250046",23,38,64,29,45,231,71,15,17,36,18,20,101,31,8,21,28,11,25,130,40
"130250047",5,9,14,6,10,71,66,4,4,8,3,6,34,25,1,5,6,3,4,37,41
"130250048",4,8,12,6,16,69,64,2,6,8,5,8,29,28,2,2,4,1,8,40,36
"130250049",2,7,3,4,10,57,69,2,4,1,1,5,25,34,0,3,2,3,5,32,35
"130250050",12,16,62,45,43,236,118,7,9,35,24,19,112,44,5,7,27,21,24,124,74
"130250051",1,1,1,0,1,15,11,1,0,1,0,1,8,6,0,1,0,0,0,7,5
"130250052",7,7,19,6,10,46,40,5,3,8,2,6,19,20,2,4,11,4,4,27,20
"130250053",3,9,22,21,27,86,36,0,3,14,12,14,41,14,3,6,8,9,13,45,22
"130250054",11,11,34,16,31,145,129,6,9,19,11,14,73,44,5,2,15,5,17,72,85
"130250055",1,5,7,5,5,35,19,0,2,6,2,4,19,9,1,3,1,3,1,16,10
"130250058",4,4,6,8,4,33,21,2,3,3,3,2,15,11,2,1,3,5,2,18,10
"130250059",9,9,23,16,23,104,28,3,4,13,10,11,58,12,6,5,10,6,12,46,16
"130250060",8,14,30,15,15,101,46,3,5,12,10,5,45,23,5,9,18,5,10,56,23
"130250061",1,1,3,1,5,14,8,0,1,0,0,1,7,4,1,0,3,1,4,7,4
"130250063",2,4,5,1,5,16,7,2,0,3,0,3,7,4,0,4,2,1,2,9,3
"130250064",12,19,38,11,18,117,92,7,8,19,7,9,58,43,5,11,19,4,9,59,49
"130250067",9,2,13,5,15,45,27,3,0,8,3,8,20,9,6,2,5,2,7,25,18
"130250068",1,1,0,0,1,6,6,1,0,0,0,1,3,2,0,1,0,0,0,3,4
"130250069",5,3,5,2,4,34,24,2,2,1,2,1,17,12,3,1,4,0,3,17,12
"130250071",0,4,5,4,6,22,4,0,1,2,1,0,9,2,0,3,3,3,6,13,2
"130250072",4,4,6,6,13,39,10,0,1,3,1,4,18,4,4,3,3,5,9,21,6
"130250078",6,5,11,7,14,71,25,0,2,7,4,6,36,13,6,3,4,3,8,35,12
"130250079",14,10,15,9,21,80,27,6,4,7,5,11,41,11,8,6,8,4,10,39,16
"130250080",0,0,0,0,0,0,0,0,0,0,0,0,0,0,0,0,0,0,0,0,0
"130260001",25,36,80,49,66,377,137,11,20,43,32,30,166,63,14,16,37,17,36,211,74
"1302600010023",25,36,80,49,66,377,137,11,20,43,32,30,166,63,14,16,37,17,36,211,74
"130260003",8,11,29,16,16,73,21,5,5,10,6,9,32,10,3,6,19,10,7,41,11
"130260007",28,30,69,35,60,293,94,13,12,32,17,35,143,33,15,18,37,18,25,150,61
"130260009",6,6,20,15,14,64,9,2,3,15,10,7,31,3,4,3,5,5,7,33,6
"130260010",21,24,47,27,42,194,49,11,11,30,15,27,98,24,10,13,17,12,15,96,25
"130260011",1,1,1,1,0,9,5,1,0,1,0,0,4,4,0,1,0,1,0,5,1
"130260013",110,98,177,129,175,829,248,67,56,84,61,79,398,118,43,42,93,68,96,431,130
"130260014",14,12,11,7,12,51,8,9,6,4,3,4,25,1,5,6,7,4,8,26,7
"130260016",14,11,40,14,26,134,110,8,3,20,9,13,54,54,6,8,20,5,13,80,56
"130260017",10,10,24,14,23,92,24,2,4,9,8,11,47,14,8,6,15,6,12,45,10
"130260018",9,9,22,12,19,73,26,4,4,8,6,6,41,13,5,5,14,6,13,32,13
"130260021",42,52,92,58,77,345,85,20,20,37,30,44,171,42,22,32,55,28,33,174,43
"130260023",102,97,269,145,250,857,220,46,49,133,72,121,422,94,56,48,136,73,129,435,126
"130260024",23,21,52,29,46,222,75,10,13,26,13,20,101,35,13,8,26,16,26,121,40
"130260025",22,37,97,52,72,388,135,8,15,46,26,47,186,60,14,22,51,26,25,202,75
"130260026",11,16,42,27,48,155,55,6,11,20,17,29,79,23,5,5,22,10,19,76,32
"130260027",49,78,148,69,102,393,103,28,38,71,27,60,183,60,21,40,77,42,42,210,43
"130260032",0,0,0,0,0,0,0,0,0,0,0,0,0,0,0,0,0,0,0,0,0
"130260033",10,7,21,18,31,105,26,6,6,10,10,12,54,12,4,1,11,8,19,51,14
"130260036",8,8,13,8,12,49,26,3,4,3,2,5,18,15,5,4,10,6,7,31,11
"130260039",25,44,72,45,61,335,140,18,24,38,25,34,158,70,7,20,34,20,27,177,70
"130260040",14,20,31,18,31,148,67,8,8,18,8,18,69,31,6,12,13,10,13,79,36
"130260041",7,10,39,20,32,89,27,3,4,13,9,15,42,12,4,6,26,11,17,47,15
"130260043",7,7,30,23,28,93,57,2,2,12,8,18,39,31,5,5,18,15,10,54,26
"130260046",4,8,16,7,14,47,24,3,3,9,4,4,22,13,1,5,7,3,10,25,11
"130260049",11,20,38,20,34,125,18,6,11,27,9,20,61,7,5,9,11,11,14,64,11
"130260050",18,14,36,24,23,107,18,9,5,15,15,13,54,8,9,9,21,9,10,53,10
"130260051",0,0,0,0,0,0,0,0,0,0,0,0,0,0,0,0,0,0,0,0,0
"130260052",2,5,11,5,11,40,17,0,0,6,1,6,21,8,2,5,5,4,5,19,9
"130260056",9,6,31,15,8,66,17,2,3,15,8,4,32,6,7,3,16,7,4,34,11
"130260057",0,1,1,3,3,8,4,0,1,1,1,1,3,2,0,0,0,2,2,5,2
"130260060",0,1,6,4,6,18,7,0,0,3,3,2,9,2,0,1,3,1,4,9,5
"130270001",134,155,321,171,257,1544,411,56,81,154,85,119,707,194,78,74,167,86,138,837,217
"1302700010092",39,49,105,55,87,556,176,18,25,49,28,40,259,80,21,24,56,27,47,297,96
"1302700010105",86,96,203,108,146,913,229,35,52,101,54,62,413,112,51,44,102,54,84,500,117
"130270001011A",9,10,13,8,24,75,6,3,4,4,3,17,37,0,6,6,9,5,7,40,4
"130270002",23,29,48,32,43,215,137,10,13,27,19,23,103,67,13,16,21,13,20,112,70
"130270003",68,79,178,115,191,709,321,43,36,100,64,90,323,151,25,43,78,51,101,386,170
"130270005",63,62,145,72,117,531,131,37,32,67,37,61,255,65,26,30,78,35,56,276,66
"130270007",8,4,14,12,10,41,11,5,3,5,4,5,21,6,3,1,9,8,5,20,5
"130270008",2,1,2,2,2,8,8,1,0,1,2,2,4,5,1,1,1,0,0,4,3
"130270009",0,2,3,1,0,8,3,0,2,3,0,0,4,2,0,0,0,1,0,4,1
"130270010",9,6,7,5,7,42,18,4,2,3,3,3,20,12,5,4,4,2,4,22,6
"130270011",11,16,22,13,17,94,26,3,7,10,7,8,43,15,8,9,12,6,9,51,11
"130270012",0,0,0,0,0,0,0,0,0,0,0,0,0,0,0,0,0,0,0,0,0
"130270013",6,4,3,1,5,32,13,3,2,2,0,3,16,6,3,2,1,1,2,16,7
"130270014",6,8,7,7,9,37,13,3,4,6,4,5,16,7,3,4,1,3,4,21,6
"130270015",19,14,28,16,27,116,43,12,5,12,9,14,52,21,7,9,16,7,13,64,22
"130270016",5,3,7,2,2,25,12,2,3,2,1,1,11,6,3,0,5,1,1,14,6
"130270018",4,3,7,7,7,44,18,2,1,3,3,4,22,8,2,2,4,4,3,22,10
"130270020",24,36,90,43,72,328,129,14,22,32,20,35,153,64,10,14,58,23,37,175,65
"130270021",1,2,2,2,2,19,10,1,2,1,0,1,8,6,0,0,1,2,1,11,4
"130270022",7,6,14,7,8,53,23,4,5,7,3,4,27,12,3,1,7,4,4,26,11
"130270023",0,0,0,0,0,0,0,0,0,0,0,0,0,0,0,0,0,0,0,0,0
"130270025",64,49,91,55,86,356,81,28,24,45,22,41,163,46,36,25,46,33,45,193,35
"130270026",14,16,32,8,29,105,19,6,9,11,4,16,55,10,8,7,21,4,13,50,9
"130270027",1,0,0,0,0,5,2,0,0,0,0,0,3,1,1,0,0,0,0,2,1
"130270028",5,17,34,15,20,124,58,3,4,16,6,12,60,27,2,13,18,9,8,64,31
"130270029",11,5,11,4,12,52,18,5,4,7,2,3,26,11,6,1,4,2,9,26,7
"130270030",8,2,14,14,14,59,14,2,1,9,4,8,29,8,6,1,5,10,6,30,6
"130270031",5,10,8,8,12,63,20,2,5,3,4,6,29,9,3,5,5,4,6,34,11
"130270032",13,7,16,18,24,108,35,8,2,4,9,13,55,21,5,5,12,9,11,53,14
"130270033",46,43,128,77,75,358,140,29,22,62,33,35,170,59,17,21,66,44,40,188,81
"130270034",108,133,243,132,208,1003,281,57,67,115,61,93,448,142,51,66,128,71,115,555,139
"1302700340088",108,133,243,132,208,1003,281,57,67,115,61,93,448,142,51,66,128,71,115,555,139
"130270035",15,23,44,18,36,173,55,9,9,20,12,20,82,24,6,14,24,6,16,91,31
"130270036",69,98,200,111,150,724,293,35,58,103,56,70,345,126,34,40,97,55,80,379,167
"130270037",47,60,107,99,118,480,284,23,26,51,52,56,205,125,24,34,56,47,62,275,159
"130270038",15,12,29,14,23,150,56,3,5,14,4,9,78,27,12,7,15,10,14,72,29
"130270039",1,0,3,2,3,7,1,0,0,1,0,1,3,0,1,0,2,2,2,4,1
"130270040",36,35,77,35,58,247,55,19,18,35,20,27,117,30,17,17,42,15,31,130,25
"130270041",77,71,168,77,149,672,218,38,30,80,47,72,315,105,39,41,88,30,77,357,113
"130270043",0,0,0,0,0,0,0,0,0,0,0,0,0,0,0,0,0,0,0,0,0
"130270044",6,9,19,5,9,63,7,4,5,10,2,4,38,3,2,4,9,3,5,25,4
"130270045",1,0,3,1,0,16,6,1,0,2,0,0,10,5,0,0,1,1,0,6,1
"130270047",5,8,15,12,6,60,15,4,6,10,6,4,29,7,1,2,5,6,2,31,8
"130270048",13,4,17,12,9,65,25,5,2,5,5,6,32,13,8,2,12,7,3,33,12
"130270049",2,4,18,9,4,42,8,2,3,12,7,2,22,5,0,1,6,2,2,20,3
"130270050",8,19,27,16,17,123,57,3,10,12,9,9,60,28,5,9,15,7,8,63,29
"130270051",16,17,26,18,30,98,24,5,8,10,7,15,54,10,11,9,16,11,15,44,14
"130270052",4,3,17,7,7,34,5,2,1,10,3,4,17,2,2,2,7,4,3,17,3
"130270053",2,3,3,1,5,25,16,2,3,0,0,4,13,7,0,0,3,1,1,12,9
"130270054",5,4,11,4,5,28,6,2,3,3,2,1,14,2,3,1,8,2,4,14,4
"130270055",0,0,0,0,0,3,6,0,0,0,0,0,3,3,0,0,0,0,0,0,3
"130270058",0,0,1,1,2,6,3,0,0,1,1,1,3,1,0,0,0,0,1,3,2
"130270059",24,23,74,28,60,246,60,15,10,34,13,35,124,25,9,13,40,15,25,122,35
"130270061",0,0,0,0,0,0,0,0,0,0,0,0,0,0,0,0,0,0,0,0,0
"130270062",2,2,2,2,3,6,2,0,2,1,1,0,3,1,2,0,1,1,3,3,1
"130270069",19,21,34,12,25,150,46,9,8,20,8,12,73,25,10,13,14,4,13,77,21
"130270070",0,0,0,0,0,2,4,0,0,0,0,0,1,2,0,0,0,0,0,1,2
"130270072",0,0,0,0,0,0,0,0,0,0,0,0,0,0,0,0,0,0,0,0,0
"130270073",2,2,3,1,2,14,5,2,1,0,0,0,8,2,0,1,3,1,2,6,3
"130270077",16,6,29,17,29,91,25,10,4,17,12,8,48,14,6,2,12,5,21,43,11
"130270079",12,18,45,12,22,118,57,7,6,21,8,13,54,31,5,12,24,4,9,64,26
"130270084",0,1,0,1,1,10,3,0,1,0,1,1,4,2,0,0,0,0,0,6,1
"130270086",1,2,1,0,5,15,9,0,1,0,0,3,9,4,1,1,1,0,2,6,5
"130270087",0,0,0,0,0,0,0,0,0,0,0,0,0,0,0,0,0,0,0,0,0
"130270088",0,0,0,0,0,0,0,0,0,0,0,0,0,0,0,0,0,0,0,0,0
"130270089",1,0,4,1,2,12,6,0,0,2,0,2,5,4,1,0,2,1,0,7,2
"130270090",20,18,39,23,38,181,63,12,10,18,14,19,83,37,8,8,21,9,19,98,26
"130270091",3,4,9,7,8,38,11,1,2,3,5,3,20,6,2,2,6,2,5,18,5
"130270092",0,0,0,0,0,0,0,0,0,0,0,0,0,0,0,0,0,0,0,0,0
"130270093",6,2,9,6,3,19,9,2,2,5,2,1,10,4,4,0,4,4,2,9,5
"130270098",0,0,0,0,0,0,0,0,0,0,0,0,0,0,0,0,0,0,0,0,0
"130270099",1,2,3,2,3,16,4,1,1,0,1,1,7,2,0,1,3,1,2,9,2
"130270100",0,0,0,0,0,0,0,0,0,0,0,0,0,0,0,0,0,0,0,0,0
"130270102",2,4,19,9,14,46,12,1,3,11,4,3,24,6,1,1,8,5,11,22,6
"130270106",0,0,0,0,0,0,0,0,0,0,0,0,0,0,0,0,0,0,0,0,0
"130270109",5,8,9,2,4,27,1,2,6,4,0,3,12,1,3,2,5,2,1,15,0
"130270112",9,7,8,10,25,56,17,4,7,1,3,14,29,6,5,0,7,7,11,27,11
"130270113",3,1,1,2,1,10,10,1,1,0,1,1,2,6,2,0,1,1,0,8,4
"130270114",3,2,9,4,7,11,3,2,1,5,2,2,5,1,1,1,4,2,5,6,2
"130270115",6,3,9,7,9,48,9,2,1,6,6,4,26,4,4,2,3,1,5,22,5
"130270117",0,0,0,0,0,0,0,0,0,0,0,0,0,0,0,0,0,0,0,0,0
"130270118",0,0,0,0,0,0,0,0,0,0,0,0,0,0,0,0,0,0,0,0,0
"130270119",3,2,4,1,3,9,1,2,1,2,1,1,5,1,1,1,2,0,2,4,0
"130270120",0,3,6,2,2,21,4,0,3,2,1,2,11,3,0,0,4,1,0,10,1
"130270121",5,12,14,7,14,69,30,2,7,10,2,8,30,16,3,5,4,5,6,39,14
"130270122",25,20,44,11,39,141,25,12,14,23,8,22,69,12,13,6,21,3,17,72,13
"130270123",7,9,17,5,10,46,11,6,5,8,2,6,23,4,1,4,9,3,4,23,7
"130280001",2119,2352,4776,2284,3664,23973,5141,1070,1219,2403,1151,1845,10872,2419,1049,1133,2373,1133,1819,13101,2722
"1302800010136",54,48,116,45,77,491,94,23,25,61,23,34,230,44,31,23,55,22,43,261,50
"1302800010189",85,103,178,91,166,881,168,41,55,79,47,88,389,80,44,48,99,44,78,492,88
"1302800010193",86,87,193,112,151,1056,270,37,39,93,53,76,489,120,49,48,100,59,75,567,150
"1302800010206",60,71,141,75,100,816,262,25,37,73,37,55,370,128,35,34,68,38,45,446,134
"1302800010210",96,121,281,136,213,1520,333,44,66,140,68,103,680,154,52,55,141,68,110,840,179
"1302800010244",116,123,237,96,169,1213,276,58,61,122,54,91,543,136,58,62,115,42,78,670,140
"1302800010259",81,86,159,81,138,962,263,38,44,78,43,72,430,121,43,42,81,38,66,532,142
"1302800010263",134,138,252,123,174,1406,387,77,57,128,64,77,629,179,57,81,124,59,97,777,208
"1302800010314",178,214,376,186,287,1840,397,93,107,200,94,137,831,188,85,107,176,92,150,1009,209
"1302800010329",118,130,222,108,187,1172,259,59,69,105,58,87,553,114,59,61,117,50,100,619,145
"1302800010437",112,138,288,132,211,1447,270,63,76,157,63,106,660,136,49,62,131,69,105,787,134
"1302800010441",90,75,188,88,140,984,163,37,34,103,52,72,445,76,53,41,85,36,68,539,87
"1302800010475",72,79,172,92,144,845,122,36,43,85,56,64,398,56,36,36,87,36,80,447,66
"130280001048A",90,88,180,92,184,1098,178,47,43,96,43,90,488,86,43,45,84,49,94,610,92
"1302800010494",106,122,236,118,186,1132,192,54,61,119,56,96,484,93,52,61,117,62,90,648,99
"1302800010507",137,136,297,146,226,1504,258,73,74,140,65,120,701,117,64,62,157,81,106,803,141
"1302800010526",82,95,189,80,137,799,172,43,55,82,42,72,373,89,39,40,107,38,65,426,83
"1302800010545",65,83,175,86,139,864,249,31,47,84,45,74,404,124,34,36,91,41,65,460,125
"130280001055A",53,58,157,67,91,646,127,27,33,86,30,48,292,58,26,25,71,37,43,354,69
"1302800010583",82,108,172,99,160,938,216,49,58,82,47,79,421,104,33,50,90,52,81,517,112
"1302800010598",104,120,263,117,171,1113,278,52,60,140,55,86,505,119,52,60,123,62,85,608,159
"130280001062A",4,6,8,9,7,44,0,3,4,4,6,0,21,0,0,0,4,3,5,25,0
"1302800010634",39,48,100,29,63,370,68,17,28,56,16,38,169,32,22,20,44,13,25,201,36
"1302800010649",72,70,188,75,139,807,134,41,41,87,34,75,359,64,31,29,101,41,64,448,70
"1302800010653",0,4,3,0,3,15,3,0,0,0,0,3,4,0,0,0,3,0,0,11,3
"1302800010668",0,0,0,0,0,5,0,0,0,0,0,0,3,0,0,0,0,0,0,0,0
"1302800010672",0,0,4,0,0,8,0,0,0,3,0,0,4,0,0,0,0,0,0,4,0
"130280002",26,27,50,33,41,183,58,15,13,21,19,19,84,31,11,14,29,14,22,99,27
"130280003",0,0,0,0,0,0,0,0,0,0,0,0,0,0,0,0,0,0,0,0,0
"130280006",9,6,20,9,22,52,13,6,5,11,4,13,28,5,3,1,9,5,9,24,8
"130280007",67,52,130,66,77,445,129,36,25,59,40,39,207,68,31,27,71,26,38,238,61
"130280008",42,40,77,46,56,307,65,19,19,38,26,35,150,30,23,21,39,20,21,157,35
"130280009",56,65,119,71,118,426,120,27,33,57,33,55,203,52,29,32,62,38,63,223,68
"130280010",33,25,92,46,63,261,76,22,14,44,20,34,135,38,11,11,48,26,29,126,38
"130280011",15,19,34,22,34,131,28,7,5,12,16,18,67,16,8,14,22,6,16,64,12
"130280012",2,1,4,8,5,18,3,0,1,2,4,4,9,2,2,0,2,4,1,9,1
"130280013",20,30,59,30,31,161,39,7,16,26,18,16,81,20,13,14,33,12,15,80,19
"130280014",20,9,30,31,29,122,107,9,6,15,19,21,52,51,11,3,15,12,8,70,56
"130280015",53,56,148,77,107,382,93,29,37,74,35,50,186,44,24,19,74,42,57,196,49
"130280016",7,12,23,16,26,85,34,3,7,14,10,15,43,19,4,5,9,6,11,42,15
"130280017",21,27,82,30,63,181,82,10,10,38,13,38,87,44,11,17,44,17,25,94,38
"130280018",32,38,77,40,53,240,78,16,19,37,15,21,112,38,16,19,40,25,32,128,40
"130280020",6,5,10,10,8,59,40,3,4,7,8,2,24,21,3,1,3,2,6,35,19
"130280021",68,61,125,66,94,443,162,39,33,59,33,45,213,78,29,28,66,33,49,230,84
"130280022",20,23,46,22,28,145,87,11,13,20,15,14,67,48,9,10,26,7,14,78,39
"130280023",110,134,384,162,295,1525,759,56,64,210,75,166,695,366,54,70,174,87,129,830,393
"1302800230333",33,40,108,37,73,392,198,19,18,53,16,46,163,100,14,22,55,21,27,229,98
"1302800230348",32,42,120,48,94,454,244,16,22,68,24,50,214,113,16,20,52,24,44,240,131
"1302800230352",25,29,63,44,77,347,139,13,14,30,20,47,162,68,12,15,33,24,30,185,71
"1302800230367",18,20,84,31,43,311,165,7,8,51,15,18,148,78,11,12,33,16,25,163,87
"1302800230390",0,0,7,0,6,18,13,0,0,6,0,3,7,7,0,0,0,0,3,11,6
"1302800230687",0,0,0,0,0,0,0,0,0,0,0,0,0,0,0,0,0,0,0,0,0
"130280024",44,52,123,64,75,208,44,18,30,59,28,36,94,22,26,22,64,36,39,114,22
"130280025",43,50,148,83,83,417,153,22,33,75,40,37,194,82,21,17,73,43,46,223,71
"130280026",19,25,48,34,47,292,47,6,12,29,20,21,142,24,13,13,19,14,26,150,23
"130280027",9,14,32,11,19,127,38,1,7,19,6,11,58,20,8,7,13,5,8,69,18
"130280028",38,35,52,37,27,145,47,21,14,26,20,10,62,21,17,21,26,17,17,83,26
"130280030",39,47,93,45,71,272,78,19,30,46,17,37,127,42,20,17,47,28,34,145,36
"130280031",24,31,83,47,65,231,61,16,19,39,25,28,103,31,8,12,44,22,37,128,30
"130280032",19,37,46,31,38,214,56,11,24,23,14,21,97,25,8,13,23,17,17,117,31
"130280033",3,0,6,4,11,63,28,2,0,4,2,7,31,14,1,0,2,2,4,32,14
"130280034",19,21,43,21,32,127,38,10,12,28,11,20,64,20,9,9,15,10,12,63,18
"130280035",25,30,54,47,41,228,102,13,12,30,25,23,124,49,12,18,24,22,18,104,53
"130280036",24,30,66,30,28,193,66,13,14,33,11,14,85,32,11,16,33,19,14,108,34
"130280037",37,35,86,53,59,336,87,21,21,45,31,33,154,45,16,14,41,22,26,182,42
"130280040",14,12,24,22,25,99,19,5,4,15,12,14,49,12,9,8,9,10,11,50,7
"130280041",56,63,169,85,140,717,198,29,28,90,49,72,341,91,27,35,79,36,68,376,107
"130280042",259,226,468,225,390,1917,378,139,126,240,120,221,898,187,120,100,228,105,169,1019,191
"1302800420564",172,124,274,110,216,1057,209,87,65,152,61,122,507,105,85,59,122,49,94,550,104
"1302800420579",82,97,185,113,162,811,164,47,60,86,57,92,371,80,35,37,99,56,70,440,84
"1302800420600",5,5,8,0,9,40,0,5,0,0,0,5,17,0,0,4,6,0,4,23,0
"1302800420615",0,0,0,0,3,11,3,0,0,0,0,0,7,0,0,0,0,0,0,10,0
"130280044",19,23,59,27,41,194,70,10,12,26,15,24,87,30,9,11,33,12,17,107,40
"130280045",32,23,78,28,46,191,79,19,8,38,16,23,85,34,13,15,40,12,23,106,45
"130280046",17,9,27,18,17,92,34,6,4,9,7,10,44,16,11,5,18,11,7,48,18
"130280050",26,19,50,28,29,179,49,9,8,18,15,14,84,22,17,11,32,13,15,95,27
"130280051",37,24,78,38,46,225,63,16,10,42,18,24,95,37,21,14,36,20,22,130,26
"130280052",30,46,91,64,78,312,118,16,34,51,30,41,140,47,14,12,40,34,37,172,71
"130280053",21,23,35,30,24,193,60,9,14,21,16,14,96,30,12,9,14,14,10,97,30
"130280054",43,29,103,63,93,335,131,21,18,55,34,46,164,60,22,11,48,29,47,171,71
"130280055",2,3,12,11,11,82,56,0,1,10,4,5,47,25,2,2,2,7,6,35,31
"130280056",28,27,70,35,56,200,91,17,17,33,21,26,80,50,11,10,37,14,30,120,41
"130280057",122,119,253,115,192,845,222,70,62,128,56,91,362,119,52,57,125,59,101,483,103
"130280058",24,24,60,28,37,115,40,11,17,24,12,19,46,22,13,7,36,16,18,69,18
"130280059",6,6,20,10,21,78,83,2,2,9,4,13,34,43,4,4,11,6,8,44,40
"130280061",34,48,77,48,61,314,75,14,27,36,27,33,146,34,20,21,41,21,28,168,41
"130280062",51,56,168,80,74,433,136,27,25,78,37,38,172,59,24,31,90,43,36,261,77
"130280063",30,37,82,52,60,237,95,17,20,35,28,28,111,45,13,17,47,24,32,126,50
"130280064",51,48,97,49,73,439,164,23,22,47,20,45,203,85,28,26,50,29,28,236,79
"130280065",6,8,31,13,12,58,20,3,2,13,6,5,31,9,3,6,18,7,7,27,11
"130280066",105,66,198,110,176,714,101,56,37,107,58,80,368,50,49,29,91,52,96,346,51
"130280067",26,38,54,35,57,227,82,15,15,32,19,31,106,41,11,23,22,16,26,121,41
"130280069",154,161,339,171,222,978,221,88,82,163,82,124,450,116,66,79,176,89,98,528,105
"130280070",7,9,51,17,21,81,50,3,4,27,9,11,36,29,4,5,24,8,10,45,21
"130280071",51,52,94,46,75,446,103,25,26,51,26,35,222,47,26,26,43,20,40,224,56
"130280072",19,19,48,28,34,191,74,12,5,25,11,15,93,37,7,14,23,17,19,98,37
"130280073",7,9,19,17,29,59,43,5,5,10,7,13,23,24,2,4,9,10,16,36,19
"130280075",9,14,35,19,32,161,82,3,8,17,9,14,74,41,6,6,18,10,18,87,41
"130280076",8,15,40,30,24,133,50,2,13,26,17,17,62,23,6,2,14,13,7,71,27
"130280078",41,41,98,47,57,348,139,23,23,41,16,24,170,73,18,18,57,31,33,178,66
"130280079",14,7,25,25,23,130,43,11,5,16,14,12,62,23,3,2,9,11,11,68,20
"130280080",58,74,152,93,126,523,201,37,38,70,50,62,235,93,21,36,82,43,64,288,108
"130280081",88,89,224,113,140,666,253,41,40,113,61,71,291,127,47,49,111,52,69,375,126
"130280082",2,3,5,7,9,31,25,1,1,2,2,3,19,11,1,2,3,5,6,12,14
"130280083",23,25,56,29,46,203,119,11,8,25,13,20,96,60,12,17,31,16,26,107,59
"130280084",22,30,53,28,28,123,24,12,15,26,15,17,59,16,10,15,27,13,11,64,8
"130280085",45,37,123,55,64,222,70,18,20,69,28,35,101,39,27,17,54,27,29,121,31
"130280086",23,26,63,25,19,148,27,7,9,35,10,8,76,13,16,17,28,15,11,72,14
"130280087",110,145,238,123,172,754,170,37,81,125,63,89,363,80,73,64,113,60,83,391,90
"130280088",148,149,367,160,299,1546,403,76,79,185,77,158,706,189,72,70,182,83,141,840,214
"1302800880456",67,66,144,83,140,728,173,34,33,71,43,71,329,79,33,33,73,40,69,399,94
"1302800880460",79,71,209,74,152,779,225,41,41,109,32,83,363,107,38,30,100,42,69,416,118
"1302800880530",0,12,14,3,7,39,5,0,5,5,0,4,14,3,0,7,9,0,3,27,0
"130280089",5,16,24,6,10,89,31,4,6,15,4,5,42,14,1,10,9,2,5,47,17
"130280090",6,7,25,10,16,66,23,3,4,9,4,10,32,9,3,3,16,6,6,34,14
"130280091",10,4,22,12,11,75,27,2,2,10,6,6,34,13,8,2,12,6,5,41,14
"130280092",13,27,47,28,43,166,34,7,12,21,16,25,80,16,6,15,26,12,18,86,18
"130280093",82,55,144,73,139,575,135,49,35,87,36,79,287,67,33,20,57,37,60,288,68
"130280094",0,0,0,0,0,0,0,0,0,0,0,0,0,0,0,0,0,0,0,0,0
"130280096",25,27,55,35,19,152,25,10,11,31,18,7,69,15,15,16,24,17,12,83,10
"130280098",8,18,56,25,38,125,55,5,10,30,15,14,62,27,3,8,26,10,24,63,28
"130280099",28,37,47,32,40,244,98,12,16,20,14,17,116,51,16,21,27,18,23,128,47
"130280101",6,4,17,8,15,41,14,4,3,8,4,7,24,7,2,1,9,4,8,17,7
"130280102",11,13,18,8,8,69,47,5,7,13,5,3,32,21,6,6,5,3,5,37,26
"130280103",110,112,286,147,165,944,287,64,55,136,73,81,458,150,46,57,150,74,84,486,137
"130280104",40,38,93,40,62,331,76,25,24,46,21,27,154,39,15,14,47,19,35,177,37
"130280106",7,9,12,5,9,42,28,0,6,8,3,4,19,12,7,3,4,2,5,23,16
"130280108",11,16,30,16,23,106,33,6,8,12,13,9,48,17,5,8,18,3,14,58,16
"130280110",18,25,39,36,28,140,95,11,17,21,25,17,68,47,7,8,18,11,11,72,48
"130280111",22,21,60,33,54,238,122,9,8,29,13,28,111,61,13,13,31,20,26,127,61
"130280112",92,96,175,104,168,595,141,53,47,87,52,87,290,64,39,49,88,52,81,305,77
"130280113",4,1,4,1,6,27,14,2,0,2,1,2,14,8,2,1,2,0,4,13,6
"130280114",13,14,33,24,16,76,20,5,4,22,10,7,37,8,8,10,11,14,9,39,12
"130280116",20,14,32,14,17,77,36,9,5,13,7,10,33,18,11,9,19,7,7,44,18
"130280118",16,16,31,17,19,159,39,10,4,14,9,9,86,19,6,12,17,8,10,73,20
"130280119",11,15,27,18,25,102,45,2,11,17,8,10,41,21,9,4,10,10,15,61,24
"130280121",15,12,25,22,18,109,36,10,4,16,11,11,50,17,5,8,9,11,7,59,19
"130280123",21,33,82,51,68,240,116,14,20,50,23,35,110,63,7,13,32,28,33,130,53
"130280125",0,0,0,0,0,13,4,0,0,0,0,0,6,1,0,0,0,0,0,7,3
"130280127",11,4,20,11,14,71,19,4,1,6,7,6,38,6,7,3,14,4,8,33,13
"130280128",13,9,26,11,16,91,21,6,5,11,6,10,47,9,7,4,15,5,6,44,12
"130280129",11,8,23,14,16,61,13,4,6,10,7,11,29,6,7,2,13,7,5,32,7
"130280130",10,5,19,10,14,99,47,8,2,7,3,3,48,20,2,3,12,7,11,51,27
"130280131",21,11,46,22,38,127,24,9,6,26,15,16,58,12,12,5,20,7,22,69,12
"130280132",18,11,30,10,17,87,22,11,4,15,8,10,43,9,7,7,15,2,7,44,13
"130280133",26,19,46,29,35,175,44,14,10,17,16,15,82,20,12,9,29,13,20,93,24
"130280134",32,32,72,42,51,279,72,19,15,37,25,27,133,36,13,17,35,17,24,146,36
"130280135",14,15,45,15,15,108,23,9,9,22,9,9,55,9,5,6,23,6,6,53,14
"130280137",31,42,76,30,49,246,45,18,20,35,19,17,113,21,13,22,41,11,32,133,24
"130280142",7,4,21,8,8,56,21,5,2,10,3,3,25,11,2,2,11,5,5,31,10
"130280143",3,1,8,2,2,14,1,3,0,4,2,2,5,0,0,1,4,0,0,9,1
"130280144",13,3,5,4,8,49,9,6,2,4,2,4,24,4,7,1,1,2,4,25,5
"130280145",25,37,57,28,34,164,29,16,19,31,16,16,83,15,9,18,26,12,18,81,14
"130280146",2,0,1,2,4,11,5,1,0,1,0,1,5,3,1,0,0,2,3,6,2
"130280148",4,7,5,10,19,37,6,2,2,5,6,10,16,3,2,5,0,4,9,21,3
"130280149",15,12,11,11,29,79,14,9,6,5,6,14,43,7,6,6,6,5,15,36,7
"130280150",5,3,4,4,7,31,5,4,1,1,1,4,16,2,1,2,3,3,3,15,3
"130280151",1,2,10,5,1,19,9,0,2,2,1,1,10,5,1,0,8,4,0,9,4
"130280152",18,21,54,23,21,131,35,11,9,25,14,11,52,22,7,12,29,9,10,79,13
"130280153",6,3,14,5,11,40,12,5,2,5,2,5,21,6,1,1,9,3,6,19,6
"130280155",2,3,6,4,10,22,6,0,2,3,3,5,11,3,2,1,3,1,5,11,3
"130280156",4,8,21,11,12,33,12,2,6,11,4,8,15,6,2,2,10,7,4,18,6
"130280157",13,13,24,16,18,56,15,6,6,14,9,6,28,9,7,7,10,7,12,28,6
"130280173",1,4,8,9,9,20,19,1,3,1,2,9,10,9,0,1,7,7,0,10,10
"130280175",10,10,45,25,22,99,15,4,2,28,11,12,48,8,6,8,17,14,10,51,7
"130280176",9,6,20,9,16,38,10,5,2,5,7,9,17,6,4,4,15,2,7,21,4
"130280179",2,1,1,3,2,9,1,1,1,1,2,2,5,0,1,0,0,1,0,4,1
"130280180",16,15,34,21,34,103,50,8,6,15,10,16,45,22,8,9,19,11,18,58,28
"130280182",2,0,12,6,5,38,13,2,0,8,5,3,16,7,0,0,4,1,2,22,6
"130280183",14,10,22,12,20,94,24,9,7,12,6,14,46,11,5,3,10,6,6,48,13
"130280184",13,27,39,12,28,116,29,10,17,20,6,13,60,16,3,10,19,6,15,56,13
"130280185",8,3,6,4,10,33,12,4,0,4,2,5,13,6,4,3,2,2,5,20,6
"130280186",29,34,57,43,46,167,54,13,19,26,24,28,68,26,16,15,31,19,18,99,28
"130280188",10,7,22,3,10,57,6,3,5,7,1,5,24,5,7,2,15,2,5,33,1
"130280189",10,19,36,14,22,138,41,4,11,16,4,7,68,17,6,8,20,10,15,70,24
"130280191",36,32,58,24,48,218,39,25,14,26,12,23,103,20,11,18,32,12,25,115,19
"130280192",27,23,58,31,22,192,43,15,12,29,14,10,88,24,12,11,29,17,12,104,19
"130280193",7,9,23,13,11,62,16,4,4,11,4,5,26,9,3,5,12,9,6,36,7
"130280194",15,13,30,10,16,74,17,7,8,15,5,8,38,7,8,5,15,5,8,36,10
"130280195",0,0,0,0,0,0,0,0,0,0,0,0,0,0,0,0,0,0,0,0,0
"130280196",8,9,9,6,9,42,5,2,6,4,4,7,20,2,6,3,5,2,2,22,3
"130280197",23,33,63,33,61,196,56,10,15,24,19,36,98,23,13,18,39,14,25,98,33
"130280198",0,0,0,0,0,0,0,0,0,0,0,0,0,0,0,0,0,0,0,0,0
"130280199",4,8,12,5,10,50,10,2,4,8,0,4,24,5,2,4,4,5,6,26,5
"130280200",2,3,3,3,8,25,7,0,1,2,2,5,10,4,2,2,1,1,3,15,3
"130280201",12,20,32,18,25,110,16,4,12,17,10,10,54,9,8,8,15,8,15,56,7
"130280202",3,6,10,7,9,45,9,2,2,3,5,3,20,6,1,4,7,2,6,25,3
"130280203",20,16,44,29,37,146,36,9,6,27,13,19,71,17,11,10,17,16,18,75,19
"130280204",4,5,14,5,2,42,35,2,3,5,2,2,18,18,2,2,9,3,0,24,17
"130280205",8,9,23,12,21,84,28,4,7,12,4,11,42,16,4,2,11,8,10,42,12
"130280206",23,31,62,41,52,298,31,9,15,33,20,25,123,14,14,16,29,21,27,175,17
"130280207",5,7,14,5,6,37,5,2,4,6,3,3,18,2,3,3,8,2,3,19,3
"130280208",0,1,2,1,0,8,9,0,0,1,0,0,5,4,0,1,1,1,0,3,5
"130280209",3,6,14,12,9,47,8,1,0,5,7,4,22,2,2,6,9,5,5,25,6
"130280210",38,28,65,39,39,203,38,23,14,36,18,20,103,18,15,14,29,21,19,100,20
"130280211",0,3,10,10,3,13,3,0,1,5,7,3,6,2,0,2,5,3,0,7,1
"130280212",9,15,23,13,16,39,9,5,10,11,7,11,19,5,4,5,12,6,5,20,4
"130280213",4,4,13,4,8,36,4,3,2,6,1,2,20,2,1,2,7,3,6,16,2
"130280215",3,3,8,6,14,29,16,3,1,6,3,6,17,6,0,2,2,3,8,12,10
"130280216",21,27,56,25,42,156,31,12,20,32,12,27,70,17,9,7,24,13,15,86,14
"130280217",0,2,2,1,1,14,12,0,1,1,0,1,7,5,0,1,1,1,0,7,7
"130280218",2,3,7,5,9,23,11,1,1,3,4,7,8,6,1,2,4,1,2,15,5
"130280219",9,4,16,8,15,42,7,6,2,9,2,9,20,3,3,2,7,6,6,22,4
"130280220",7,8,23,9,18,111,15,3,2,16,2,8,48,9,4,6,7,7,10,63,6
"130280221",0,0,1,0,0,4,2,0,0,1,0,0,3,1,0,0,0,0,0,1,1
"130280222",2,6,14,9,7,34,15,0,1,5,4,1,16,8,2,5,9,5,6,18,7
"130280223",3,2,8,2,4,15,7,0,1,3,2,4,6,4,3,1,5,0,0,9,3
"130280224",15,16,41,32,25,104,8,7,7,17,19,12,49,4,8,9,24,13,13,55,4
"130280225",14,12,27,16,12,103,10,8,6,11,11,5,49,5,6,6,16,5,7,54,5
"130280226",92,81,158,94,157,558,108,44,38,81,48,81,281,59,48,43,77,46,76,277,49
"130280228",106,106,228,121,320,1324,210,51,52,119,67,137,575,95,55,54,109,54,183,749,115
"130280229",14,9,16,7,12,65,17,4,5,9,3,6,34,11,10,4,7,4,6,31,6
"130280230",3,2,6,5,8,21,10,1,1,3,3,5,9,5,2,1,3,2,3,12,5
"130280231",3,2,7,4,6,24,9,1,2,5,1,5,10,3,2,0,2,3,1,14,6
"130280232",0,2,8,6,9,29,11,0,2,5,5,2,18,4,0,0,3,1,7,11,7
"130280235",0,0,0,0,0,0,0,0,0,0,0,0,0,0,0,0,0,0,0,0,0
"130280238",20,16,42,19,23,67,17,5,6,21,12,9,30,8,15,10,21,7,14,37,9
"130280239",4,5,8,5,11,30,2,2,3,7,4,5,16,1,2,2,1,1,6,14,1
"130280241",8,4,14,9,16,55,10,4,3,9,7,5,28,5,4,1,5,2,11,27,5
"130280242",0,0,0,0,0,0,0,0,0,0,0,0,0,0,0,0,0,0,0,0,0
"130280243",0,0,2,0,0,4,1,0,0,2,0,0,2,0,0,0,0,0,0,2,1
"130280246",8,5,8,2,1,25,8,4,4,6,1,0,13,1,4,1,2,1,1,12,7
"130280247",12,8,17,1,11,55,12,9,2,11,0,6,27,6,3,6,6,1,5,28,6
"130280249",0,0,0,0,0,0,0,0,0,0,0,0,0,0,0,0,0,0,0,0,0
"130280250",12,15,31,16,14,55,8,5,5,15,5,8,26,5,7,10,16,11,6,29,3
"130280251",11,12,43,11,15,72,11,6,7,16,6,7,34,6,5,5,27,5,8,38,5
"130280252",13,9,19,4,26,79,19,5,5,9,1,15,37,12,8,4,10,3,11,42,7
"130280253",8,20,18,5,9,65,28,3,11,12,1,6,32,13,5,9,6,4,3,33,15
"130280254",2,5,9,5,13,36,12,1,1,7,2,6,17,7,1,4,2,3,7,19,5
"130280255",32,26,55,38,58,216,55,17,14,29,16,33,108,26,15,12,26,22,25,108,29
"130280256",18,17,27,17,29,81,18,7,6,14,7,17,41,13,11,11,13,10,12,40,5
"130280257",6,10,18,6,3,43,10,5,7,4,4,2,23,4,1,3,14,2,1,20,6
"130280258",18,16,36,25,38,133,29,13,10,22,10,22,66,13,5,6,14,15,16,67,16
"130280259",4,4,13,1,3,38,11,2,1,7,0,2,18,6,2,3,6,1,1,20,5
"130280260",4,3,22,11,11,59,16,3,1,13,5,9,28,10,1,2,9,6,2,31,6
"130280262",3,6,8,1,1,17,4,2,4,3,0,0,9,1,1,2,5,1,1,8,3
"130280263",0,0,0,0,0,0,0,0,0,0,0,0,0,0,0,0,0,0,0,0,0
"130280264",1,2,5,1,1,10,1,1,1,2,0,1,5,1,0,1,3,1,0,5,0
"130280266",21,18,26,18,22,119,25,9,9,13,10,11,63,9,12,9,13,8,11,56,16
"130280267",3,9,23,10,6,36,12,1,5,15,2,4,18,6,2,4,8,8,2,18,6
"130280268",15,12,38,18,26,116,15,9,6,15,6,13,60,6,6,6,23,12,13,56,9
"130280269",15,22,50,26,32,155,66,8,15,21,12,20,68,30,7,7,29,14,12,87,36
"130280270",16,17,37,25,32,125,29,6,9,18,14,14,65,15,10,8,19,11,18,60,14
"130280271",4,3,13,9,11,50,11,0,2,8,5,8,24,5,4,1,5,4,3,26,6
"130280272",0,3,1,1,6,20,2,0,1,0,1,3,11,1,0,2,1,0,3,9,1
"130280273",2,2,6,2,0,16,2,0,2,4,0,0,6,2,2,0,2,2,0,10,0
"130280274",1,1,3,1,1,20,1,1,0,2,1,1,10,1,0,1,1,0,0,10,0
"130280275",0,3,4,5,2,11,8,0,2,2,2,2,6,3,0,1,2,3,0,5,5
"130280276",8,4,13,2,6,22,10,3,2,1,1,4,10,5,5,2,12,1,2,12,5
"130290001",396,456,947,446,819,5431,1346,193,240,478,216,390,2522,584,203,216,469,230,429,2909,762
"130290001010A",134,143,267,149,252,1656,362,67,74,136,72,122,775,164,67,69,131,77,130,881,198
"1302900010114",176,233,478,216,384,2458,486,81,124,226,109,179,1111,223,95,109,252,107,205,1347,263
"1302900010256",40,35,87,36,86,647,243,26,23,51,20,40,331,98,14,12,36,16,46,316,145
"1302900010260",46,45,115,45,97,670,255,19,19,65,15,49,305,99,27,26,50,30,48,365,156
"130290002",22,29,47,29,42,277,75,11,15,32,10,22,125,37,11,14,15,19,20,152,38
"130290003",10,12,24,22,26,132,51,6,4,7,14,16,56,24,4,8,17,8,10,76,27
"130290004",85,102,222,111,188,1001,157,41,54,107,51,95,482,71,44,48,115,60,93,519,86
"130290005",22,17,46,26,42,240,51,12,7,22,14,23,110,29,10,10,24,12,19,130,22
"130290006",41,63,96,45,61,482,97,22,28,51,16,27,222,51,19,35,45,29,34,260,46
"130290007",39,46,82,50,64,425,129,19,23,43,32,28,185,60,20,23,39,18,36,240,69
"130290008",0,0,0,0,0,0,0,0,0,0,0,0,0,0,0,0,0,0,0,0,0
"130290009",28,39,66,29,56,301,61,16,10,34,16,32,142,27,12,29,32,13,24,159,34
"130290010",52,61,111,62,85,479,82,29,22,55,30,47,223,37,23,39,56,32,38,256,45
"130290011",41,61,116,50,85,484,169,29,35,67,23,46,220,86,12,26,49,27,39,264,83
"130290012",32,47,83,46,79,456,123,21,27,49,19,46,205,67,11,20,34,27,33,251,56
"130290013",5,12,13,17,29,123,32,3,5,4,10,15,54,17,2,7,9,7,14,69,15
"130290014",26,26,58,22,30,212,69,16,10,37,10,13,95,38,10,16,21,12,17,117,31
"130290015",34,60,98,52,99,589,230,18,33,48,33,42,280,125,16,27,50,19,57,309,105
"130290016",89,136,260,123,170,1153,339,43,59,127,62,87,516,184,46,77,133,61,83,637,155
"130290017",87,140,252,137,194,1157,249,35,68,133,68,100,539,127,52,72,119,69,94,618,122
"130290018",64,63,111,50,77,559,133,32,38,56,27,37,258,61,32,25,55,23,40,301,72
"130290019",31,54,108,47,89,377,102,16,24,52,23,49,170,51,15,30,56,24,40,207,51
"130290020",0,0,0,0,0,0,0,0,0,0,0,0,0,0,0,0,0,0,0,0,0
"130290021",42,49,108,61,84,487,147,18,24,60,34,38,222,79,24,25,48,27,46,265,68
"130290022",100,150,251,140,225,1219,315,48,76,129,62,126,568,150,52,74,122,78,99,651,165
"130290023",23,26,67,19,44,319,89,10,13,31,10,23,146,44,13,13,36,9,21,173,45
"130290024",154,164,360,191,282,1769,623,80,90,159,106,156,799,288,74,74,201,85,126,970,335
"1302900240129",49,59,123,75,118,669,238,21,33,42,39,67,303,111,28,26,81,36,51,366,127
"1302900240167",24,27,54,29,33,279,71,13,17,26,17,19,133,31,11,10,28,12,14,146,40
"1302900240190",18,20,40,22,31,175,52,9,10,23,15,16,86,23,9,10,17,7,15,89,29
"1302900240237",31,35,73,28,53,358,154,17,18,31,16,28,160,70,14,17,42,12,25,198,84
"1302900240241",32,23,70,37,47,288,108,20,12,37,19,26,117,53,12,11,33,18,21,171,55
"130290025",17,28,64,23,56,340,97,15,12,32,9,23,159,48,2,16,32,14,33,181,49
"130290026",28,33,44,29,51,251,71,17,15,21,18,22,120,33,11,18,23,11,29,131,38
"130290027",12,12,24,5,15,124,38,5,3,10,2,6,52,20,7,9,14,3,9,72,18
"130290028",7,4,13,9,22,80,29,4,4,6,3,9,35,16,3,0,7,6,13,45,13
"130290029",146,197,344,167,322,1755,548,76,98,173,88,163,798,294,70,99,171,79,159,957,254
"1302900290148",23,36,41,20,34,234,71,11,19,19,11,15,106,34,12,17,22,9,19,128,37
"1302900290152",20,34,50,24,57,298,107,9,13,21,10,30,134,57,11,21,29,14,27,164,50
"1302900290171",5,9,12,10,19,72,33,0,4,7,3,9,34,18,3,5,5,7,10,38,15
"1302900290218",26,29,66,37,75,394,104,18,17,35,16,39,184,57,8,12,31,21,36,210,47
"1302900290222",41,67,103,44,72,459,162,22,35,55,31,37,206,88,19,32,48,13,35,253,74
"1302900290275",0,0,5,0,0,19,4,0,0,0,0,0,12,0,0,0,3,0,0,11,0
"1302900290294",0,0,0,0,0,0,0,0,0,0,0,0,0,0,0,0,0,0,0,0,0
"1302900290307",21,19,54,18,48,207,56,11,8,26,8,25,91,31,10,11,28,10,23,116,25
"1302900290311",7,3,13,12,14,69,10,3,0,8,7,8,31,6,4,0,5,5,6,38,4
"130290030",31,56,73,41,59,375,109,13,29,41,17,35,175,55,18,27,32,24,24,200,54
"130290031",9,20,29,12,21,167,51,7,12,15,5,14,81,25,2,8,14,7,7,86,26
"130290032",34,34,65,41,48,260,48,19,16,34,24,32,119,22,15,18,31,17,16,141,26
"130290033",11,11,34,8,23,101,28,5,5,18,5,12,46,14,6,6,16,3,11,55,14
"130290034",28,27,57,29,49,300,94,13,20,34,15,27,144,40,15,7,23,14,22,156,54
"130290035",72,108,208,76,121,852,201,34,46,107,45,61,382,103,38,62,101,31,60,470,98
"130290036",12,15,36,19,27,146,28,10,11,14,10,15,74,12,2,4,22,9,12,72,16
"130290037",49,65,153,82,101,574,72,26,38,72,45,58,267,36,23,27,81,37,43,307,36
"130290038",0,0,0,0,2,4,6,0,0,0,0,2,3,3,0,0,0,0,0,1,3
"130290039",0,0,0,0,0,0,0,0,0,0,0,0,0,0,0,0,0,0,0,0,0
"130290042",0,4,4,3,5,21,8,0,2,1,2,3,12,5,0,2,3,1,2,9,3
"130290043",16,10,24,12,22,123,39,8,3,14,6,12,56,20,8,7,10,6,10,67,19
"130290044",1,1,4,2,3,18,3,1,1,2,1,2,10,2,0,0,2,1,1,8,1
"130290046",8,16,22,14,26,119,33,2,7,13,6,14,52,19,6,9,9,8,12,67,14
"130290047",7,7,25,7,10,75,23,2,4,14,4,5,35,11,5,3,11,3,5,40,12
"130290048",4,3,7,4,4,49,11,2,2,2,1,2,24,6,2,1,5,3,2,25,5
"130290049",8,6,12,6,18,69,19,5,3,7,5,10,35,11,3,3,5,1,8,34,8
"130290051",2,0,1,1,2,13,8,1,0,1,1,2,8,3,1,0,0,0,0,5,5
"130290053",0,0,0,0,0,0,0,0,0,0,0,0,0,0,0,0,0,0,0,0,0
"130290055",1,3,1,1,4,22,9,0,1,1,0,3,11,2,1,2,0,1,1,11,7
"130290060",2,1,8,5,7,35,12,0,1,3,0,3,18,7,2,0,5,5,4,17,5
"130290062",0,0,0,0,0,0,0,0,0,0,0,0,0,0,0,0,0,0,0,0,0
"130290065",0,0,0,0,0,0,0,0,0,0,0,0,0,0,0,0,0,0,0,0,0
"130290066",0,0,0,0,0,0,0,0,0,0,0,0,0,0,0,0,0,0,0,0,0
"130290067",0,0,1,1,0,3,6,0,0,1,1,0,2,3,0,0,0,0,0,1,3
"130290070",0,0,0,0,0,0,0,0,0,0,0,0,0,0,0,0,0,0,0,0,0
"130290072",0,0,0,0,0,0,0,0,0,0,0,0,0,0,0,0,0,0,0,0,0
"130290073",5,4,6,2,5,37,12,4,1,3,0,3,17,6,1,3,3,2,2,20,6
"130290079",0,0,0,0,0,0,0,0,0,0,0,0,0,0,0,0,0,0,0,0,0
"130290080",0,0,0,0,0,0,0,0,0,0,0,0,0,0,0,0,0,0,0,0,0
"130290082",31,25,58,26,39,270,74,17,13,30,13,25,127,36,14,12,28,13,14,143,38
"130290083",0,0,0,0,0,0,0,0,0,0,0,0,0,0,0,0,0,0,0,0,0
"130290084",13,25,28,9,28,181,57,5,13,10,5,15,76,24,8,12,18,4,13,105,33
"130290088",0,0,0,0,0,0,0,0,0,0,0,0,0,0,0,0,0,0,0,0,0
"130290089",0,0,5,2,6,21,9,0,0,2,2,3,10,6,0,0,3,0,3,11,3
"130290090",20,13,35,19,33,192,32,10,8,27,11,19,91,16,10,5,8,8,14,101,16
"130290093",5,3,26,3,10,57,20,2,0,15,1,3,27,9,3,3,11,2,7,30,11
"130290096",4,6,19,9,29,102,29,1,1,9,4,14,48,16,3,5,10,5,15,54,13
"130290102",0,0,0,0,0,0,0,0,0,0,0,0,0,0,0,0,0,0,0,0,0
"130290103",3,0,6,2,2,16,8,3,0,4,2,1,7,7,0,0,2,0,1,9,1
"130290105",0,0,0,0,0,0,0,0,0,0,0,0,0,0,0,0,0,0,0,0,0
"130290108",0,0,0,0,0,0,0,0,0,0,0,0,0,0,0,0,0,0,0,0,0
"130290109",0,0,0,0,0,0,0,0,0,0,0,0,0,0,0,0,0,0,0,0,0
"130290110",1,3,2,0,1,13,5,0,2,2,0,0,5,2,1,1,0,0,1,8,3
"130290113",1,1,5,1,3,37,23,0,1,0,0,0,15,15,1,0,5,1,3,22,8
"130290116",0,0,6,0,1,19,7,0,0,1,0,1,11,3,0,0,5,0,0,8,4
"130290117",7,14,8,6,8,56,12,3,4,4,5,5,26,5,4,10,4,1,3,30,7
"130290119",0,0,0,0,0,0,0,0,0,0,0,0,0,0,0,0,0,0,0,0,0
"130290120",3,3,10,3,5,35,14,1,3,4,2,1,11,8,2,0,6,1,4,24,6
"130290122",0,0,0,0,0,0,0,0,0,0,0,0,0,0,0,0,0,0,0,0,0
"130290123",0,2,3,0,1,11,6,0,2,2,0,0,6,2,0,0,1,0,1,5,4
"130290125",1,2,2,0,2,6,1,1,1,1,0,1,3,1,0,1,1,0,1,3,0
"130290126",0,0,0,0,0,0,0,0,0,0,0,0,0,0,0,0,0,0,0,0,0
"130290127",1,3,8,1,1,15,4,0,1,4,0,1,7,2,1,2,4,1,0,8,2
"130290129",0,0,0,0,0,0,0,0,0,0,0,0,0,0,0,0,0,0,0,0,0
"130290130",0,0,0,0,0,0,0,0,0,0,0,0,0,0,0,0,0,0,0,0,0
"130300001",1629,1797,3886,1988,3004,20564,4732,793,926,1948,1007,1553,9256,2028,836,871,1938,981,1451,11308,2704
"1303000010083",89,105,239,128,191,1215,280,52,56,123,66,111,554,116,37,49,116,62,80,661,164
"1303000010115",43,52,75,43,59,478,107,22,21,32,27,26,222,51,21,31,43,16,33,256,56
"1303000010134",78,81,183,86,143,961,233,34,49,92,43,74,423,99,44,32,91,43,69,538,134
"1303000010172",36,47,83,40,75,469,89,18,24,47,19,40,227,41,18,23,36,21,35,242,48
"1303000010187",78,64,151,61,102,696,128,36,31,71,35,52,315,54,42,33,80,26,50,381,74
"1303000010204",58,71,135,71,120,981,302,25,31,66,37,66,511,119,33,40,69,34,54,470,183
"1303000010219",101,118,217,117,159,1363,287,55,70,92,62,82,596,132,46,48,125,55,77,767,155
"1303000010223",149,138,340,170,256,1827,571,67,59,162,86,138,807,227,82,79,178,84,118,1020,344
"1303000010238",110,120,327,165,219,1591,398,62,50,162,82,122,713,172,48,70,165,83,97,878,226
"1303000010242",156,174,328,198,277,1964,424,80,86,189,88,139,887,186,76,88,139,110,138,1077,238
"1303000010280",32,34,56,35,48,306,67,10,22,28,14,23,141,29,22,12,28,21,25,165,38
"1303000010295",27,27,41,20,40,219,44,9,16,17,10,15,87,20,18,11,24,10,25,132,24
"1303000010327",155,191,410,223,355,2095,432,80,102,217,113,181,936,194,75,89,193,110,174,1159,238
"1303000010331",82,86,205,113,156,908,153,46,35,98,59,82,402,65,36,51,107,54,74,506,88
"1303000010346",103,130,249,106,180,1228,291,46,70,121,50,86,536,121,57,60,128,56,94,692,170
"1303000010350",78,99,221,96,141,1140,209,42,64,106,49,64,506,85,36,35,115,47,77,634,124
"1303000010365",42,39,106,47,85,618,179,16,20,59,24,50,269,78,26,19,47,23,35,349,101
"130300001037A",66,69,165,96,132,860,236,34,43,81,50,65,381,100,32,26,84,46,67,479,136
"1303000010384",65,71,177,84,111,737,120,25,36,84,46,60,322,61,40,35,93,38,51,415,59
"1303000010399",81,81,178,89,155,908,182,34,41,101,47,77,421,78,47,40,77,42,78,487,104
"130300002",37,43,78,34,52,363,160,16,19,31,11,25,156,76,21,24,47,23,27,207,84
"130300003",40,36,103,53,84,412,82,22,19,57,28,34,183,37,18,17,46,25,50,229,45
"130300004",52,38,104,56,90,455,100,31,18,54,35,50,227,48,21,20,50,21,40,228,52
"130300005",17,14,40,19,25,127,47,6,6,18,10,11,47,20,11,8,22,9,14,80,27
"130300006",11,14,39,12,21,130,39,3,7,20,8,9,62,20,8,7,19,4,12,68,19
"130300007",2,4,3,0,2,16,2,1,3,1,0,2,9,1,1,1,2,0,0,7,1
"130300008",27,28,66,39,66,330,31,15,14,30,19,36,168,14,12,14,36,20,30,162,17
"130300009",35,41,85,50,85,525,124,17,20,44,24,49,253,55,18,21,41,26,36,272,69
"130300010",11,8,18,6,10,61,19,7,4,8,5,6,31,10,4,4,10,1,4,30,9
"130300011",27,31,87,33,34,220,42,11,12,40,15,20,87,20,16,19,47,18,14,133,22
"130300012",22,34,67,42,40,212,55,12,18,35,19,24,89,27,10,16,32,23,16,123,28
"130300013",6,6,10,7,8,71,33,3,3,3,4,2,37,17,3,3,7,3,6,34,16
"130300014",29,35,85,34,44,261,53,14,16,41,21,28,119,21,15,19,44,13,16,142,32
"130300015",28,39,61,37,49,343,82,10,22,36,11,20,165,36,18,17,25,26,29,178,46
"130300016",114,99,298,139,217,1251,203,55,57,161,57,119,565,87,59,42,137,82,98,686,116
"130300017",20,41,78,34,49,310,76,7,19,37,20,19,143,38,13,22,41,14,30,167,38
"130300018",40,39,92,35,51,383,102,11,18,46,13,21,179,40,29,21,46,22,30,204,62
"130300019",31,38,90,45,58,404,76,17,23,38,23,31,191,34,14,15,52,22,27,213,42
"130300021",12,16,26,19,17,145,37,6,8,14,11,12,70,16,6,8,12,8,5,75,21
"130300022",7,8,14,5,11,67,23,3,5,5,1,7,30,11,4,3,9,4,4,37,12
"130300023",60,62,97,52,63,484,75,32,29,57,20,39,216,35,28,33,40,32,24,268,40
"130300024",12,17,21,11,17,89,17,8,8,11,5,9,48,9,4,9,10,6,8,41,8
"130300025",22,25,46,28,42,217,37,12,12,23,12,20,93,18,10,13,23,16,22,124,19
"130300026",43,54,123,70,110,598,102,21,30,59,35,58,274,46,22,24,64,35,52,324,56
"130300027",14,33,90,42,46,238,47,6,18,50,19,28,109,26,8,15,40,23,18,129,21
"130300028",111,106,279,115,187,1256,260,73,53,134,58,88,614,122,38,53,145,57,99,642,138
"130300029",70,77,128,67,96,548,96,36,42,50,24,61,249,46,34,35,78,43,35,299,50
"130300031",34,28,62,33,40,287,80,19,15,31,16,21,124,37,15,13,31,17,19,163,43
"130300032",75,112,223,112,162,922,157,31,54,110,49,78,420,71,44,58,113,63,84,502,86
"130300033",14,19,38,22,24,215,53,7,7,23,6,8,101,32,7,12,15,16,16,114,21
"130300034",46,49,99,79,110,636,211,20,25,44,45,55,295,93,26,24,55,34,55,341,118
"130300035",198,218,443,262,327,1945,349,102,115,215,126,162,901,149,96,103,228,136,165,1044,200
"1303000350435",57,56,109,61,107,523,123,33,33,55,29,51,252,50,24,23,54,32,56,271,73
"130300035044A",53,65,140,90,98,570,109,30,39,68,44,46,250,49,23,26,72,46,52,320,60
"1303000350454",84,86,175,105,118,794,117,38,40,84,51,62,372,50,46,46,91,54,56,422,67
"1303000350469",4,11,19,6,4,58,0,0,3,8,0,3,27,0,3,8,11,4,0,32,0
"130300036",11,7,21,14,12,102,56,4,2,10,8,7,43,24,7,5,11,6,5,59,32
"130300038",93,94,168,87,122,849,147,41,48,85,41,57,410,74,52,46,83,46,65,439,73
"130300039",19,28,62,22,51,259,69,10,14,32,11,26,111,34,9,14,30,11,25,148,35
"130300041",33,32,87,37,84,418,107,15,14,42,14,40,188,42,18,18,45,23,44,230,65
"130300042",26,22,73,37,48,313,63,10,14,31,22,25,133,30,16,8,42,15,23,180,33
"130300043",44,45,84,43,60,444,125,20,19,48,27,37,211,57,24,26,36,16,23,233,68
"130300046",40,35,80,53,66,368,78,21,16,40,25,36,167,30,19,19,40,28,30,201,48
"130300047",82,81,178,74,164,918,142,41,38,91,39,85,425,67,41,43,87,35,79,493,75
"130300048",154,170,389,194,294,1855,326,71,79,200,93,138,832,148,83,91,189,101,156,1023,178
"1303000480401",48,60,138,60,102,641,91,24,28,62,25,50,280,39,24,32,76,35,52,361,52
"1303000480416",52,59,119,75,106,620,97,25,24,65,38,43,281,39,27,35,54,37,63,339,58
"1303000480420",54,51,132,59,86,594,138,22,27,73,30,45,271,70,32,24,59,29,41,323,68
"130300049",8,8,16,12,13,84,12,4,3,8,5,7,38,5,4,5,8,7,6,46,7
"130300050",37,35,84,45,65,413,130,20,14,43,24,31,199,60,17,21,41,21,34,214,70
"130300051",11,14,26,13,17,95,30,8,10,15,7,7,43,15,3,4,11,6,10,52,15
"130300052",7,7,12,3,5,29,3,3,4,3,2,1,13,2,4,3,9,1,4,16,1
"130300053",55,56,97,40,76,445,120,32,28,43,23,37,209,55,23,28,54,17,39,236,65
"130300055",41,31,78,40,62,348,60,18,11,38,26,34,168,29,23,20,40,14,28,180,31
"130300056",10,5,17,9,25,79,18,5,3,10,5,10,36,10,5,2,7,4,15,43,8
"130300057",15,10,15,3,7,73,10,7,8,4,3,4,39,7,8,2,11,0,3,34,3
"130300058",1,6,10,7,8,50,15,0,3,5,3,5,25,6,1,3,5,4,3,25,9
"130300059",4,2,1,0,0,15,5,2,1,0,0,0,8,3,2,1,1,0,0,7,2
"130300061",15,20,40,23,22,146,35,9,11,17,10,12,71,11,6,9,23,13,10,75,24
"130300062",36,31,68,33,43,268,67,17,12,33,17,18,125,31,19,19,35,16,25,143,36
"130300063",20,25,43,20,36,184,40,10,10,23,8,21,87,16,10,15,20,12,15,97,24
"130300064",9,3,22,8,8,60,10,5,1,8,3,3,30,5,4,2,14,5,5,30,5
"130300065",2,0,7,4,11,38,18,0,0,4,4,6,15,8,2,0,3,0,5,23,10
"130300066",69,93,163,93,133,764,148,36,45,79,42,66,343,75,33,48,84,51,67,421,73
"130300067",93,100,180,104,134,799,121,50,50,83,54,66,365,54,43,50,97,50,68,434,67
"130300069",32,32,60,26,42,270,47,18,17,20,10,19,122,24,14,15,40,16,23,148,23
"130300075",39,37,66,35,54,336,45,22,17,33,19,28,151,19,17,20,33,16,26,185,26
"130300096",35,40,67,32,44,319,43,18,15,29,20,23,147,17,17,25,38,12,21,172,26
"130300097",66,68,150,64,96,652,120,30,34,79,35,49,294,49,36,34,71,29,47,358,71
"130300099",48,39,91,53,85,445,89,23,17,42,27,39,210,44,25,22,49,26,46,235,45
"130300100",19,31,47,27,41,197,43,13,17,22,10,24,83,19,6,14,25,17,17,114,24
"130300101",25,31,66,35,38,295,77,12,19,37,19,16,136,30,13,12,29,16,22,159,47
"130300102",23,20,51,26,34,207,39,10,7,28,17,16,100,19,13,13,23,9,18,107,20
"130300103",84,88,176,61,138,748,132,37,44,88,27,71,343,68,47,44,88,34,67,405,64
"130300104",36,19,49,35,40,186,43,16,9,17,17,15,84,18,20,10,32,18,25,102,25
"130300105",10,7,23,11,14,80,22,7,1,8,4,6,34,8,3,6,15,7,8,46,14
"130300107",7,3,13,2,4,40,15,3,1,9,0,2,22,8,4,2,4,2,2,18,7
"130300108",15,13,27,9,22,107,17,6,4,13,3,10,43,13,9,9,14,6,12,64,4
"130300109",1,2,2,2,0,9,7,0,2,0,1,0,5,4,1,0,2,1,0,4,3
"130300110",9,10,18,13,26,109,22,5,5,8,7,10,55,11,4,5,10,6,16,54,11
"130300111",2,0,2,4,1,14,6,1,0,1,1,1,6,2,1,0,1,3,0,8,4
"130300112",6,9,28,14,16,101,17,2,5,17,10,4,48,7,4,4,11,4,12,53,10
"130300113",30,23,55,35,34,235,30,11,11,28,15,20,90,15,19,12,27,20,14,145,15
"130300114",4,2,13,5,8,45,5,0,1,10,5,5,18,0,4,1,3,0,3,27,5
"130300115",0,0,0,0,0,0,0,0,0,0,0,0,0,0,0,0,0,0,0,0,0
"130300116",2,5,17,10,25,50,11,1,5,11,8,12,26,5,1,0,6,2,13,24,6
"130300117",15,10,22,10,10,67,15,9,4,10,4,3,30,8,6,6,12,6,7,37,7
"130300118",13,11,39,21,21,137,31,8,4,24,14,11,67,15,5,7,15,7,10,70,16
"130300119",14,17,24,14,25,154,33,4,11,14,9,12,68,18,10,6,10,5,13,86,15
"130300120",5,3,10,6,9,52,10,3,1,4,3,7,28,2,2,2,6,3,2,24,8
"130300121",25,21,48,28,48,255,57,10,14,24,16,24,121,25,15,7,24,12,24,134,32
"130300122",11,24,39,10,27,193,49,6,10,15,5,12,98,20,5,14,24,5,15,95,29
"130300123",12,15,32,10,34,141,25,7,7,17,7,18,68,7,5,8,15,3,16,73,18
"130300124",4,3,9,2,7,38,11,3,2,4,0,6,23,6,1,1,5,2,1,15,5
"130300125",48,36,72,40,54,333,30,27,17,34,22,31,149,11,21,19,38,18,23,184,19
"130300126",2,1,9,3,3,20,4,1,0,5,0,2,10,2,1,1,4,3,1,10,2
"130300127",3,2,4,5,3,30,6,1,2,1,2,1,14,4,2,0,3,3,2,16,2
"130300129",8,6,21,7,7,75,14,5,4,11,3,4,34,8,3,2,10,4,3,41,6
"130300130",1,1,0,1,1,7,3,1,0,0,1,0,3,1,0,1,0,0,1,4,2
"130300131",3,2,8,6,5,38,8,2,2,3,1,2,20,3,1,0,5,5,3,18,5
"130300132",22,18,43,19,31,191,42,16,13,28,11,12,100,21,6,5,15,8,19,91,21
"130300133",6,7,13,6,11,60,17,2,2,8,3,3,26,10,4,5,5,3,8,34,7
"130300134",71,66,137,56,94,644,101,34,36,63,29,47,290,53,37,30,74,27,47,354,48
"130300135",26,28,68,24,45,300,44,16,11,40,9,24,134,23,10,17,28,15,21,166,21
"130300136",11,9,17,11,13,92,14,4,4,8,5,3,43,7,7,5,9,6,10,49,7
"130300137",2,3,9,10,14,77,12,2,2,6,3,9,37,6,0,1,3,7,5,40,6
"130300138",2,1,1,0,2,6,1,0,0,1,0,1,3,0,2,1,0,0,1,3,1
"130300139",12,10,9,5,14,59,10,4,4,6,1,9,24,6,8,6,3,4,5,35,4
"130300140",1,1,2,0,1,14,3,0,1,0,0,1,8,1,1,0,2,0,0,6,2
"130300141",1,3,3,0,0,15,6,0,2,3,0,0,7,4,1,1,0,0,0,8,2
"130300142",24,22,68,39,54,287,64,11,8,29,23,31,126,25,13,14,39,16,23,161,39
"130300143",5,14,21,12,18,101,15,2,9,12,5,9,48,6,3,5,9,7,9,53,9
"130300144",37,33,57,37,57,257,37,18,21,25,20,25,125,20,19,12,32,17,32,132,17
"130300145",16,8,32,13,14,91,11,5,5,19,5,9,43,7,11,3,13,8,5,48,4
"130300146",12,12,26,5,19,117,20,6,6,14,0,10,53,10,6,6,12,5,9,64,10
"130300147",3,9,2,3,5,31,5,1,7,2,1,2,14,3,2,2,0,2,3,17,2
"130300148",8,5,10,6,13,46,6,3,4,6,1,8,24,2,5,1,4,5,5,22,4
"130300149",8,8,13,6,11,57,16,3,3,1,3,7,28,6,5,5,12,3,4,29,10
"130300150",13,17,20,11,18,95,23,8,12,11,8,5,40,9,5,5,9,3,13,55,14
"130300151",0,0,0,0,0,0,0,0,0,0,0,0,0,0,0,0,0,0,0,0,0
"130300152",20,16,36,18,24,169,37,11,8,24,11,8,71,20,9,8,12,7,16,98,17
"130300153",13,16,32,18,31,141,23,8,5,7,9,17,63,12,5,11,25,9,14,78,11
"130300154",13,15,30,19,40,199,28,6,6,10,12,20,85,13,7,9,20,7,20,114,15
"130300155",0,0,0,0,0,0,0,0,0,0,0,0,0,0,0,0,0,0,0,0,0
"130300156",0,0,0,0,0,0,0,0,0,0,0,0,0,0,0,0,0,0,0,0,0
"130310001",190,238,502,232,346,2468,606,84,117,247,120,167,1136,285,106,121,255,112,179,1332,321
"1303100010076",104,111,247,102,163,1135,256,43,48,121,58,75,491,115,61,63,126,44,88,644,141
"1303100010080",53,86,160,92,109,943,274,25,46,79,41,49,464,132,28,40,81,51,60,479,142
"1303100010095",0,0,7,0,4,22,0,0,0,6,0,4,11,0,0,0,0,0,0,11,0
"1303100010108",0,0,3,0,3,26,10,0,0,0,0,0,17,5,0,0,0,0,0,12,5
"1303100010112",7,11,29,10,18,106,24,4,4,13,5,8,47,10,3,7,16,5,10,59,14
"1303100010127",13,17,36,20,32,150,22,4,11,18,13,20,72,14,9,6,18,7,12,78,8
"1303100010131",12,10,20,6,17,87,19,7,6,8,0,9,36,9,5,4,12,5,8,51,10
"130310003",3,3,12,10,4,48,21,1,2,4,3,1,17,10,2,1,8,7,3,31,11
"130310005",2,2,11,6,6,25,10,1,1,7,3,5,12,4,1,1,4,3,1,13,6
"130310007",6,4,16,8,25,95,38,2,2,6,3,13,44,20,4,2,10,5,12,51,18
"130310008",0,0,0,0,0,2,4,0,0,0,0,0,2,3,0,0,0,0,0,0,1
"130310009",14,26,51,20,40,250,108,7,10,24,11,21,99,56,7,16,27,9,19,151,52
"130310010",20,18,54,42,51,301,141,7,7,24,20,24,144,67,13,11,30,22,27,157,74
"130310011",16,11,59,33,30,201,128,8,7,37,16,15,87,68,8,4,22,17,15,114,60
"130310013",2,0,2,6,8,21,15,0,0,0,0,2,12,9,2,0,2,6,6,9,6
"130310014",3,10,18,15,17,93,38,2,4,10,9,12,47,18,1,6,8,6,5,46,20
"130310015",8,10,12,10,13,93,43,5,3,6,5,7,47,25,3,7,6,5,6,46,18
"130310016",9,3,16,13,9,135,69,6,2,7,8,6,65,33,3,1,9,5,3,70,36
"130310017",2,1,4,0,2,18,15,0,1,2,0,1,8,10,2,0,2,0,1,10,5
"130310018",0,0,0,0,0,0,0,0,0,0,0,0,0,0,0,0,0,0,0,0,0
"130310019",6,8,15,8,11,49,13,5,6,8,3,6,20,5,1,2,7,5,5,29,8
"130310020",5,9,14,10,10,70,19,1,5,9,8,4,30,9,4,4,5,2,6,40,10
"130310021",7,7,10,4,11,55,16,3,5,8,1,4,28,9,4,2,2,3,7,27,7
"130310022",9,4,20,9,10,71,33,7,1,7,6,6,30,16,2,3,13,3,4,41,17
"130310023",25,20,59,32,51,286,128,13,7,29,17,26,138,66,12,13,30,15,25,148,62
"130310024",2,1,7,6,9,42,28,0,1,3,2,4,22,15,2,0,4,4,5,20,13
"130310027",27,24,69,31,42,315,133,22,11,33,13,16,148,59,5,13,36,18,26,167,74
"130310028",26,22,64,31,40,262,84,15,10,32,20,22,122,44,11,12,32,11,18,140,40
"130310029",20,24,57,27,39,219,76,9,15,27,12,13,102,34,11,9,30,15,26,117,42
"130310030",0,1,1,1,0,9,15,0,0,1,1,0,4,7,0,1,0,0,0,5,8
"130310031",1,3,9,0,5,27,5,0,2,5,0,3,14,2,1,1,4,0,2,13,3
"130310033",31,30,62,31,48,314,148,14,14,32,12,24,140,55,17,16,30,19,24,174,93
"130310034",13,19,23,16,13,130,34,9,11,9,5,4,53,20,4,8,14,11,9,77,14
"130310035",5,1,7,8,5,33,5,2,0,4,3,2,17,3,3,1,3,5,3,16,2
"130310037",1,1,5,4,7,12,11,1,1,1,4,2,5,6,0,0,4,0,5,7,5
"130310038",1,3,6,2,3,15,4,0,2,3,1,3,8,2,1,1,3,1,0,7,2
"130310041",0,0,0,0,0,0,0,0,0,0,0,0,0,0,0,0,0,0,0,0,0
"130310042",0,0,0,0,0,0,0,0,0,0,0,0,0,0,0,0,0,0,0,0,0
"130310043",4,4,5,1,7,19,3,3,2,2,0,3,9,1,1,2,3,1,4,10,2
"130310044",4,4,2,4,0,38,19,3,3,2,0,0,17,10,1,1,0,4,0,21,9
"130310045",12,13,31,10,16,84,36,7,8,15,6,9,45,19,5,5,16,4,7,39,17
"130310046",1,6,6,1,2,17,15,1,5,2,1,1,8,9,0,1,4,0,1,9,6
"130310048",8,13,32,14,25,152,58,3,8,15,7,14,67,33,5,5,17,7,11,85,25
"130310051",0,0,0,0,0,0,0,0,0,0,0,0,0,0,0,0,0,0,0,0,0
"130310052",0,0,0,0,0,0,0,0,0,0,0,0,0,0,0,0,0,0,0,0,0
"130310053",0,0,0,0,4,6,4,0,0,0,0,3,3,1,0,0,0,0,1,3,3
"130310054",11,11,21,8,15,101,29,8,6,11,3,9,45,12,3,5,10,5,6,56,17
"130310059",0,0,0,0,0,0,0,0,0,0,0,0,0,0,0,0,0,0,0,0,0
"130310062",0,0,0,0,0,0,0,0,0,0,0,0,0,0,0,0,0,0,0,0,0
"130310063",2,1,3,0,0,15,4,2,0,1,0,0,8,2,0,1,2,0,0,7,2
"130310065",6,8,13,2,6,44,6,5,6,7,1,4,22,3,1,2,6,1,2,22,3
"130310066",0,0,0,0,2,4,2,0,0,0,0,1,2,1,0,0,0,0,1,2,1
"130320001",242,338,677,372,539,2816,930,108,148,327,179,284,1265,474,134,190,350,193,255,1551,456
"130320001004A",56,85,164,88,149,696,224,23,38,85,42,73,306,117,33,47,79,46,76,390,107
"1303200010054",71,87,183,103,152,826,274,33,37,84,46,83,370,134,38,50,99,57,69,456,140
"1303200010069",47,63,107,65,93,544,191,25,27,47,29,52,247,101,22,36,60,36,41,297,90
"1303200010073",67,103,221,116,145,746,240,27,46,110,62,76,341,121,40,57,111,54,69,405,119
"1303200010088",0,0,0,0,0,0,0,0,0,0,0,0,0,0,0,0,0,0,0,0,0
"130320002",12,21,41,14,15,121,45,5,6,19,7,6,57,20,7,15,22,7,9,64,25
"130320003",24,24,68,44,55,300,129,11,13,29,23,33,140,63,13,11,39,21,22,160,66
"130320004",17,19,39,16,34,174,50,2,6,26,10,17,88,30,15,13,13,6,17,86,20
"130320005",25,29,64,24,39,212,82,19,14,34,14,16,96,44,6,15,30,10,23,116,38
"130320006",8,3,11,6,15,76,44,2,1,5,5,8,36,20,6,2,6,1,7,40,24
"130320008",17,14,25,13,16,108,61,9,6,14,8,4,40,33,8,8,11,5,12,68,28
"130320009",9,14,28,18,16,103,49,4,9,13,10,8,46,25,5,5,15,8,8,57,24
"130320010",2,3,4,3,5,17,7,2,2,3,2,1,8,4,0,1,1,1,4,9,3
"130320013",7,7,24,12,15,115,57,3,4,9,9,8,54,26,4,3,15,3,7,61,31
"130320014",4,5,8,4,10,71,15,1,4,3,2,4,35,7,3,1,5,2,6,36,8
"130320016",9,15,35,17,21,70,25,3,6,16,10,11,30,15,6,9,19,7,10,40,10
"130320020",4,7,20,11,19,76,27,2,2,15,3,7,35,14,2,5,5,8,12,41,13
"130320021",11,6,18,9,5,50,18,2,5,7,5,4,24,9,9,1,11,4,1,26,9
"130320023",2,11,8,5,7,43,20,2,5,3,3,4,16,11,0,6,5,2,3,27,9
"130320024",4,6,10,6,11,45,22,3,4,3,3,6,23,12,1,2,7,3,5,22,10
"130320025",12,9,16,8,15,55,11,3,4,8,3,10,28,8,9,5,8,5,5,27,3
"130320026",15,10,25,12,14,95,30,5,3,9,7,9,42,17,10,7,16,5,5,53,13
"130320028",8,15,26,16,20,83,16,5,7,8,9,7,38,11,3,8,18,7,13,45,5
"130320029",9,11,29,21,26,87,39,3,4,14,13,14,39,24,6,7,15,8,12,48,15
"130320033",0,0,0,0,0,0,0,0,0,0,0,0,0,0,0,0,0,0,0,0,0
"130320037",4,4,11,7,10,30,11,2,2,5,3,3,12,7,2,2,6,4,7,18,4
"130320039",1,0,4,2,2,7,1,1,0,0,1,1,3,0,0,0,4,1,1,4,1
"130320040",0,1,3,4,4,18,7,0,1,3,2,2,9,4,0,0,0,2,2,9,3
"130330001",19,18,45,28,53,307,146,10,7,18,11,27,143,70,9,11,27,17,26,164,76
"1303300010032",11,8,21,16,27,167,69,6,3,8,8,18,74,36,5,5,13,8,9,93,33
"1303300010047",7,7,20,10,23,121,69,4,0,10,3,7,59,28,3,5,10,7,16,62,41
"1303300010051",0,3,4,0,3,19,8,0,0,0,0,0,12,6,0,0,4,0,0,12,0
"130330002",23,40,92,58,71,459,223,11,23,51,30,37,210,106,12,17,41,28,34,249,117
"130330003",14,28,52,32,28,182,98,8,12,18,18,12,84,50,6,16,34,14,16,98,48
"130330004",30,56,106,56,87,414,115,13,26,62,22,47,183,52,17,30,44,34,40,231,63
"130330007",0,0,0,0,0,0,0,0,0,0,0,0,0,0,0,0,0,0,0,0,0
"130330011",0,0,0,0,0,0,0,0,0,0,0,0,0,0,0,0,0,0,0,0,0
"130330016",0,0,0,0,0,0,0,0,0,0,0,0,0,0,0,0,0,0,0,0,0
"130340001",25,20,56,33,49,281,126,10,11,23,19,26,116,59,15,9,33,14,23,165,67
"1303400010044",25,20,56,33,49,281,126,10,11,23,19,26,116,59,15,9,33,14,23,165,67
"130340002",14,20,36,15,25,151,101,8,9,25,7,14,67,49,6,11,11,8,11,84,52
"130340003",0,0,0,0,0,0,0,0,0,0,0,0,0,0,0,0,0,0,0,0,0
"130340005",0,0,0,0,0,0,0,0,0,0,0,0,0,0,0,0,0,0,0,0,0
"130340006",20,21,40,25,32,133,47,10,14,21,10,17,63,27,10,7,19,15,15,70,20
"130340007",0,0,3,0,3,7,12,0,0,2,0,1,4,4,0,0,1,0,2,3,8
"130340008",6,6,17,5,13,55,19,6,1,6,1,11,26,12,0,5,11,4,2,29,7
"130340009",6,8,13,9,17,70,29,1,5,4,5,6,34,17,5,3,9,4,11,36,12
"130340012",10,9,11,7,9,48,10,5,6,2,5,4,24,6,5,3,9,2,5,24,4
"130340013",22,26,54,24,37,251,87,14,17,22,14,19,117,44,8,9,32,10,18,134,43
"130340014",35,36,69,45,58,271,127,18,22,35,24,33,126,76,17,14,34,21,25,145,51
"130340015",28,37,64,27,41,244,75,14,15,27,12,23,126,41,14,22,37,15,18,118,34
"130340016",12,5,31,12,35,103,63,4,2,12,7,19,45,29,8,3,19,5,16,58,34
"130340017",3,6,14,6,11,50,5,2,2,1,2,6,24,3,1,4,13,4,5,26,2
"130340018",4,5,20,15,12,80,71,1,2,11,8,8,37,35,3,3,9,7,4,43,36
"130340019",6,8,29,10,8,101,70,3,5,13,5,8,46,33,3,3,16,5,0,55,37
"130340020",60,91,137,82,110,608,199,31,46,73,35,58,268,89,29,45,64,47,52,340,110
"130340021",6,3,12,6,4,46,43,2,1,7,3,3,18,20,4,2,5,3,1,28,23
"130340022",1,0,1,1,0,5,3,1,0,1,1,0,3,1,0,0,0,0,0,2,2
"130340023",1,1,5,2,5,10,10,1,0,3,0,2,5,6,0,1,2,2,3,5,4
"130340024",1,1,3,1,2,14,6,0,0,1,0,1,8,2,1,1,2,1,1,6,4
"130340025",0,3,1,3,4,20,11,0,2,0,1,1,8,6,0,1,1,2,3,12,5
"130340026",2,8,9,5,18,54,29,0,1,4,2,10,26,13,2,7,5,3,8,28,16
"130340027",22,21,29,25,29,111,23,10,14,15,9,14,51,14,12,7,14,16,15,60,9
"130340029",1,1,3,1,4,22,6,1,1,3,0,1,10,3,0,0,0,1,3,12,3
"130340030",1,2,5,2,6,22,14,0,1,4,0,0,12,5,1,1,1,2,6,10,9
"130340031",18,21,40,21,30,159,70,9,8,23,7,11,75,38,9,13,17,14,19,84,32
"130340032",62,58,115,55,73,344,93,27,33,49,29,34,174,52,35,25,66,26,39,170,41
"130340033",12,15,25,18,31,101,34,4,10,8,9,21,50,17,8,5,17,9,10,51,17
"130340034",48,57,98,51,73,389,119,27,26,54,21,44,182,60,21,31,44,30,29,207,59
"130340035",3,4,8,3,10,36,12,2,2,6,2,6,19,6,1,2,2,1,4,17,6
"130340036",1,2,0,0,0,6,5,1,0,0,0,0,3,3,0,2,0,0,0,3,2
"130340037",0,0,0,0,0,0,0,0,0,0,0,0,0,0,0,0,0,0,0,0,0
"130340039",0,0,0,0,0,0,0,0,0,0,0,0,0,0,0,0,0,0,0,0,0
"130340040",0,0,0,0,0,0,0,0,0,0,0,0,0,0,0,0,0,0,0,0,0
"130340041",0,0,0,0,0,0,0,0,0,0,0,0,0,0,0,0,0,0,0,0,0
"130340042",0,0,0,0,0,0,0,0,0,0,0,0,0,0,0,0,0,0,0,0,0
"130340044",0,0,0,0,0,0,0,0,0,0,0,0,0,0,0,0,0,0,0,0,0
"130340045",0,0,0,0,0,0,0,0,0,0,0,0,0,0,0,0,0,0,0,0,0
"130340051",0,0,0,0,0,0,0,0,0,0,0,0,0,0,0,0,0,0,0,0,0
"130340052",0,0,0,0,0,0,0,0,0,0,0,0,0,0,0,0,0,0,0,0,0
"130340053",3,3,4,3,2,21,6,1,2,2,1,0,6,3,2,1,2,2,2,15,3
"130340055",0,0,0,0,0,0,0,0,0,0,0,0,0,0,0,0,0,0,0,0,0
"130340059",0,0,0,0,0,0,0,0,0,0,0,0,0,0,0,0,0,0,0,0,0
"130340065",60,64,151,51,87,424,78,33,29,73,26,39,197,35,27,35,78,25,48,227,43
"130340066",0,0,0,0,0,0,0,0,0,0,0,0,0,0,0,0,0,0,0,0,0
"130340067",1,1,4,1,1,11,0,0,1,1,0,0,5,0,1,0,3,1,1,6,0
"130350001",121,117,276,137,227,1139,231,57,63,117,75,112,545,95,64,54,159,62,115,594,136
"1303500010037",121,112,271,135,220,1109,231,57,60,116,75,107,531,95,64,52,155,60,113,578,136
"1303500010056",0,5,5,0,7,30,0,0,3,0,0,5,14,0,0,0,4,0,0,18,0
"130350002",49,29,79,45,67,316,61,24,13,34,17,27,155,31,25,16,45,28,40,161,30
"130350003",3,3,6,2,2,23,13,1,1,3,0,0,11,6,2,2,3,2,2,12,7
"130350005",14,19,25,16,20,126,34,8,11,12,10,10,63,15,6,8,13,6,10,63,19
"130350006",20,18,27,14,26,130,26,12,7,12,8,13,61,14,8,11,15,6,13,69,12
"130350007",27,22,50,21,30,196,61,16,6,25,8,16,92,33,11,16,25,13,14,104,28
"130350008",0,0,2,0,0,6,3,0,0,1,0,0,3,1,0,0,1,0,0,3,2
"130350009",37,27,70,54,61,367,107,13,13,38,30,34,165,47,24,14,32,24,27,202,60
"130350011",13,17,45,20,34,149,24,7,7,22,5,11,71,11,6,10,23,15,23,78,13
"130350012",6,9,16,11,12,75,11,4,2,7,7,4,35,4,2,7,9,4,8,40,7
"130350013",28,36,54,24,44,205,49,13,23,28,13,17,91,26,15,13,26,11,27,114,23
"130350014",55,64,142,70,97,515,98,24,30,65,32,41,219,47,31,34,77,38,56,296,51
"130350015",8,8,15,12,9,78,11,4,4,8,4,4,36,5,4,4,7,8,5,42,6
"130350017",68,74,133,88,130,792,191,36,35,68,37,67,352,84,32,39,65,51,63,440,107
"130350018",0,0,0,0,0,0,0,0,0,0,0,0,0,0,0,0,0,0,0,0,0
"130350019",9,4,12,6,9,54,8,6,2,9,4,6,26,3,3,2,3,2,3,28,5
"130350020",1,0,4,3,1,11,1,0,0,2,3,1,5,0,1,0,2,0,0,6,1
"130350021",23,25,70,27,47,220,58,17,16,34,12,29,96,26,6,9,36,15,18,124,32
"130350022",12,7,22,12,27,145,38,2,4,12,2,9,68,19,10,3,10,10,18,77,19
"130350023",9,8,16,11,9,82,15,4,4,9,6,3,41,5,5,4,7,5,6,41,10
"130350024",26,28,89,41,63,263,46,11,14,45,20,36,123,19,15,14,44,21,27,140,27
"130350025",1,3,5,2,2,27,4,1,2,5,1,1,14,2,0,1,0,1,1,13,2
"130350026",23,23,87,39,52,260,65,10,12,39,21,27,117,33,13,11,48,18,25,143,32
"130350027",25,31,54,34,51,227,46,10,18,21,19,26,102,21,15,13,33,15,25,125,25
"130350028",6,12,23,13,11,83,11,3,7,14,2,7,40,5,3,5,9,11,4,43,6
"130350029",1,1,5,0,5,32,5,0,1,1,0,4,20,3,1,0,4,0,1,12,2
"130350030",1,0,3,0,0,10,4,0,0,2,0,0,5,1,1,0,1,0,0,5,3
"130350031",15,17,36,20,35,153,41,10,11,25,8,16,61,18,5,6,11,12,19,92,23
"130350032",3,3,5,13,3,39,15,2,1,4,3,2,21,8,1,2,1,10,1,18,7
"130350033",3,3,11,3,5,37,5,3,3,4,2,2,16,3,0,0,7,1,3,21,2
"130350034",11,13,20,6,17,61,10,8,8,7,4,9,27,3,3,5,13,2,8,34,7
"130350035",2,3,11,4,9,36,5,2,0,3,0,7,19,2,0,3,8,4,2,17,3
"130350036",8,4,8,2,6,55,3,2,2,5,2,2,25,1,6,2,3,0,4,30,2
"130350037",6,5,10,2,2,38,5,3,1,7,2,1,16,1,3,4,3,0,1,22,4
"130350038",0,1,6,2,5,19,4,0,1,5,2,2,8,2,0,0,1,0,3,11,2
"130350039",7,10,16,4,7,55,16,3,4,7,3,6,27,6,4,6,9,1,1,28,10
"130350040",31,26,67,43,42,224,64,18,15,38,27,22,105,32,13,11,29,16,20,119,32
"130350041",16,20,29,12,22,150,34,8,11,15,7,9,68,15,8,9,14,5,13,82,19
"130350042",7,14,22,8,14,71,8,3,5,10,4,7,36,4,4,9,12,4,7,35,4
"130350043",1,2,6,3,6,33,8,1,1,1,2,4,15,5,0,1,5,1,2,18,3
"130350044",4,6,23,7,17,50,14,1,3,15,5,9,27,3,3,3,8,2,8,23,11
"130360001",59,78,135,91,164,975,286,32,44,68,44,87,454,146,27,34,67,47,77,521,140
"1303600010053",21,27,63,30,71,377,104,12,17,35,12,35,175,53,9,10,28,18,36,202,51
"1303600010068",38,51,72,61,93,598,182,20,27,33,32,52,279,93,18,24,39,29,41,319,89
"130360002",3,4,11,9,7,52,29,1,2,9,4,2,22,16,2,2,2,5,5,30,13
"130360003",7,9,12,6,12,87,22,3,5,6,3,7,41,14,4,4,6,3,5,46,8
"130360004",4,4,9,7,7,65,36,2,2,2,5,4,33,15,2,2,7,2,3,32,21
"130360005",16,24,60,29,54,310,124,9,14,36,14,31,147,54,7,10,24,15,23,163,70
"130360006",55,61,150,84,121,736,269,30,33,79,44,56,362,122,25,28,71,40,65,374,147
"130360007",1,5,6,3,4,29,12,1,3,3,2,2,13,5,0,2,3,1,2,16,7
"130360008",6,9,25,8,10,114,42,3,4,10,3,3,57,21,3,5,15,5,7,57,21
"130360009",4,11,11,9,9,56,20,1,5,6,5,4,29,12,3,6,5,4,5,27,8
"130360010",3,5,5,4,7,32,18,3,2,3,3,4,13,9,0,3,2,1,3,19,9
"130360011",13,16,32,28,45,202,64,7,10,18,13,25,90,28,6,6,14,15,20,112,36
"130360012",2,0,1,0,1,10,3,1,0,1,0,1,4,2,1,0,0,0,0,6,1
"130360013",0,2,10,12,3,42,14,0,1,7,8,2,19,6,0,1,3,4,1,23,8
"130360014",1,4,6,2,2,23,9,1,1,2,0,1,10,5,0,3,4,2,1,13,4
"130360015",32,43,94,36,82,426,125,19,18,44,19,37,190,61,13,25,50,17,45,236,64
"130360016",2,9,14,12,11,62,25,1,3,5,5,5,28,13,1,6,9,7,6,34,12
"130360017",0,2,1,0,0,11,8,0,1,0,0,0,5,4,0,1,1,0,0,6,4
"130360018",18,19,52,29,50,341,168,13,11,25,12,30,160,83,5,8,27,17,20,181,85
"130360019",17,13,46,22,30,183,44,10,7,23,11,17,86,26,7,6,23,11,13,97,18
"130360020",14,14,32,17,32,146,60,7,11,13,9,14,70,22,7,3,19,8,18,76,38
"130360021",0,0,0,0,0,3,3,0,0,0,0,0,1,1,0,0,0,0,0,2,2
"130360022",0,0,2,1,0,9,2,0,0,0,0,0,4,1,0,0,2,1,0,5,1
"130360023",1,4,14,6,14,45,18,0,3,8,3,8,22,9,1,1,6,3,6,23,9
"130360024",0,0,0,0,2,3,3,0,0,0,0,2,2,1,0,0,0,0,0,1,2
"130360025",5,5,14,6,7,55,10,2,3,7,3,4,20,4,3,2,7,3,3,35,6
"130360026",0,0,0,0,0,0,0,0,0,0,0,0,0,0,0,0,0,0,0,0,0
"130360027",6,4,12,4,12,68,18,3,2,6,2,5,39,9,3,2,6,2,7,29,9
"130360028",7,7,20,10,27,96,28,2,2,7,7,14,50,12,5,5,13,3,13,46,16
"130360029",1,2,4,3,0,16,14,1,0,4,2,0,10,6,0,2,0,1,0,6,8
"130360030",0,4,7,3,6,21,9,0,4,5,2,5,10,4,0,0,2,1,1,11,5
"130360031",0,0,0,0,0,0,0,0,0,0,0,0,0,0,0,0,0,0,0,0,0
"130360032",4,5,11,8,16,84,29,3,4,5,3,11,34,15,1,1,6,5,5,50,14
"130360034",3,1,14,4,7,39,12,2,1,5,3,4,17,7,1,0,9,1,3,22,5
"130360035",0,1,1,0,0,8,1,0,0,0,0,0,5,0,0,1,1,0,0,3,1
"130360037",18,20,40,26,38,191,54,6,10,23,14,24,84,22,12,10,17,12,14,107,32
"130360038",0,0,0,0,0,6,5,0,0,0,0,0,3,3,0,0,0,0,0,3,2
"130360040",5,1,5,1,7,34,5,4,1,3,0,3,16,3,1,0,2,1,4,18,2
"130360041",0,0,0,0,0,0,0,0,0,0,0,0,0,0,0,0,0,0,0,0,0
"130360042",1,0,0,1,2,20,8,1,0,0,1,1,7,3,0,0,0,0,1,13,5
"130360043",0,0,3,1,2,7,12,0,0,1,0,2,3,4,0,0,2,1,0,4,8
"130360044",0,1,1,0,0,6,7,0,1,1,0,0,4,4,0,0,0,0,0,2,3
"130360045",2,3,7,4,3,22,6,2,1,2,2,0,12,2,0,2,5,2,3,10,4
"130360046",3,2,4,2,4,24,6,2,1,0,1,1,11,4,1,1,4,1,3,13,2
"130360047",0,0,0,0,0,0,0,0,0,0,0,0,0,0,0,0,0,0,0,0,0
"130360048",9,8,16,9,10,75,17,2,4,7,3,4,32,7,7,4,9,6,6,43,10
"130360049",3,3,5,2,6,39,6,3,2,2,2,1,21,3,0,1,3,0,5,18,3
"130360050",1,3,9,4,4,27,18,0,2,3,3,1,13,9,1,1,6,1,3,14,9
"130360051",0,0,2,2,1,9,3,0,0,1,0,0,4,1,0,0,1,2,1,5,2
"130370001",133,163,286,177,242,1787,486,73,88,144,81,106,842,217,60,75,142,96,136,945,269
"1303700010154",59,65,139,77,114,831,211,31,36,76,39,45,397,93,28,29,63,38,69,434,118
"1303700010169",0,0,0,0,0,11,0,0,0,0,0,0,6,0,0,0,0,0,0,5,0
"1303700010188",54,71,98,65,81,605,155,31,38,42,23,39,279,68,23,33,56,42,42,326,87
"1303700010192",19,26,47,33,47,341,119,11,13,25,17,22,161,55,8,13,22,16,25,180,64
"130370002",31,28,56,39,49,292,81,15,18,27,19,31,138,37,16,10,29,20,18,154,44
"130370003",7,9,35,20,34,179,75,3,5,21,9,15,91,32,4,4,14,11,19,88,43
"130370004",7,16,18,12,16,108,33,5,11,7,3,9,52,12,2,5,11,9,7,56,21
"130370005",11,17,32,13,21,134,65,8,8,18,4,9,61,36,3,9,14,9,12,73,29
"130370006",13,25,30,20,30,247,72,5,16,20,7,15,120,36,8,9,10,13,15,127,36
"130370007",3,5,18,5,18,57,21,0,3,7,3,8,23,8,3,2,11,2,10,34,13
"130370008",5,3,7,8,8,58,18,3,2,0,3,5,27,6,2,1,7,5,3,31,12
"130370009",2,4,4,4,6,53,14,1,1,0,3,5,25,8,1,3,4,1,1,28,6
"130370010",14,24,57,22,34,233,58,9,12,23,10,13,108,29,5,12,34,12,21,125,29
"130370011",1,1,3,5,7,37,4,1,0,1,2,3,17,4,0,1,2,3,4,20,0
"130370012",11,4,16,10,20,94,39,3,1,9,6,9,44,16,8,3,7,4,11,50,23
"130370013",11,15,25,9,11,140,33,6,7,8,5,4,65,17,5,8,17,4,7,75,16
"130370014",12,16,26,13,17,109,30,6,9,10,7,5,46,16,6,7,16,6,12,63,14
"130370015",52,51,149,80,93,537,110,22,22,67,44,45,260,50,30,29,82,36,48,277,60
"130370017",9,9,24,10,15,122,55,5,5,12,7,5,64,27,4,4,12,3,10,58,28
"130370018",4,7,4,4,6,50,18,1,3,3,3,2,27,7,3,4,1,1,4,23,11
"130370019",15,16,29,18,27,149,62,7,10,17,7,13,76,30,8,6,12,11,14,73,32
"130370020",6,12,23,14,10,113,61,2,5,16,7,4,58,31,4,7,7,7,6,55,30
"130370021",3,6,18,9,9,51,20,1,3,10,7,2,23,10,2,3,8,2,7,28,10
"130370022",0,1,2,1,6,18,12,0,1,2,1,2,10,6,0,0,0,0,4,8,6
"130370023",9,2,11,4,8,80,20,3,2,6,2,5,34,7,6,0,5,2,3,46,13
"130370024",9,10,33,24,26,175,81,5,6,12,14,11,78,36,4,4,21,10,15,97,45
"130370026",6,2,11,5,3,35,37,1,2,8,1,1,17,18,5,0,3,4,2,18,19
"130370027",1,1,3,1,4,23,21,0,0,2,1,1,15,8,1,1,1,0,3,8,13
"130370028",1,1,1,0,0,8,10,0,1,1,0,0,5,7,1,0,0,0,0,3,3
"130370029",10,8,17,14,26,112,37,8,6,11,5,15,56,21,2,2,6,9,11,56,16
"130370030",15,20,44,33,36,140,37,9,12,25,16,23,76,18,6,8,19,17,13,64,19
"130370031",21,21,50,32,44,274,112,12,12,21,18,25,132,49,9,9,29,14,19,142,63
"130370032",15,15,27,17,23,174,67,9,6,14,8,11,81,33,6,9,13,9,12,93,34
"130370033",9,15,28,12,26,135,23,6,8,16,7,8,62,11,3,7,12,5,18,73,12
"130370035",5,6,14,8,15,84,32,1,1,8,3,9,39,15,4,5,6,5,6,45,17
"130370037",0,3,13,11,7,66,24,0,2,7,8,5,31,10,0,1,6,3,2,35,14
"130370038",34,43,102,60,76,473,183,18,20,46,24,41,213,83,16,23,56,36,35,260,100
"130370039",13,18,35,20,30,152,43,6,12,17,10,14,70,19,7,6,18,10,16,82,24
"130370040",0,1,4,2,0,21,15,0,0,2,2,0,9,6,0,1,2,0,0,12,9
"130370041",2,0,1,2,2,22,26,0,0,0,2,1,10,13,2,0,1,0,1,12,13
"130370042",3,0,4,1,4,22,6,2,0,2,1,1,12,2,1,0,2,0,3,10,4
"130370043",10,7,13,8,16,113,30,3,2,8,4,7,56,15,7,5,5,4,9,57,15
"130370044",11,17,52,21,44,217,98,8,11,30,13,22,100,45,3,6,22,8,22,117,53
"130370045",6,4,10,5,9,57,43,2,2,6,5,3,26,17,4,2,4,0,6,31,26
"130370046",7,9,12,7,23,97,25,2,4,6,3,14,46,12,5,5,6,4,9,51,13
"130370047",21,15,45,13,28,215,97,10,8,21,4,16,90,45,11,7,24,9,12,125,52
"130370049",16,8,16,8,15,76,23,9,6,8,3,4,38,11,7,2,8,5,11,38,12
"130370050",14,13,37,9,36,189,62,10,10,16,6,22,92,28,4,3,21,3,14,97,34
"130370051",9,11,18,9,9,77,27,5,6,13,6,8,35,14,4,5,5,3,1,42,13
"130370052",9,5,21,8,4,46,13,7,2,12,4,1,24,6,2,3,9,4,3,22,7
"130370053",30,31,76,37,65,343,81,12,21,44,18,32,166,32,18,10,32,19,33,177,49
"130370054",16,20,61,36,43,281,124,6,8,35,19,22,130,56,10,12,26,17,21,151,68
"130370055",3,3,8,2,7,37,14,2,1,5,2,2,19,9,1,2,3,0,5,18,5
"130370056",0,0,1,0,0,6,8,0,0,1,0,0,1,5,0,0,0,0,0,5,3
"130370057",13,10,27,14,24,126,31,7,4,11,9,13,55,11,6,6,16,5,11,71,20
"130370058",4,2,7,1,7,29,23,2,2,6,1,3,13,12,2,0,1,0,4,16,11
"130370059",9,10,40,11,18,205,111,4,7,17,6,12,90,49,5,3,23,5,6,115,62
"130370060",4,4,10,4,8,38,20,3,2,4,3,4,21,9,1,2,6,1,4,17,11
"130370061",4,12,19,10,15,82,32,2,6,11,3,8,42,12,2,6,8,7,7,40,20
"130370062",18,18,56,21,27,188,31,9,10,29,12,10,93,19,9,8,27,9,17,95,12
"130370064",2,2,3,2,7,21,6,2,0,1,1,5,10,0,0,2,2,1,2,11,6
"130370065",1,2,6,0,3,18,3,0,0,3,0,3,9,1,1,2,3,0,0,9,2
"130370066",9,15,16,14,23,141,43,4,10,9,8,7,68,17,5,5,7,6,16,73,26
"130370067",2,7,9,0,3,30,8,0,4,5,0,3,10,5,2,3,4,0,0,20,3
"130370068",0,3,1,0,0,5,2,0,2,1,0,0,2,2,0,1,0,0,0,3,0
"130370069",5,5,10,10,8,60,34,4,2,3,8,7,29,13,1,3,7,2,1,31,21
"130370070",2,1,3,0,0,11,3,2,1,1,0,0,6,1,0,0,2,0,0,5,2
"130370071",3,2,5,1,7,51,19,0,1,2,1,4,17,9,3,1,3,0,3,34,10
"130370072",4,5,12,9,7,59,7,2,4,4,6,6,28,2,2,1,8,3,1,31,5
"130370073",4,4,2,2,3,29,5,2,1,1,2,2,16,2,2,3,1,0,1,13,3
"130370074",7,12,19,5,8,49,14,3,6,9,2,5,22,7,4,6,10,3,3,27,7
"130370075",23,32,62,21,42,269,76,11,14,28,11,25,121,27,12,18,34,10,17,148,49
"130370076",0,0,0,0,0,0,0,0,0,0,0,0,0,0,0,0,0,0,0,0,0
"130370077",10,12,19,5,13,68,21,6,6,6,3,5,32,8,4,6,13,2,8,36,13
"130370083",1,1,5,1,5,24,7,1,0,5,0,2,10,4,0,1,0,1,3,14,3
"130370087",3,3,5,1,5,29,5,1,1,3,1,1,17,3,2,2,2,0,4,12,2
"130370088",0,0,0,0,0,0,0,0,0,0,0,0,0,0,0,0,0,0,0,0,0
"130370089",1,1,6,6,6,22,13,0,1,3,4,3,11,7,1,0,3,2,3,11,6
"130370090",0,0,0,0,0,0,0,0,0,0,0,0,0,0,0,0,0,0,0,0,0
"130370093",13,13,37,14,23,181,80,8,8,14,10,12,82,38,5,5,23,4,11,99,42
"130370094",1,2,1,0,0,7,5,0,1,0,0,0,3,1,1,1,1,0,0,4,4
"130370095",5,5,14,10,8,50,8,2,5,7,4,5,23,1,3,0,7,6,3,27,7
"130370096",2,2,11,3,1,21,10,1,2,6,1,0,5,6,1,0,5,2,1,16,4
"130370097",0,0,1,1,1,4,8,0,0,1,1,0,2,3,0,0,0,0,1,2,5
"130370098",0,0,0,1,2,8,3,0,0,0,1,2,5,1,0,0,0,0,0,3,2
"130370100",3,2,6,3,3,29,11,1,2,2,1,1,14,7,2,0,4,2,2,15,4
"130370101",1,3,6,7,3,29,4,1,3,4,2,0,14,1,0,0,2,5,3,15,3
"130370102",0,3,8,6,7,36,15,0,1,5,3,4,16,9,0,2,3,3,3,20,6
"130370103",3,4,13,3,12,62,16,1,1,6,0,6,30,7,2,3,7,3,6,32,9
"130370104",1,3,6,7,4,23,7,0,0,3,5,4,10,4,1,3,3,2,0,13,3
"130370107",6,6,11,9,11,58,19,4,3,6,3,6,29,8,2,3,5,6,5,29,11
"130370108",1,1,0,7,5,25,3,0,1,0,7,3,13,1,1,0,0,0,2,12,2
"130370110",0,0,0,0,0,0,0,0,0,0,0,0,0,0,0,0,0,0,0,0,0
"130370113",0,0,0,0,0,0,0,0,0,0,0,0,0,0,0,0,0,0,0,0,0
"130370114",0,0,0,0,0,0,0,0,0,0,0,0,0,0,0,0,0,0,0,0,0
"130370117",3,3,6,3,0,21,6,1,1,4,1,0,11,3,2,2,2,2,0,10,3
"130370118",1,1,2,1,0,15,11,0,0,1,0,0,8,4,1,1,1,1,0,7,7
"130370119",1,1,3,0,0,4,1,1,1,3,0,0,3,0,0,0,0,0,0,1,1
"130370121",1,5,6,3,9,32,10,1,3,5,3,4,13,3,0,2,1,0,5,19,7
"130370122",1,0,1,1,0,13,5,0,0,1,0,0,8,3,1,0,0,1,0,5,2
"130370124",1,0,1,1,0,7,1,1,0,0,0,0,4,1,0,0,1,1,0,3,0
"130370125",0,0,0,0,0,0,0,0,0,0,0,0,0,0,0,0,0,0,0,0,0
"130370126",0,0,0,0,0,0,0,0,0,0,0,0,0,0,0,0,0,0,0,0,0
"130370128",0,1,2,0,0,6,1,0,1,1,0,0,3,1,0,0,1,0,0,3,0
"130370129",5,5,6,8,11,44,23,2,2,3,7,6,19,10,3,3,3,1,5,25,13
"130370130",0,0,1,0,2,5,2,0,0,1,0,1,1,1,0,0,0,0,1,4,1
"130370131",1,0,0,0,1,10,3,1,0,0,0,0,6,1,0,0,0,0,1,4,2
"130370136",2,1,1,0,0,18,4,1,1,0,0,0,9,2,1,0,1,0,0,9,2
"130370139",0,0,0,0,0,0,0,0,0,0,0,0,0,0,0,0,0,0,0,0,0
"130370140",1,1,4,2,0,7,5,0,0,1,2,0,3,2,1,1,3,0,0,4,3
"130370141",0,3,2,1,3,6,4,0,0,2,0,2,3,2,0,3,0,1,1,3,2
"130370143",5,1,3,1,3,15,9,1,1,1,0,0,10,4,4,0,2,1,3,5,5
"130370144",0,0,1,1,2,8,1,0,0,1,1,1,4,1,0,0,0,0,1,4,0
"130380001",13,22,44,27,57,263,107,5,9,23,16,31,121,57,8,13,21,11,26,142,50
"1303800010039",12,20,40,23,55,238,95,5,7,22,15,31,110,50,7,13,18,8,24,128,45
"1303800010043",0,0,0,0,0,19,5,0,0,0,0,0,7,4,0,0,0,0,0,13,0
"1303800010058",0,0,0,0,0,8,7,0,0,0,0,0,4,3,0,0,0,0,0,4,4
"130380002",0,2,7,3,1,19,4,0,1,4,1,1,8,3,0,1,3,2,0,11,1
"130380003",20,25,31,20,19,159,32,10,13,18,11,9,80,15,10,12,13,9,10,79,17
"130380004",65,79,141,58,119,616,118,34,35,72,37,67,284,51,31,44,69,21,52,332,67
"130380005",5,7,15,6,10,67,21,2,2,9,3,2,30,10,3,5,6,3,8,37,11
"130380006",6,11,21,10,21,118,29,5,4,13,3,12,62,12,1,7,8,7,9,56,17
"130380007",60,96,197,103,145,903,176,27,47,103,51,79,419,82,33,49,94,52,66,484,94
"130380008",5,2,4,2,2,24,4,3,0,0,1,0,14,3,2,2,4,1,2,10,1
"130380009",2,4,2,1,4,15,8,0,1,0,0,2,8,1,2,3,2,1,2,7,7
"130380010",0,0,3,4,1,12,12,0,0,2,2,0,8,6,0,0,1,2,1,4,6
"130380012",1,3,5,2,1,23,8,1,2,3,2,0,10,5,0,1,2,0,1,13,3
"130380013",2,4,8,5,7,44,20,2,4,2,4,5,23,8,0,0,6,1,2,21,12
"130380014",11,11,34,13,19,128,20,5,8,17,7,12,63,8,6,3,17,6,7,65,12
"130380015",15,10,41,22,15,138,43,9,8,19,13,8,68,18,6,2,22,9,7,70,25
"130380016",1,1,5,3,7,26,9,0,1,2,2,4,13,5,1,0,3,1,3,13,4
"130380017",2,7,10,9,5,35,15,1,5,6,4,4,14,4,1,2,4,5,1,21,11
"130380018",27,19,33,24,23,154,38,13,8,16,7,11,78,20,14,11,17,17,12,76,18
"130380019",17,18,29,19,35,146,55,11,12,14,6,11,72,24,6,6,15,13,24,74,31
"130380020",3,1,3,5,3,23,8,1,1,1,2,1,12,3,2,0,2,3,2,11,5
"130380021",6,5,13,5,8,40,21,1,3,6,2,4,23,12,5,2,7,3,4,17,9
"130380022",1,4,2,1,3,17,5,1,0,1,1,3,8,3,0,4,1,0,0,9,2
"130380023",10,9,22,11,9,55,23,8,3,12,6,3,23,9,2,6,10,5,6,32,14
"130380024",97,110,217,86,166,1094,198,54,55,122,33,94,488,85,43,55,95,53,72,606,113
"130380025",11,13,43,19,38,141,38,5,8,23,10,22,64,20,6,5,20,9,16,77,18
"130380028",9,15,21,17,28,106,23,9,10,8,5,15,53,11,0,5,13,12,13,53,12
"130380031",0,0,0,0,0,0,0,0,0,0,0,0,0,0,0,0,0,0,0,0,0
"130380032",3,2,13,5,8,39,16,1,2,3,3,4,19,10,2,0,10,2,4,20,6
"130380033",3,4,8,5,6,28,7,2,1,5,2,2,11,3,1,3,3,3,4,17,4
"130380038",0,3,6,7,8,17,0,0,2,3,2,4,8,0,0,1,3,5,4,9,0
"130380039",2,7,7,3,7,33,15,1,3,5,2,3,16,7,1,4,2,1,4,17,8
"130380041",1,0,4,0,2,16,6,0,0,3,0,0,9,2,1,0,1,0,2,7,4
"130380042",0,3,5,0,3,16,3,0,0,2,0,2,7,1,0,3,3,0,1,9,2
"130380044",0,1,1,2,1,4,2,0,1,0,2,1,1,1,0,0,1,0,0,3,1
"130380046",1,7,9,4,10,51,5,0,5,6,1,5,25,1,1,2,3,3,5,26,4
"130390001",340,450,1039,629,892,6194,1604,167,241,518,336,438,2858,697,173,209,521,293,454,3336,907
"1303900010055",27,40,100,48,62,432,101,7,19,45,34,28,201,49,20,21,55,14,34,231,52
"130390001006A",7,8,20,7,16,131,36,5,6,8,5,6,69,12,0,0,12,0,10,62,24
"1303900010074",94,113,277,180,207,1515,312,40,65,146,93,100,677,136,54,48,131,87,107,838,176
"1303900010089",57,86,175,106,153,922,178,32,50,82,49,78,425,83,25,36,93,57,75,497,95
"1303900010093",39,39,81,69,91,600,152,20,15,36,44,55,302,75,19,24,45,25,36,298,77
"1303900010106",20,25,63,45,74,499,189,12,11,36,21,27,225,71,8,14,27,24,47,274,118
"1303900010110",47,65,149,90,131,891,257,20,35,71,44,68,397,108,27,30,78,46,63,494,149
"1303900010125",24,34,81,44,84,521,175,14,20,42,26,41,254,75,10,14,39,18,43,267,100
"130390001013A",25,40,93,40,74,683,204,17,20,52,20,35,308,88,8,20,41,20,39,375,116
"130390002",0,0,0,0,0,0,0,0,0,0,0,0,0,0,0,0,0,0,0,0,0
"130390003",13,15,32,22,24,136,35,7,10,18,11,8,58,18,6,5,14,11,16,78,17
"130390004",3,6,13,4,15,73,22,2,1,6,4,8,36,10,1,5,7,0,7,37,12
"130390006",57,59,83,43,97,539,63,33,33,39,18,51,266,31,24,26,44,25,46,273,32
"130390007",18,13,36,12,22,142,22,11,5,17,7,14,69,11,7,8,19,5,8,73,11
"130390008",26,35,54,30,57,265,47,11,16,27,16,30,127,21,15,19,27,14,27,138,26
"130390009",33,44,84,41,70,421,84,20,27,42,19,34,199,42,13,17,42,22,36,222,42
"130390012",1,0,3,0,4,14,4,1,0,2,0,2,7,2,0,0,1,0,2,7,2
"130390014",0,1,2,2,4,23,3,0,1,0,1,1,10,1,0,0,2,1,3,13,2
"130390023",1,1,1,1,2,11,1,0,1,1,1,0,5,1,1,0,0,0,2,6,0
"130390026",0,0,0,0,0,0,0,0,0,0,0,0,0,0,0,0,0,0,0,0,0
"130390028",0,0,0,0,0,0,0,0,0,0,0,0,0,0,0,0,0,0,0,0,0
"130390029",0,0,0,0,0,0,0,0,0,0,0,0,0,0,0,0,0,0,0,0,0
"130390030",0,1,2,1,2,13,4,0,1,1,0,1,7,2,0,0,1,1,1,6,2
"130390031",0,0,0,0,0,0,0,0,0,0,0,0,0,0,0,0,0,0,0,0,0
"130390032",2,0,2,2,5,8,3,1,0,2,1,3,3,0,1,0,0,1,2,5,3
"130390033",0,2,0,0,0,9,3,0,0,0,0,0,6,2,0,2,0,0,0,3,1
"130390035",1,1,0,1,1,8,4,1,1,0,0,0,5,2,0,0,0,1,1,3,2
"130390036",5,3,4,3,4,34,6,3,2,1,1,3,17,2,2,1,3,2,1,17,4
"130390039",0,0,3,1,0,7,0,0,0,2,0,0,4,0,0,0,1,1,0,3,0
"130390041",0,0,2,0,2,8,2,0,0,1,0,2,4,1,0,0,1,0,0,4,1
"130400001",24,30,58,32,43,266,93,12,13,29,13,19,108,51,12,17,29,19,24,158,42
"1304000010041",24,30,58,32,43,266,93,12,13,29,13,19,108,51,12,17,29,19,24,158,42
"130400002",10,14,33,14,26,147,39,5,7,17,5,14,72,20,5,7,16,9,12,75,19
"130400003",2,2,4,5,3,16,6,1,2,3,2,1,8,4,1,0,1,3,2,8,2
"130400005",1,3,3,0,4,33,11,1,2,3,0,3,17,4,0,1,0,0,1,16,7
"130400006",8,10,24,6,8,67,27,5,4,9,2,5,30,13,3,6,15,4,3,37,14
"130400007",11,11,25,7,13,87,49,7,6,13,5,6,41,26,4,5,12,2,7,46,23
"130400010",0,0,1,2,0,4,5,0,0,1,0,0,2,3,0,0,0,2,0,2,2
"130400011",15,13,36,25,28,196,81,7,8,19,10,12,89,39,8,5,17,15,16,107,42
"130400012",7,10,31,15,26,114,51,5,5,14,6,16,58,26,2,5,17,9,10,56,25
"130400013",10,13,25,15,26,130,62,5,5,16,10,11,62,31,5,8,9,5,15,68,31
"130400014",1,1,4,3,4,15,9,1,1,2,3,1,7,5,0,0,2,0,3,8,4
"130400015",11,7,15,7,15,66,21,7,3,6,5,7,32,12,4,4,9,2,8,34,9
"130400016",8,7,22,3,14,66,34,5,3,13,2,7,30,19,3,4,9,1,7,36,15
"130400017",1,0,0,0,0,7,2,0,0,0,0,0,3,1,1,0,0,0,0,4,1
"130400018",4,4,14,3,5,44,12,3,2,6,2,4,20,5,1,2,8,1,1,24,7
"130400019",1,2,5,1,5,21,8,1,0,2,1,1,9,2,0,2,3,0,4,12,6
"130400020",12,8,21,5,28,108,33,5,1,12,3,15,54,12,7,7,9,2,13,54,21
"130400021",3,3,4,4,5,24,14,3,1,2,2,4,10,7,0,2,2,2,1,14,7
"130400022",4,5,9,11,17,71,37,3,3,4,6,12,28,21,1,2,5,5,5,43,16
"130400024",10,9,23,9,12,112,56,4,3,12,5,6,47,33,6,6,11,4,6,65,23
"130400025",3,7,14,5,11,56,14,1,4,5,4,3,26,6,2,3,9,1,8,30,8
"130400026",4,9,6,14,8,55,27,2,5,3,5,6,26,20,2,4,3,9,2,29,7
"130400027",0,2,2,1,4,24,20,0,1,1,0,3,11,6,0,1,1,1,1,13,14
"130400028",5,7,17,8,10,73,53,2,3,8,4,7,37,25,3,4,9,4,3,36,28
"130400030",12,14,26,15,23,150,55,8,6,15,11,12,68,33,4,8,11,4,11,82,22
"130400031",6,5,11,6,9,59,28,4,2,6,3,5,26,15,2,3,5,3,4,33,13
"130400032",5,3,6,3,2,34,7,4,3,4,3,1,17,3,1,0,2,0,1,17,4
"130400033",5,3,4,2,5,39,15,1,1,1,1,3,16,10,4,2,3,1,2,23,5
"130400034",4,2,5,6,5,55,26,1,1,4,4,3,31,17,3,1,1,2,2,24,9
"130400035",0,0,4,1,1,5,3,0,0,3,1,1,3,1,0,0,1,0,0,2,2
"130400036",12,13,26,18,18,98,18,2,6,14,8,7,50,9,10,7,12,10,11,48,9
"130400037",25,24,35,24,31,165,81,10,13,19,15,15,59,41,15,11,16,9,16,106,40
"130400038",4,6,11,9,7,30,16,2,2,4,8,2,8,11,2,4,7,1,5,22,5
"130400039",4,3,5,1,4,22,12,0,3,4,1,2,10,6,4,0,1,0,2,12,6
"130400040",10,4,21,4,16,89,22,5,3,13,2,9,43,9,5,1,8,2,7,46,13
"130400041",0,0,0,0,0,3,2,0,0,0,0,0,2,1,0,0,0,0,0,1,1
"130400042",13,19,43,21,35,146,31,4,11,26,14,20,71,21,9,8,17,7,15,75,10
"130400043",14,23,65,41,36,190,55,5,14,29,22,17,73,30,9,9,36,19,19,117,25
"130400044",3,6,5,1,3,25,8,2,3,2,0,2,9,3,1,3,3,1,1,16,5
"130400045",1,1,7,6,4,28,16,0,1,2,0,2,13,10,1,0,5,6,2,15,6
"130400046",3,4,6,1,2,19,7,2,1,3,0,0,8,3,1,3,3,1,2,11,4
"130400047",11,8,19,12,20,66,17,4,7,9,5,8,29,9,7,1,10,7,12,37,8
"130400048",14,14,33,11,14,128,64,5,7,21,7,7,59,34,9,7,12,4,7,69,30
"130400049",0,0,2,1,3,7,7,0,0,1,0,1,5,4,0,0,1,1,2,2,3
"130400050",4,15,36,13,24,104,53,2,3,22,10,13,46,29,2,12,14,3,11,58,24
"130400051",3,7,6,4,12,59,32,2,5,4,1,7,27,13,1,2,2,3,5,32,19
"130400052",11,13,27,18,17,88,23,4,8,10,8,8,41,14,7,5,17,10,9,47,9
"130400053",6,11,20,14,18,104,53,3,5,10,6,6,54,30,3,6,10,8,12,50,23
"130400054",13,25,46,22,32,155,50,7,13,23,8,16,67,29,6,12,23,14,16,88,21
"130400055",2,0,6,5,10,26,22,1,0,3,3,7,11,15,1,0,3,2,3,15,7
"130400056",3,5,12,4,7,29,10,1,4,6,1,4,18,4,2,1,6,3,3,11,6
"130400057",3,2,9,9,4,42,26,2,0,6,6,2,22,10,1,2,3,3,2,20,16
"130400058",16,9,28,16,26,112,42,6,5,15,9,10,51,21,10,4,13,7,16,61,21
"130400059",2,2,1,1,5,12,3,2,1,0,0,3,4,3,0,1,1,1,2,8,0
"130400060",8,12,23,7,16,82,25,4,5,9,3,8,37,12,4,7,14,4,8,45,13
"130400061",2,6,20,7,12,56,19,1,3,8,2,4,25,11,1,3,12,5,8,31,8
"130400062",6,13,18,3,9,52,11,3,7,7,1,3,23,6,3,6,11,2,6,29,5
"130400063",9,10,21,9,12,84,27,5,5,11,4,7,42,14,4,5,10,5,5,42,13
"130400064",6,4,11,7,10,39,8,4,2,8,3,4,21,5,2,2,3,4,6,18,3
"130400065",4,5,7,1,6,33,9,2,2,3,1,2,17,5,2,3,4,0,4,16,4
"130400066",0,0,0,0,0,0,0,0,0,0,0,0,0,0,0,0,0,0,0,0,0
"130400067",0,1,0,0,1,2,1,0,0,0,0,0,0,0,0,1,0,0,1,2,1
"130400070",5,4,7,10,7,30,8,3,2,3,1,4,11,3,2,2,4,9,3,19,5
"130400075",2,1,0,0,1,13,4,2,1,0,0,1,6,2,0,0,0,0,0,7,2
"130400076",0,0,0,0,0,0,0,0,0,0,0,0,0,0,0,0,0,0,0,0,0
"130400077",0,0,0,0,0,5,0,0,0,0,0,0,3,0,0,0,0,0,0,2,0
"130400078",1,4,5,4,3,24,19,0,2,2,4,3,15,10,1,2,3,0,0,9,9
"130400079",0,0,0,0,0,0,0,0,0,0,0,0,0,0,0,0,0,0,0,0,0
"130400080",4,5,10,5,10,41,8,1,3,3,2,4,21,3,3,2,7,3,6,20,5
"130400081",3,2,2,3,3,19,3,1,2,1,1,1,10,2,2,0,1,2,2,9,1
"130400082",2,3,5,2,15,34,16,1,1,3,1,8,12,10,1,2,2,1,7,22,6
"130400084",8,3,4,3,6,20,11,5,1,2,2,2,7,6,3,2,2,1,4,13,5
"130400086",2,4,4,1,3,18,5,2,1,3,0,2,7,4,0,3,1,1,1,11,1
"130400087",0,0,2,2,3,10,4,0,0,1,0,1,4,2,0,0,1,2,2,6,2
"130400088",1,4,12,7,3,21,8,1,1,7,2,1,6,5,0,3,5,5,2,15,3
"130400089",2,1,7,6,6,30,8,2,1,2,1,5,15,3,0,0,5,5,1,15,5
"130400090",0,1,1,0,0,6,6,0,0,0,0,0,2,2,0,1,1,0,0,4,4
"130400091",0,1,2,0,4,13,4,0,0,1,0,1,7,2,0,1,1,0,3,6,2
"130400093",2,1,4,1,3,14,8,1,1,2,0,1,6,5,1,0,2,1,2,8,3
"130400094",0,1,2,1,0,4,1,0,0,0,1,0,2,1,0,1,2,0,0,2,0
"130400098",0,0,1,1,2,4,4,0,0,0,1,1,2,1,0,0,1,0,1,2,3
"130400099",0,1,3,1,4,18,7,0,1,1,1,0,10,2,0,0,2,0,4,8,5
"130400100",0,0,0,0,0,2,3,0,0,0,0,0,0,2,0,0,0,0,0,2,1
"130400101",0,0,0,0,0,0,0,0,0,0,0,0,0,0,0,0,0,0,0,0,0
"130410001",912,1292,2785,1380,2272,15335,3732,451,654,1398,678,1104,7206,1657,461,638,1387,702,1168,8129,2075
"1304100010072",96,111,258,139,194,1372,284,48,57,130,69,92,625,126,48,54,128,70,102,747,158
"1304100010087",72,103,232,91,131,1010,170,36,50,118,39,69,476,75,36,53,114,52,62,534,95
"1304100010091",29,50,102,41,93,477,82,11,31,55,21,49,227,35,18,19,47,20,44,250,47
"1304100010104",30,37,108,66,103,599,116,17,15,63,35,50,273,50,13,22,45,31,53,326,66
"1304100010138",105,128,262,148,202,1629,422,55,59,137,73,98,774,201,50,69,125,75,104,855,221
"1304100010142",139,210,461,211,366,2239,457,61,105,235,112,188,1082,223,78,105,226,99,178,1157,234
"1304100010157",72,99,223,109,174,1350,410,40,60,118,55,87,629,168,32,39,105,54,87,721,242
"1304100010161",88,155,274,153,261,1792,436,43,77,138,70,127,822,207,45,78,136,83,134,970,229
"1304100010176",73,135,233,117,226,1346,386,37,68,113,59,113,650,167,36,67,120,58,113,696,219
"1304100010180",104,114,269,130,210,1431,346,58,62,118,59,93,639,157,46,52,151,71,117,792,189
"1304100010195",26,29,94,52,96,727,277,11,16,42,26,38,373,105,15,13,52,26,58,354,172
"1304100010208",76,119,265,120,212,1340,340,32,54,129,59,98,627,139,44,65,136,61,114,713,201
"1304100010212",0,0,3,0,0,14,0,0,0,0,0,0,6,0,0,0,0,0,0,8,0
"1304100010227",0,0,0,3,0,15,4,0,0,0,0,0,6,3,0,0,0,0,0,10,0
"130410002",46,55,106,46,90,516,103,14,24,46,25,42,245,45,32,31,60,21,48,271,58
"130410003",53,51,92,47,78,503,72,27,31,45,19,38,249,42,26,20,47,28,40,254,30
"130410004",59,62,148,69,106,753,150,34,34,73,36,47,365,69,25,28,75,33,59,388,81
"130410005",23,25,67,36,55,357,76,9,12,33,16,24,170,41,14,13,34,20,31,187,35
"130410006",83,90,181,92,124,804,116,44,44,104,46,65,381,52,39,46,77,46,59,423,64
"130410007",94,108,244,118,210,1260,296,50,63,120,64,91,589,141,44,45,124,54,119,671,155
"130410008",39,58,125,75,127,680,145,22,20,66,44,53,311,65,17,38,59,31,74,369,80
"130410009",82,91,240,124,160,1121,201,39,48,127,69,89,532,104,43,43,113,55,71,589,97
"130410010",139,148,403,192,289,1687,317,68,79,205,99,146,772,156,71,69,198,93,143,915,161
"1304100100231",139,148,403,192,289,1687,317,68,79,205,99,146,772,156,71,69,198,93,143,915,161
"130410011",66,72,158,88,140,865,205,29,36,68,38,81,416,112,37,36,90,50,59,449,93
"130410012",83,121,287,132,195,1241,213,45,60,148,68,119,586,99,38,61,139,64,76,655,114
"130410021",0,0,0,0,0,0,0,0,0,0,0,0,0,0,0,0,0,0,0,0,0
"130410024",4,8,14,8,12,71,29,2,6,7,4,7,35,12,2,2,7,4,5,36,17
"130410025",15,11,27,15,22,134,25,8,2,16,9,10,65,12,7,9,11,6,12,69,13
"130410028",0,0,0,0,0,0,0,0,0,0,0,0,0,0,0,0,0,0,0,0,0
"130410029",0,0,0,0,0,0,0,0,0,0,0,0,0,0,0,0,0,0,0,0,0
"130410030",0,0,0,0,0,0,0,0,0,0,0,0,0,0,0,0,0,0,0,0,0
"130410031",3,3,13,3,2,36,7,2,1,5,2,1,16,3,1,2,8,1,1,20,4
"130410032",1,0,2,0,0,5,1,1,0,1,0,0,2,1,0,0,1,0,0,3,0
"130410033",1,2,3,1,4,17,4,1,1,1,1,3,7,2,0,1,2,0,1,10,2
"130410034",0,0,0,0,0,0,0,0,0,0,0,0,0,0,0,0,0,0,0,0,0
"130410035",11,20,50,14,26,166,16,6,13,23,4,13,73,8,5,7,27,10,13,93,8
"130410036",1,0,1,1,1,9,0,0,0,0,1,0,5,0,1,0,1,0,1,4,0
"130410038",1,0,2,2,0,6,1,1,0,0,2,0,3,1,0,0,2,0,0,3,0
"130410040",0,0,0,0,0,0,0,0,0,0,0,0,0,0,0,0,0,0,0,0,0
"130410042",0,1,2,1,4,17,2,0,0,1,0,3,9,1,0,1,1,1,1,8,1
"130410043",9,9,31,10,20,102,28,4,3,15,5,9,48,11,5,6,16,5,11,54,17
"130410044",15,24,58,21,30,182,16,9,15,30,12,13,85,10,6,9,28,9,17,97,6
"130410046",2,2,4,0,6,43,19,0,1,2,0,3,20,14,2,1,2,0,3,23,5
"130410047",0,0,0,0,0,0,0,0,0,0,0,0,0,0,0,0,0,0,0,0,0
"130410048",0,0,0,0,0,0,0,0,0,0,0,0,0,0,0,0,0,0,0,0,0
"130420001",180,269,558,262,479,2563,684,83,127,282,144,252,1218,341,97,142,276,118,227,1345,343
"1304200010065",3,0,6,0,0,32,3,0,0,3,0,0,18,0,0,0,3,0,0,17,0
"130420001007A",53,94,160,85,166,798,208,19,35,89,43,84,344,113,34,59,71,42,82,454,95
"1304200010084",56,66,151,56,122,662,181,27,39,81,33,68,306,80,29,27,70,23,54,356,101
"1304200010099",45,80,169,85,125,607,177,23,36,72,52,65,268,88,22,44,97,33,60,339,89
"1304200010101",23,27,72,34,64,466,115,12,15,37,16,35,284,58,11,12,35,18,29,182,57
"130420002",27,38,75,37,57,305,142,14,24,42,20,27,154,71,13,14,33,17,30,151,71
"130420003",1,1,6,5,1,14,13,1,1,3,3,1,7,6,0,0,3,2,0,7,7
"130420004",1,3,4,2,1,12,14,0,0,0,0,1,4,8,1,3,4,2,0,8,6
"130420005",7,14,32,11,26,101,60,3,8,16,5,9,40,25,4,6,16,6,17,61,35
"130420006",6,5,10,6,7,47,14,1,4,5,5,5,20,6,5,1,5,1,2,27,8
"130420007",16,25,62,21,30,223,130,8,10,31,8,11,104,76,8,15,31,13,19,119,54
"130420008",11,15,34,14,20,136,55,5,4,16,7,13,63,24,6,11,18,7,7,73,31
"130420009",11,9,14,14,14,80,48,3,6,7,5,10,37,30,8,3,7,9,4,43,18
"130420010",6,7,12,4,11,59,39,1,4,4,3,6,31,21,5,3,8,1,5,28,18
"130420011",13,16,46,32,48,199,103,7,8,22,18,19,99,60,6,8,24,14,29,100,43
"130420012",36,37,71,40,53,330,107,13,23,41,18,25,159,52,23,14,30,22,28,171,55
"130420013",21,27,60,38,51,252,109,10,13,26,21,33,119,50,11,14,34,17,18,133,59
"130420014",1,0,1,2,1,6,5,0,0,0,0,0,2,3,1,0,1,2,1,4,2
"130420015",5,10,23,8,21,89,53,2,6,13,3,9,47,25,3,4,10,5,12,42,28
"130420016",0,0,0,0,0,0,0,0,0,0,0,0,0,0,0,0,0,0,0,0,0
"130420017",41,42,103,54,51,258,132,23,16,55,27,20,119,71,18,26,48,27,31,139,61
"130420018",10,14,23,5,22,124,49,5,11,10,4,11,55,24,5,3,13,1,11,69,25
"130420019",0,0,0,0,0,4,4,0,0,0,0,0,4,3,0,0,0,0,0,0,1
"130420020",16,20,40,25,27,181,44,7,7,14,10,13,88,20,9,13,26,15,14,93,24
"130420021",4,3,11,6,11,27,14,2,0,7,3,7,11,8,2,3,4,3,4,16,6
"130420022",19,24,71,24,45,222,79,9,12,34,13,24,116,38,10,12,37,11,21,106,41
"130420023",2,1,4,2,1,23,8,1,0,2,0,1,11,4,1,1,2,2,0,12,4
"130420024",1,4,3,3,3,12,6,0,1,2,2,1,7,2,1,3,1,1,2,5,4
"130420025",0,1,7,3,4,22,15,0,0,4,3,4,13,8,0,1,3,0,0,9,7
"130420026",2,12,25,9,8,56,23,2,4,15,3,5,27,12,0,8,10,6,3,29,11
"130420027",4,1,3,1,1,16,6,1,0,0,1,1,7,3,3,1,3,0,0,9,3
"130420030",0,0,0,0,0,0,0,0,0,0,0,0,0,0,0,0,0,0,0,0,0
"130420033",0,0,2,1,1,7,6,0,0,1,0,1,4,3,0,0,1,1,0,3,3
"130420034",0,0,0,0,0,0,0,0,0,0,0,0,0,0,0,0,0,0,0,0,0
"130420035",0,0,0,0,0,0,0,0,0,0,0,0,0,0,0,0,0,0,0,0,0
"130420043",14,6,13,11,7,84,15,7,3,8,6,6,43,9,7,3,5,5,1,41,6
"130420045",0,0,0,0,0,0,0,0,0,0,0,0,0,0,0,0,0,0,0,0,0
"130420047",1,0,5,1,0,13,8,1,0,4,0,0,7,3,0,0,1,1,0,6,5
"130420049",0,0,0,0,0,0,0,0,0,0,0,0,0,0,0,0,0,0,0,0,0
"130420051",4,7,11,7,7,31,7,2,2,5,1,6,15,2,2,5,6,6,1,16,5
"130420052",0,0,0,0,0,0,0,0,0,0,0,0,0,0,0,0,0,0,0,0,0
"130420054",0,0,0,0,0,0,0,0,0,0,0,0,0,0,0,0,0,0,0,0,0
"130420055",0,0,0,0,0,0,0,0,0,0,0,0,0,0,0,0,0,0,0,0,0
"130430001",21,23,51,25,26,205,53,12,9,28,4,11,98,18,9,14,23,21,15,107,35
"1304300010058",21,23,51,25,26,205,53,12,9,28,4,11,98,18,9,14,23,21,15,107,35
"130430002",1,4,14,8,11,44,18,0,3,9,5,5,22,7,1,1,5,3,6,22,11
"130430003",11,18,33,15,20,118,39,9,6,16,10,8,57,18,2,12,17,5,12,61,21
"130430004",25,34,59,24,47,205,81,11,15,29,12,28,80,42,14,19,30,12,19,125,39
"130430005",0,3,2,3,1,13,11,0,1,1,2,0,5,5,0,2,1,1,1,8,6
"130430006",4,7,8,5,6,36,12,2,4,5,3,0,18,7,2,3,3,2,6,18,5
"130430007",6,10,18,12,17,71,25,2,5,11,9,8,29,14,4,5,7,3,9,42,11
"130430008",3,9,11,12,6,36,17,2,2,6,6,3,16,7,1,7,5,6,3,20,10
"130430009",13,11,34,13,13,118,40,8,7,17,7,5,56,26,5,4,17,6,8,62,14
"130430010",8,10,25,12,22,114,27,5,7,12,8,15,59,9,3,3,13,4,7,55,18
"130430011",2,2,11,6,8,55,36,1,1,4,5,1,26,19,1,1,7,1,7,29,17
"130430013",7,18,21,10,13,73,27,5,9,10,4,6,34,10,2,9,11,6,7,39,17
"130430014",3,3,8,6,5,40,9,1,1,2,5,3,21,2,2,2,6,1,2,19,7
"130430015",4,3,10,3,11,55,13,0,1,6,3,3,28,5,4,2,4,0,8,27,8
"130430016",0,5,9,6,3,48,38,0,0,5,4,1,25,18,0,5,4,2,2,23,20
"130430017",2,2,3,1,3,18,17,2,2,0,1,0,9,8,0,0,3,0,3,9,9
"130430018",6,9,21,8,15,93,25,2,3,14,3,10,50,10,4,6,7,5,5,43,15
"130430019",19,14,45,26,37,178,54,7,5,22,19,18,83,25,12,9,23,7,19,95,29
"130430020",2,5,9,1,7,28,20,1,2,5,0,4,14,8,1,3,4,1,3,14,12
"130430021",4,3,13,9,15,78,63,3,1,5,6,11,39,34,1,2,8,3,4,39,29
"130430022",15,17,33,17,23,165,47,3,12,18,11,12,74,17,12,5,15,6,11,91,30
"130430023",15,16,25,13,13,98,28,7,4,15,9,5,41,13,8,12,10,4,8,57,15
"130430024",2,1,2,0,1,26,20,2,0,2,0,0,9,12,0,1,0,0,1,17,8
"130430025",14,6,27,28,22,133,49,8,2,16,15,11,55,25,6,4,11,13,11,78,24
"130430026",6,1,7,5,8,50,34,5,1,1,2,4,26,17,1,0,6,3,4,24,17
"130430027",5,8,22,21,63,83,26,0,6,12,8,33,37,9,5,2,10,13,30,46,17
"130430028",3,6,28,18,17,93,36,2,3,16,13,7,42,18,1,3,12,5,10,51,18
"130430029",10,10,15,10,10,67,15,3,4,7,7,7,34,3,7,6,8,3,3,33,12
"130430030",13,18,40,17,25,110,31,11,9,19,9,10,53,17,2,9,21,8,15,57,14
"130430031",9,10,25,25,14,74,29,5,2,20,15,7,36,12,4,8,5,10,7,38,17
"130430032",3,8,24,13,11,52,22,2,5,10,5,8,18,12,1,3,14,8,3,34,10
"130430033",2,5,16,8,13,41,11,2,2,8,2,7,22,5,0,3,8,6,6,19,6
"130430034",5,6,9,1,7,34,9,2,5,5,1,4,14,6,3,1,4,0,3,20,3
"130430035",0,0,0,0,0,6,4,0,0,0,0,0,4,2,0,0,0,0,0,2,2
"130430040",18,11,28,9,16,94,21,9,6,17,5,9,43,9,9,5,11,4,7,51,12
"130430041",1,3,3,2,1,23,6,1,3,3,2,1,13,4,0,0,0,0,0,10,2
"130430042",1,0,1,0,1,6,4,0,0,1,0,1,3,1,1,0,0,0,0,3,3
"130430044",2,1,1,0,5,12,6,1,1,1,0,3,5,2,1,0,0,0,2,7,4
"130430045",0,0,0,0,0,3,5,0,0,0,0,0,2,3,0,0,0,0,0,1,2
"130430046",1,2,8,5,8,18,3,0,1,5,3,5,8,1,1,1,3,2,3,10,2
"130430047",0,0,0,0,0,0,0,0,0,0,0,0,0,0,0,0,0,0,0,0,0
"130430050",3,9,8,9,8,44,9,3,4,4,4,3,20,3,0,5,4,5,5,24,6
"130430051",1,3,2,1,0,10,5,1,3,0,0,0,6,2,0,0,2,1,0,4,3
"130430052",2,2,6,1,4,30,13,1,1,3,0,3,15,5,1,1,3,1,1,15,8
"130440001",39,50,105,62,125,564,210,24,23,56,32,57,239,92,15,27,49,30,68,325,118
"1304400010040",6,0,8,12,16,46,6,0,0,0,5,0,23,3,4,0,6,7,14,25,3
"1304400010055",28,40,87,46,90,457,180,19,22,47,26,41,193,75,9,18,40,20,49,264,105
"130440001006A",5,8,10,4,19,61,24,3,0,7,0,14,25,14,0,7,3,3,5,36,10
"130440002",8,15,23,9,28,122,31,4,5,9,4,18,56,12,4,10,14,5,10,66,19
"130440003",15,22,46,17,35,179,47,7,13,30,7,16,86,22,8,9,16,10,19,93,25
"130440004",26,0,1,5,8,62,21,12,0,1,3,5,32,10,14,0,0,2,3,30,11
"130440005",28,50,98,31,70,379,66,18,28,54,16,32,184,37,10,22,44,15,38,195,29
"130440006",3,8,8,5,7,54,13,1,3,5,2,3,24,8,2,5,3,3,4,30,5
"130440007",17,14,28,18,29,184,47,8,7,14,8,12,85,24,9,7,14,10,17,99,23
"130440008",25,24,53,24,36,216,57,12,11,25,14,21,103,34,13,13,28,10,15,113,23
"130440009",5,7,6,4,7,67,25,4,4,4,2,2,32,13,1,3,2,2,5,35,12
"130440010",17,13,33,13,18,166,89,8,3,14,10,13,71,47,9,10,19,3,5,95,42
"130440011",9,9,41,22,32,167,66,1,4,18,8,10,80,31,8,5,23,14,22,87,35
"130440012",4,9,30,13,17,117,49,2,5,11,6,5,55,29,2,4,19,7,12,62,20
"130440013",62,69,154,64,115,692,253,28,33,77,31,60,315,133,34,36,77,33,55,377,120
"130440014",0,0,0,0,0,0,0,0,0,0,0,0,0,0,0,0,0,0,0,0,0
"130440015",9,11,21,11,12,153,69,3,5,13,4,6,74,34,6,6,8,7,6,79,35
"130440016",6,7,15,6,13,87,32,3,4,10,2,8,39,16,3,3,5,4,5,48,16
"130440017",3,4,9,3,8,41,26,0,3,5,2,6,18,14,3,1,4,1,2,23,12
"130440018",9,6,20,13,11,100,56,2,3,10,6,5,48,28,7,3,10,7,6,52,28
"130440019",38,45,80,48,89,557,233,16,22,48,21,39,251,110,22,23,32,27,50,306,123
"130440020",0,0,3,1,1,11,6,0,0,2,0,1,6,3,0,0,1,1,0,5,3
"130440023",5,6,15,7,12,80,54,5,2,8,3,6,42,25,0,4,7,4,6,38,29
"130440024",1,2,6,2,3,20,14,0,0,1,2,0,11,8,1,2,5,0,3,9,6
"130440025",25,22,36,25,31,215,68,13,9,17,6,12,106,35,12,13,19,19,19,109,33
"130440027",38,4,6,12,15,102,24,20,1,6,4,6,42,13,18,3,0,8,9,60,11
"130440029",43,39,89,39,47,361,78,25,23,56,23,30,170,43,18,16,33,16,17,191,35
"130440030",84,121,238,126,196,1111,533,36,49,137,73,114,476,252,48,72,101,53,82,635,281
"130440031",18,19,32,15,40,212,56,11,10,18,9,21,108,29,7,9,14,6,19,104,27
"130440032",7,0,0,2,2,24,8,6,0,0,2,1,12,3,1,0,0,0,1,12,5
"130440033",27,19,42,21,40,252,108,10,8,26,9,20,124,56,17,11,16,12,20,128,52
"130440037",7,13,20,5,8,77,18,2,5,10,2,4,37,10,5,8,10,3,4,40,8
"130440039",0,2,1,1,0,4,5,0,0,0,0,0,2,3,0,2,1,1,0,2,2
"130440041",0,1,6,4,8,30,10,0,0,3,3,6,14,4,0,1,3,1,2,16,6
"130440043",0,0,0,0,0,0,0,0,0,0,0,0,0,0,0,0,0,0,0,0,0
"130440044",15,2,4,6,7,48,34,6,0,1,3,7,19,20,9,2,3,3,0,29,14
"130440045",8,7,16,11,7,53,16,4,2,7,7,4,24,7,4,5,9,4,3,29,9
"130440046",4,3,8,4,5,39,8,2,1,5,1,2,19,3,2,2,3,3,3,20,5
"130440047",12,2,1,0,1,23,2,8,0,0,0,0,12,1,4,2,1,0,1,11,1
"130440048",3,2,5,6,6,40,24,0,0,1,3,4,15,14,3,2,4,3,2,25,10
"130440049",1,3,6,3,7,25,18,1,2,4,2,1,10,9,0,1,2,1,6,15,9
"130440050",0,0,0,0,0,0,0,0,0,0,0,0,0,0,0,0,0,0,0,0,0
"130440051",3,1,11,7,8,46,16,1,1,2,4,5,20,11,2,0,9,3,3,26,5
"130440052",6,5,7,5,13,60,16,3,3,5,3,4,33,8,3,2,2,2,9,27,8
"130440054",0,0,0,0,0,0,0,0,0,0,0,0,0,0,0,0,0,0,0,0,0
"130440055",0,0,0,0,2,6,7,0,0,0,0,1,3,3,0,0,0,0,1,3,4
"130440057",0,0,1,1,1,7,4,0,0,1,1,1,4,2,0,0,0,0,0,3,2
"130440060",0,0,0,0,0,2,4,0,0,0,0,0,2,2,0,0,0,0,0,0,2
"130440061",13,1,2,1,0,41,22,9,1,1,1,0,21,11,4,0,1,0,0,20,11
"130440062",0,0,0,0,0,0,0,0,0,0,0,0,0,0,0,0,0,0,0,0,0
"130440063",0,1,0,0,3,5,4,0,1,0,0,2,2,1,0,0,0,0,1,3,3
"130440064",0,0,0,0,0,0,0,0,0,0,0,0,0,0,0,0,0,0,0,0,0
"130440065",2,1,7,3,6,24,5,0,1,4,2,2,13,2,2,0,3,1,4,11,3
"130440068",0,0,0,0,0,0,0,0,0,0,0,0,0,0,0,0,0,0,0,0,0
"130440069",0,0,0,0,0,0,0,0,0,0,0,0,0,0,0,0,0,0,0,0,0
"130440070",7,11,8,4,11,68,25,2,7,2,3,6,38,11,5,4,6,1,5,30,14
"130440071",6,7,4,6,5,38,11,3,5,2,3,3,22,6,3,2,2,3,2,16,5
"130440072",0,0,1,1,4,12,4,0,0,0,0,1,7,2,0,0,1,1,3,5,2
"130440073",0,0,0,0,0,0,0,0,0,0,0,0,0,0,0,0,0,0,0,0,0
"130440074",3,3,2,2,1,19,15,2,3,1,2,1,8,8,1,0,1,0,0,11,7
"130440075",0,0,0,0,0,0,0,0,0,0,0,0,0,0,0,0,0,0,0,0,0
"130440076",5,0,0,1,1,8,6,2,0,0,0,1,3,3,3,0,0,1,0,5,3
"130440077",11,9,18,7,12,94,28,7,4,11,4,5,50,15,4,5,7,3,7,44,13
"130440078",0,0,0,0,0,0,0,0,0,0,0,0,0,0,0,0,0,0,0,0,0
"130440081",0,0,0,0,0,0,0,0,0,0,0,0,0,0,0,0,0,0,0,0,0
"130440083",0,0,0,0,0,0,0,0,0,0,0,0,0,0,0,0,0,0,0,0,0
"130440084",0,0,0,0,0,0,0,0,0,0,0,0,0,0,0,0,0,0,0,0,0
"130440085",0,0,0,0,0,0,0,0,0,0,0,0,0,0,0,0,0,0,0,0,0
"130440087",0,0,0,0,1,11,7,0,0,0,0,0,6,5,0,0,0,0,1,5,2
"130440089",2,0,4,1,7,16,10,1,0,1,0,4,8,6,1,0,3,1,3,8,4
"130440091",0,0,0,0,0,0,0,0,0,0,0,0,0,0,0,0,0,0,0,0,0
"130440092",29,3,0,5,12,71,32,15,2,0,5,4,37,18,14,1,0,0,8,34,14
"130440094",0,0,0,0,0,0,0,0,0,0,0,0,0,0,0,0,0,0,0,0,0
"130440097",2,6,7,8,10,55,25,0,3,5,4,3,26,16,2,3,2,4,7,29,9
"130440098",0,0,1,0,2,8,1,0,0,0,0,1,5,1,0,0,1,0,1,3,0
"130440099",1,4,2,1,3,16,10,0,2,1,1,1,9,6,1,2,1,0,2,7,4
"130440100",0,3,7,1,4,17,13,0,3,3,0,4,7,7,0,0,4,1,0,10,6
"130440101",2,5,5,3,11,36,18,1,5,1,1,8,19,10,1,0,4,2,3,17,8
"130440102",1,2,6,5,5,40,12,1,2,2,4,3,17,6,0,0,4,1,2,23,6
"130440108",1,0,0,0,1,10,1,0,0,0,0,0,4,1,1,0,0,0,1,6,0
"130440109",26,18,69,28,59,280,46,15,8,33,17,26,123,25,11,10,36,11,33,157,21
"130440110",12,23,39,16,29,141,37,6,11,20,10,14,61,22,6,12,19,6,15,80,15
"130440111",4,5,3,2,1,30,7,2,1,2,1,0,18,3,2,4,1,1,1,12,4
"130440112",3,1,3,2,6,16,5,2,1,1,1,2,6,3,1,0,2,1,4,10,2
"130440113",9,16,15,6,4,88,24,6,13,9,1,2,41,14,3,3,6,5,2,47,10
"130440115",1,2,1,1,3,21,16,0,2,1,0,2,10,7,1,0,0,1,1,11,9
"130440117",2,0,0,0,0,15,11,1,0,0,0,0,9,5,1,0,0,0,0,6,6
"130440120",8,7,8,1,11,57,12,4,2,3,0,8,25,7,4,5,5,1,3,32,5
"130440121",4,2,8,4,8,41,11,3,0,3,2,4,20,5,1,2,5,2,4,21,6
"130440123",1,1,1,0,1,5,1,1,1,0,0,0,3,1,0,0,1,0,1,2,0
"130440124",0,0,0,0,0,0,0,0,0,0,0,0,0,0,0,0,0,0,0,0,0
"130440125",0,2,0,0,0,9,4,0,0,0,0,0,4,1,0,2,0,0,0,5,3
"130440126",0,0,0,0,0,0,0,0,0,0,0,0,0,0,0,0,0,0,0,0,0
"130440127",8,3,9,5,9,36,5,6,2,2,2,6,16,4,2,1,7,3,3,20,1
"130440128",3,1,3,3,6,29,11,2,0,0,2,5,16,7,1,1,3,1,1,13,4
"130440129",12,7,15,11,16,89,14,9,2,7,3,9,43,8,3,5,8,8,7,46,6
"130440130",0,0,0,0,0,0,0,0,0,0,0,0,0,0,0,0,0,0,0,0,0
"130440131",1,2,3,4,2,16,2,1,1,2,2,2,7,1,0,1,1,2,0,9,1
"130440132",11,10,21,5,8,87,34,4,5,10,3,4,42,17,7,5,11,2,4,45,17
"130440133",0,0,0,0,0,0,0,0,0,0,0,0,0,0,0,0,0,0,0,0,0
"130440134",0,0,0,0,0,0,0,0,0,0,0,0,0,0,0,0,0,0,0,0,0
"130440135",0,0,0,0,0,4,5,0,0,0,0,0,3,3,0,0,0,0,0,1,2
"130440137",0,0,0,0,0,0,0,0,0,0,0,0,0,0,0,0,0,0,0,0,0
"130440138",1,0,0,1,1,11,5,0,0,0,0,0,6,3,1,0,0,1,1,5,2
"130440139",6,3,6,4,3,44,20,1,2,3,1,2,21,14,5,1,3,3,1,23,6
"130450001",29,36,89,44,83,547,222,14,18,48,22,38,254,90,15,18,41,22,45,293,132
"1304500010033",22,22,44,23,56,325,151,12,11,20,11,28,158,61,10,11,24,12,28,167,90
"1304500010048",6,12,39,20,20,186,48,0,6,24,10,7,78,20,5,6,15,10,13,108,28
"1304500010052",0,0,6,0,7,36,23,0,0,4,0,3,18,9,0,0,0,0,4,18,14
"130450002",6,6,7,7,8,51,16,3,2,2,4,4,23,10,3,4,5,3,4,28,6
"130450005",6,7,12,17,12,51,17,3,4,8,5,6,24,10,3,3,4,12,6,27,7
"130450006",6,16,19,15,13,102,14,2,7,13,9,8,47,4,4,9,6,6,5,55,10
"130450007",0,0,0,1,3,6,5,0,0,0,0,3,4,3,0,0,0,1,0,2,2
"130450008",4,2,2,3,5,28,5,2,1,0,0,1,16,3,2,1,2,3,4,12,2
"130450009",9,15,38,18,29,143,35,5,10,20,12,17,65,17,4,5,18,6,12,78,18
"130450010",8,6,19,14,12,86,17,5,1,14,10,6,43,5,3,5,5,4,6,43,12
"130450011",22,20,62,16,34,188,21,12,8,34,9,18,89,10,10,12,28,7,16,99,11
"130450012",16,11,35,15,29,149,26,7,5,19,13,12,66,11,9,6,16,2,17,83,15
"130450013",10,4,10,4,16,71,6,4,1,2,1,5,37,3,6,3,8,3,11,34,3
"130450014",7,13,21,11,22,89,22,3,7,13,5,8,37,11,4,6,8,6,14,52,11
"130450015",9,10,33,17,19,96,31,4,7,17,10,9,51,18,5,3,16,7,10,45,13
"130450016",10,19,35,14,16,127,32,1,6,19,7,8,57,18,9,13,16,7,8,70,14
"130450018",19,20,21,21,27,176,32,11,9,13,9,8,87,12,8,11,8,12,19,89,20
"130450019",11,21,67,30,49,222,52,3,14,35,17,24,101,23,8,7,32,13,25,121,29
"130450020",25,19,57,24,40,183,27,9,10,25,10,23,88,14,16,9,32,14,17,95,13
"130450021",17,20,51,29,35,231,50,11,6,21,15,18,105,21,6,14,30,14,17,126,29
"130450022",55,65,163,94,106,626,151,26,35,87,47,46,287,73,29,30,76,47,60,339,78
"130450023",10,10,27,9,15,136,27,5,4,16,4,7,69,10,5,6,11,5,8,67,17
"130450026",1,3,13,2,9,52,22,0,1,5,1,4,25,8,1,2,8,1,5,27,14
"130450027",9,16,25,5,18,126,34,4,9,16,1,7,64,19,5,7,9,4,11,62,15
"130450028",18,16,42,29,45,296,107,9,8,24,11,22,138,50,9,8,18,18,23,158,57
"130450029",34,43,89,59,76,452,95,19,16,43,32,36,203,44,15,27,46,27,40,249,51
"130450030",10,20,35,18,32,185,32,4,6,17,10,18,87,18,6,14,18,8,14,98,14
"130450031",2,3,10,5,4,29,12,0,1,5,2,2,10,6,2,2,5,3,2,19,6
"130450032",3,3,10,8,14,64,15,2,1,9,4,9,31,7,1,2,1,4,5,33,8
"130450035",8,12,32,8,22,83,15,3,2,15,5,12,33,9,5,10,17,3,10,50,6
"130450039",8,4,10,6,11,57,11,4,1,5,4,4,23,7,4,3,5,2,7,34,4
"130450040",0,0,3,1,0,3,2,0,0,2,0,0,2,1,0,0,1,1,0,1,1
"130450041",2,2,5,3,1,23,3,1,0,3,2,0,12,1,1,2,2,1,1,11,2
"130450043",15,16,35,10,18,129,28,7,12,19,2,9,56,13,8,4,16,8,9,73,15
"130460001",306,363,710,383,608,3615,1052,147,173,361,193,310,1667,485,159,190,349,190,298,1948,567
"1304600010083",29,30,66,38,64,335,94,13,13,27,17,32,161,46,16,17,39,21,32,174,48
"1304600010172",9,11,17,11,19,83,16,0,4,9,4,13,38,7,8,7,8,7,6,45,9
"1304600010276",61,75,166,80,131,817,234,28,39,95,47,63,387,106,33,36,71,33,68,430,128
"1304600010295",39,47,66,50,72,421,137,22,16,31,29,42,194,59,17,31,35,21,30,227,78
"1304600010308",50,84,142,70,118,775,296,26,43,62,35,60,340,138,24,41,80,35,58,435,158
"1304600010312",45,61,103,56,92,455,84,14,33,61,23,52,204,45,31,28,42,33,40,251,39
"1304600010327",73,55,150,78,112,729,191,43,25,76,38,48,343,84,30,30,74,40,64,386,107
"130460003",19,22,46,25,31,175,55,12,9,30,12,19,89,28,7,13,16,13,12,86,27
"130460004",268,262,479,222,347,2005,554,139,124,230,99,168,925,272,129,138,249,123,179,1080,282
"1304600040115",16,17,25,12,22,100,30,9,9,8,7,13,51,11,7,8,17,5,9,49,19
"130460004012A",54,64,100,56,82,434,141,30,30,50,24,42,191,71,24,34,50,32,40,243,70
"1304600040191",52,45,88,36,57,346,102,29,14,40,17,24,161,46,23,31,48,19,33,185,56
"1304600040223",46,55,112,45,72,414,124,24,27,56,23,35,183,63,22,28,56,22,37,231,61
"1304600040238",100,81,154,73,114,711,157,47,44,76,28,54,339,81,53,37,78,45,60,372,76
"130460005",9,7,10,14,14,63,23,5,2,6,5,7,30,12,4,5,4,9,7,33,11
"130460006",6,14,20,18,27,76,28,2,8,9,10,13,36,13,4,6,11,8,14,40,15
"130460007",5,2,9,8,13,58,41,4,1,4,2,6,32,18,1,1,5,6,7,26,23
"130460008",15,15,28,24,21,92,24,7,7,18,11,10,44,12,8,8,10,13,11,48,12
"130460009",5,3,11,5,5,47,41,2,1,4,3,3,20,19,3,2,7,2,2,27,22
"130460012",0,1,7,3,4,36,27,0,1,4,3,1,20,17,0,0,3,0,3,16,10
"130460015",11,12,27,22,17,88,65,6,8,17,10,11,44,34,5,4,10,12,6,44,31
"130460016",22,11,47,26,19,123,55,13,3,26,14,10,54,29,9,8,21,12,9,69,26
"130460017",3,3,7,8,6,33,13,2,0,2,6,4,17,8,1,3,5,2,2,16,5
"130460018",15,15,35,20,33,126,51,8,9,16,9,16,55,26,7,6,19,11,17,71,25
"130460020",4,7,15,3,11,55,56,3,3,6,3,7,29,27,1,4,9,0,4,26,29
"130460021",6,3,10,7,9,53,28,3,2,6,4,6,30,14,3,1,4,3,3,23,14
"130460023",8,6,35,13,24,83,19,3,0,20,5,12,36,9,5,6,15,8,12,47,10
"130460024",17,8,25,29,30,114,40,8,1,12,13,21,51,23,9,7,13,16,9,63,17
"130460025",19,27,41,17,31,213,80,8,14,21,9,13,110,34,11,13,20,8,18,103,46
"130460026",4,14,26,9,9,51,20,4,6,13,5,6,24,9,0,8,13,4,3,27,11
"130460027",222,217,454,198,310,1881,666,108,105,228,98,161,854,297,114,112,226,100,149,1027,369
"1304600270098",50,51,98,33,76,382,94,29,28,54,16,37,172,43,21,23,44,17,39,210,51
"1304600270100",16,29,49,21,23,179,55,11,15,23,8,13,75,27,5,14,26,13,10,104,28
"1304600270242",68,56,134,65,92,584,232,24,27,59,33,42,275,108,44,29,75,32,50,309,124
"1304600270257",83,78,164,77,113,704,279,40,33,85,40,65,316,117,43,45,79,37,48,388,162
"1304600270331",5,3,9,0,6,32,6,4,0,7,0,4,18,0,0,0,0,0,0,18,4
"130460028",24,39,53,38,32,231,69,9,18,26,21,20,125,31,15,21,27,17,12,106,38
"130460029",4,3,16,7,8,52,30,2,1,12,1,4,25,14,2,2,4,6,4,27,16
"130460030",8,5,37,25,24,133,60,6,3,25,18,12,63,37,2,2,12,7,12,70,23
"130460031",10,11,29,17,16,103,30,2,5,17,12,6,46,14,8,6,12,5,10,57,16
"130460032",4,6,13,4,12,51,39,1,4,6,0,9,21,21,3,2,7,4,3,30,18
"130460033",4,1,8,6,16,41,19,3,0,4,3,7,21,9,1,1,4,3,9,20,10
"130460034",14,9,29,13,13,81,31,7,6,11,9,7,39,16,7,3,18,4,6,42,15
"130460035",5,9,16,13,15,76,68,3,5,6,7,5,35,35,2,4,10,6,10,41,33
"130460036",7,14,27,14,11,70,30,4,6,14,11,5,34,14,3,8,13,3,6,36,16
"130460037",8,11,48,21,33,162,92,3,6,28,12,20,74,50,5,5,20,9,13,88,42
"130460038",1,2,10,8,16,65,52,0,1,3,4,5,30,26,1,1,7,4,11,35,26
"130460039",4,5,11,6,12,63,55,0,2,6,2,4,27,31,4,3,5,4,8,36,24
"130460042",3,8,19,14,15,67,39,3,4,12,6,8,30,19,0,4,7,8,7,37,20
"130460043",29,24,90,49,51,299,146,20,13,44,24,26,140,78,9,11,46,25,25,159,68
"130460044",33,43,76,50,64,363,170,16,21,34,26,35,161,89,17,22,42,24,29,202,81
"130460045",9,14,20,16,9,63,25,1,7,11,6,6,29,15,8,7,9,10,3,34,10
"130460046",3,4,7,4,7,33,39,0,3,1,2,5,11,18,3,1,6,2,2,22,21
"130460047",24,30,55,32,24,146,39,12,10,27,17,17,67,20,12,20,28,15,7,79,19
"130460048",11,17,34,23,36,134,113,4,8,11,14,21,60,61,7,9,23,9,15,74,52
"130460049",6,11,12,8,12,95,85,4,7,9,5,5,49,42,2,4,3,3,7,46,43
"130460050",2,3,3,6,3,26,9,2,3,1,4,2,12,5,0,0,2,2,1,14,4
"130460051",46,38,81,44,54,259,77,22,23,43,19,35,125,39,24,15,38,25,19,134,38
"130460052",7,11,18,22,18,75,28,6,9,12,13,12,38,13,1,2,6,9,6,37,15
"130460053",4,2,14,5,9,25,18,2,1,6,3,3,13,8,2,1,8,2,6,12,10
"130460054",14,20,51,27,34,88,31,6,14,25,17,18,43,14,8,6,26,10,16,45,17
"130460055",57,70,161,99,116,506,163,29,40,85,49,66,232,83,28,30,76,50,50,274,80
"130460056",9,8,23,15,12,58,30,3,5,12,11,5,28,16,6,3,11,4,7,30,14
"130460057",15,16,41,34,26,127,46,6,9,24,15,12,58,22,9,7,17,19,14,69,24
"130460058",23,32,67,38,47,174,43,8,15,32,21,24,86,22,15,17,35,17,23,88,21
"130460059",9,8,15,15,18,55,35,5,6,5,9,3,24,20,4,2,10,6,15,31,15
"130460060",16,18,17,11,18,75,18,9,7,9,3,11,34,8,7,11,8,8,7,41,10
"130460061",30,35,69,45,52,179,50,10,11,38,29,27,91,29,20,24,31,16,25,88,21
"130460062",17,28,49,20,50,204,42,11,10,25,14,28,100,20,6,18,24,6,22,104,22
"130460063",12,13,37,22,26,87,26,8,6,13,13,12,39,12,4,7,24,9,14,48,14
"130460064",38,41,103,52,83,324,93,23,22,51,29,41,157,48,15,19,52,23,42,167,45
"130460065",16,21,29,21,22,128,81,10,10,14,10,8,52,38,6,11,15,11,14,76,43
"130460066",2,5,15,9,14,58,51,2,1,7,4,8,28,28,0,4,8,5,6,30,23
"130460067",4,0,7,4,10,39,24,1,0,6,2,3,24,11,3,0,1,2,7,15,13
"130460068",13,20,32,16,21,69,19,5,15,15,11,9,31,10,8,5,17,5,12,38,9
"130460070",10,7,17,10,11,67,20,2,2,10,6,2,33,11,8,5,7,4,9,34,9
"130460071",27,21,57,38,45,145,32,15,11,21,19,19,63,20,12,10,36,19,26,82,12
"130460073",2,3,7,5,11,57,26,2,2,3,2,7,27,15,0,1,4,3,4,30,11
"130460074",0,1,0,1,2,7,6,0,1,0,1,0,4,3,0,0,0,0,2,3,3
"130460075",17,18,44,14,27,156,38,9,8,21,8,11,74,19,8,10,23,6,16,82,19
"130460076",17,18,19,19,29,79,23,8,9,11,9,19,40,12,9,9,8,10,10,39,11
"130460077",26,23,43,20,23,126,23,15,16,16,11,14,64,13,11,7,27,9,9,62,10
"130460078",1,1,0,2,3,22,15,0,0,0,2,2,10,9,1,1,0,0,1,12,6
"130460081",2,3,8,5,1,27,17,1,1,3,3,0,13,9,1,2,5,2,1,14,8
"130460084",2,2,6,7,10,33,28,0,0,3,4,3,14,19,2,2,3,3,7,19,9
"130460085",4,4,17,9,6,49,12,2,1,9,3,3,23,7,2,3,8,6,3,26,5
"130460086",4,5,22,7,9,58,29,4,2,13,4,5,28,14,0,3,9,3,4,30,15
"130460087",3,4,12,17,12,73,35,0,2,8,9,4,36,17,3,2,4,8,8,37,18
"130460088",0,0,0,0,0,0,0,0,0,0,0,0,0,0,0,0,0,0,0,0,0
"130460089",5,7,10,6,3,25,7,2,3,5,3,0,11,3,3,4,5,3,3,14,4
"130460091",0,0,0,0,0,6,5,0,0,0,0,0,3,3,0,0,0,0,0,3,2
"130460092",4,7,14,11,19,74,31,3,3,5,6,10,35,11,1,4,9,5,9,39,20
"130460094",1,2,3,2,4,15,22,1,0,2,2,3,8,9,0,2,1,0,1,7,13
"130460095",7,7,19,13,6,45,29,5,3,11,5,3,20,14,2,4,8,8,3,25,15
"130460097",19,20,58,30,27,109,24,6,9,29,14,8,43,12,13,11,29,16,19,66,12
"130460098",4,3,7,6,8,34,14,3,2,4,3,5,17,6,1,1,3,3,3,17,8
"130460099",16,23,39,31,27,137,53,6,12,16,12,17,65,24,10,11,23,19,10,72,29
"130460101",20,13,35,27,27,99,27,8,6,25,11,11,51,13,12,7,10,16,16,48,14
"130460102",10,21,43,21,19,134,51,5,8,20,11,9,65,30,5,13,23,10,10,69,21
"130460103",8,10,20,12,7,78,27,3,6,10,6,3,34,15,5,4,10,6,4,44,12
"130460105",6,5,19,10,15,37,19,4,2,8,3,9,16,10,2,3,11,7,6,21,9
"130460107",0,0,1,0,0,3,4,0,0,0,0,0,1,2,0,0,1,0,0,2,2
"130460108",7,4,19,14,3,28,8,3,2,9,8,1,15,6,4,2,10,6,2,13,2
"130460109",5,6,13,6,13,53,23,2,1,6,2,8,27,13,3,5,7,4,5,26,10
"130460110",2,4,7,3,2,9,1,1,3,6,2,1,3,1,1,1,1,1,1,6,0
"130460112",0,3,0,1,0,11,9,0,2,0,1,0,5,5,0,1,0,0,0,6,4
"130460115",6,4,14,13,16,56,13,0,2,8,6,9,25,7,6,2,6,7,7,31,6
"130460117",2,1,8,1,8,26,2,1,1,3,1,6,12,1,1,0,5,0,2,14,1
"130460122",0,2,5,3,1,26,19,0,0,4,2,1,15,8,0,2,1,1,0,11,11
"130460123",5,5,16,5,10,55,9,4,0,6,3,5,25,6,1,5,10,2,5,30,3
"130460124",7,5,14,4,8,51,9,2,3,7,3,6,25,3,5,2,7,1,2,26,6
"130460125",1,1,5,3,6,41,30,0,0,0,1,3,18,16,1,1,5,2,3,23,14
"130460129",5,5,12,6,9,33,14,2,2,5,5,8,17,7,3,3,7,1,1,16,7
"130460130",0,0,0,0,0,0,0,0,0,0,0,0,0,0,0,0,0,0,0,0,0
"130460131",7,5,23,10,15,53,10,5,3,14,6,10,25,4,2,2,9,4,5,28,6
"130460133",15,10,24,22,25,84,25,10,5,16,11,15,42,13,5,5,8,11,10,42,12
"130460134",4,8,10,6,8,58,24,2,4,6,4,6,27,15,2,4,4,2,2,31,9
"130460135",6,1,8,8,7,37,22,3,1,6,4,4,19,14,3,0,2,4,3,18,8
"130460136",5,11,17,18,12,51,16,2,5,12,8,5,26,8,3,6,5,10,7,25,8
"130460137",0,2,4,0,5,11,0,0,0,3,0,4,4,0,0,2,1,0,1,7,0
"130460138",23,37,74,27,50,227,33,8,21,36,11,24,109,19,15,16,38,16,26,118,14
"130460142",0,0,0,1,0,2,3,0,0,0,0,0,1,2,0,0,0,1,0,1,1
"130460144",2,1,7,6,7,31,7,1,0,3,3,4,17,4,1,1,4,3,3,14,3
"130460145",0,1,3,1,3,14,3,0,0,0,0,1,6,1,0,1,3,1,2,8,2
"130460146",1,2,2,1,4,12,8,0,1,1,1,3,5,4,1,1,1,0,1,7,4
"130460147",27,25,43,33,27,146,27,18,13,20,19,10,74,10,9,12,23,14,17,72,17
"130460148",17,19,39,12,23,118,24,11,10,22,9,12,56,15,6,9,17,3,11,62,9
"130460150",0,0,0,0,0,0,0,0,0,0,0,0,0,0,0,0,0,0,0,0,0
"130460151",0,0,0,0,0,0,0,0,0,0,0,0,0,0,0,0,0,0,0,0,0
"130460152",0,1,0,0,1,7,1,0,0,0,0,1,4,1,0,1,0,0,0,3,0
"130460153",0,2,10,2,9,35,7,0,2,4,2,7,18,3,0,0,6,0,2,17,4
"130460154",0,0,0,0,0,0,0,0,0,0,0,0,0,0,0,0,0,0,0,0,0
"130460155",2,5,6,5,8,52,6,2,5,1,4,2,28,2,0,0,5,1,6,24,4
"130460156",2,2,6,1,1,12,4,1,1,5,0,0,6,2,1,1,1,1,1,6,2
"130460157",4,4,8,2,8,20,2,2,0,4,2,4,10,1,2,4,4,0,4,10,1
"130460158",0,0,2,0,0,5,1,0,0,1,0,0,3,1,0,0,1,0,0,2,0
"130460160",24,31,70,23,51,297,36,14,18,33,10,22,137,17,10,13,37,13,29,160,19
"130460162",0,0,0,0,0,0,0,0,0,0,0,0,0,0,0,0,0,0,0,0,0
"130460165",0,2,2,3,1,7,4,0,0,0,2,1,2,2,0,2,2,1,0,5,2
"130460167",0,0,0,0,0,0,0,0,0,0,0,0,0,0,0,0,0,0,0,0,0
"130460169",22,21,55,28,39,197,19,15,4,26,17,16,85,12,7,17,29,11,23,112,7
"130460170",4,6,8,2,5,26,4,2,5,3,0,2,13,3,2,1,5,2,3,13,1
"130460171",4,3,3,3,6,16,1,2,0,3,3,2,9,0,2,3,0,0,4,7,1
"130460173",0,0,2,2,3,4,2,0,0,1,1,1,2,1,0,0,1,1,2,2,1
"130460174",2,1,9,3,6,23,3,1,0,6,2,2,9,2,1,1,3,1,4,14,1
"130460175",2,0,2,1,0,8,1,1,0,1,0,0,5,1,1,0,1,1,0,3,0
"130460176",0,1,2,3,3,6,2,0,0,2,1,0,3,1,0,1,0,2,3,3,1
"130460178",3,5,16,7,7,48,15,3,4,9,3,4,21,7,0,1,7,4,3,27,8
"130460179",11,17,26,11,18,84,17,6,3,13,6,10,41,11,5,14,13,5,8,43,6
"130460180",0,1,2,1,0,9,0,0,1,1,0,0,4,0,0,0,1,1,0,5,0
"130460181",0,0,0,0,0,0,0,0,0,0,0,0,0,0,0,0,0,0,0,0,0
"130470001",22,25,61,24,36,275,97,8,10,28,13,15,125,45,14,15,33,11,21,150,52
"1304700010061",12,12,25,9,25,145,55,3,3,9,5,9,66,26,9,9,16,4,16,79,29
"1304700010076",7,10,27,13,10,110,38,3,5,14,7,5,50,16,4,5,13,6,5,60,22
"1304700010080",3,3,9,0,0,21,4,0,0,5,0,0,10,3,0,0,4,0,0,12,0
"1304700010095",0,0,0,0,0,0,0,0,0,0,0,0,0,0,0,0,0,0,0,0,0
"130470002",5,11,19,11,7,72,33,1,3,7,3,1,31,12,4,8,12,8,6,41,21
"130470003",10,10,14,4,17,49,10,6,6,10,2,4,24,6,4,4,4,2,13,25,4
"130470004",12,13,41,17,25,119,18,5,8,27,12,11,61,8,7,5,14,5,14,58,10
"130470005",1,1,4,1,4,9,9,0,1,1,1,2,3,5,1,0,3,0,2,6,4
"130470006",1,4,7,8,10,53,31,1,1,5,4,4,29,12,0,3,2,4,6,24,19
"130470007",2,4,9,8,5,36,12,1,2,6,2,2,17,5,1,2,3,6,3,19,7
"130470008",37,60,126,59,79,473,174,21,32,63,33,45,210,80,16,28,63,26,34,263,94
"130470009",0,0,0,0,0,0,0,0,0,0,0,0,0,0,0,0,0,0,0,0,0
"130470010",0,0,0,0,0,0,0,0,0,0,0,0,0,0,0,0,0,0,0,0,0
"130470012",3,2,1,1,4,15,17,3,2,0,0,2,7,6,0,0,1,1,2,8,11
"130470013",14,12,18,7,19,90,53,7,6,7,3,9,41,22,7,6,11,4,10,49,31
"130470014",8,11,17,7,13,75,17,3,2,6,4,8,33,9,5,9,11,3,5,42,8
"130470015",9,19,43,22,25,140,50,4,9,17,9,12,63,23,5,10,26,13,13,77,27
"130470016",0,0,0,0,0,0,0,0,0,0,0,0,0,0,0,0,0,0,0,0,0
"130470018",9,10,18,7,10,97,44,7,5,10,3,4,41,20,2,5,8,4,6,56,24
"130470019",5,11,13,8,17,76,20,2,5,6,4,7,29,7,3,6,7,4,10,47,13
"130470020",8,13,23,14,8,95,47,5,4,11,7,2,42,22,3,9,12,7,6,53,25
"130470021",6,13,19,3,10,85,26,5,8,10,2,3,36,13,1,5,9,1,7,49,13
"130470022",1,2,6,3,13,59,33,1,0,4,0,6,30,13,0,2,2,3,7,29,20
"130470023",27,24,64,32,43,279,126,15,10,40,13,25,135,63,12,14,24,19,18,144,63
"130470024",3,1,1,0,2,6,9,2,1,1,0,0,1,4,1,0,0,0,2,5,5
"130470025",0,1,3,2,3,11,11,0,1,0,1,1,4,5,0,0,3,1,2,7,6
"130470026",5,9,11,2,12,40,17,4,3,5,1,8,19,11,1,6,6,1,4,21,6
"130470030",0,3,4,1,2,23,14,0,2,4,1,2,7,6,0,1,0,0,0,16,8
"130470032",0,0,0,0,0,2,4,0,0,0,0,0,2,3,0,0,0,0,0,0,1
"130470033",0,0,3,0,0,8,4,0,0,0,0,0,5,1,0,0,3,0,0,3,3
"130470034",0,2,3,1,0,7,2,0,2,3,0,0,1,2,0,0,0,1,0,6,0
"130470035",3,2,6,4,3,31,20,0,1,3,2,1,18,8,3,1,3,2,2,13,12
"130470039",0,1,0,0,1,9,2,0,1,0,0,0,4,1,0,0,0,0,1,5,1
"130470040",0,0,0,0,0,0,0,0,0,0,0,0,0,0,0,0,0,0,0,0,0
"130480001",10190,12787,24328,13259,24186,169576,41307,5138,6543,12377,6588,12149,79487,18162,5052,6244,11951,6671,12037,90089,23145
"130480001004A",36,59,124,87,160,1280,690,17,35,70,44,86,620,281,19,24,54,43,74,660,409
"1304800010054",78,96,158,88,199,1478,575,42,53,70,48,95,697,231,36,43,88,40,104,781,344
"1304800010069",81,130,219,124,231,1539,589,46,75,112,54,122,728,249,35,55,107,70,109,811,340
"1304800010105",45,73,155,77,169,1297,576,21,47,80,38,80,601,257,24,26,75,39,89,696,319
"130480001011A",34,42,101,41,76,815,390,13,28,55,20,37,382,160,21,14,46,21,39,433,230
"1304800010124",23,38,92,31,106,883,417,12,18,47,16,64,381,174,11,20,45,15,42,502,243
"1304800010139",27,39,62,25,65,582,326,17,21,25,10,31,241,114,10,18,37,15,34,341,212
"1304800010143",67,102,156,75,163,1140,426,33,55,85,43,90,534,175,34,47,71,32,73,606,251
"1304800010158",119,124,227,121,223,1608,552,60,65,115,61,114,757,216,59,59,112,60,109,851,336
"1304800010162",155,202,428,228,395,2902,867,80,103,205,105,175,1333,389,75,99,223,123,220,1569,478
"1304800010177",52,66,169,100,212,1531,919,16,36,100,62,98,704,398,36,30,69,38,114,827,521
"1304800010196",39,36,75,48,79,824,373,22,16,41,28,40,383,144,17,20,34,20,39,441,229
"1304800010209",30,40,71,39,57,640,465,15,24,33,20,26,291,166,15,16,38,19,31,349,299
"1304800010213",11,30,66,59,70,613,391,3,13,45,34,42,269,138,8,17,21,25,28,344,253
"1304800010228",44,81,139,95,155,1245,585,26,40,68,40,76,561,254,18,41,71,55,79,684,331
"1304800010247",22,33,45,22,64,523,312,12,15,21,10,31,245,124,10,18,24,12,33,278,188
"1304800010251",60,66,125,87,166,1325,694,31,30,54,30,84,608,264,29,36,71,57,82,717,430
"1304800010285",47,59,142,77,131,1276,677,21,33,71,34,63,585,279,26,26,71,43,68,691,398
"1304800010355",35,58,112,46,105,971,427,15,25,60,24,58,425,183,20,33,52,22,47,546,244
"130480001036A",64,79,150,97,165,1107,319,37,38,83,50,87,509,142,27,41,67,47,78,598,177
"1304800010389",107,146,243,133,245,1788,449,57,56,118,58,130,792,207,50,90,125,75,115,996,242
"1304800010406",107,140,252,146,226,1849,398,55,71,127,71,103,848,190,52,69,125,75,123,1001,208
"1304800010425",37,46,94,42,111,899,463,27,19,57,23,49,406,232,10,27,37,19,62,493,231
"1304800010444",25,51,76,53,110,766,466,18,27,42,23,65,362,196,7,24,34,30,45,404,270
"1304800010478",153,179,365,199,360,3161,527,70,99,197,114,175,1445,221,83,80,168,85,185,1716,306
"1304800010529",50,51,152,87,160,1035,180,26,25,65,34,60,473,90,24,26,87,53,100,562,90
"1304800010548",15,19,38,19,12,109,0,8,11,18,6,8,54,0,7,8,20,13,4,55,0
"1304800010586",45,70,146,113,158,1104,312,21,45,72,52,77,520,147,24,25,74,61,81,584,165
"1304800010590",67,118,216,120,203,1720,370,39,58,109,65,108,797,147,28,60,107,55,95,923,223
"1304800010603",61,75,134,72,133,1317,312,38,39,64,36,69,623,137,23,36,70,36,64,694,175
"1304800010618",114,132,252,133,242,1856,518,51,64,111,65,132,835,238,63,68,141,68,110,1021,280
"1304800010622",64,94,162,115,207,1457,196,31,50,84,47,110,677,96,33,44,78,68,97,780,100
"1304800010694",33,39,99,49,68,346,62,18,20,47,23,38,172,22,15,19,52,26,30,174,40
"1304800010745",122,155,264,131,239,1590,290,63,59,150,58,121,757,130,59,96,114,73,118,833,160
"130480001075A",0,0,0,0,0,0,0,0,0,0,0,0,0,0,0,0,0,0,0,0,0
"1304800010764",93,120,216,121,222,1725,336,48,64,107,59,99,772,166,45,56,109,62,123,953,170
"1304800010779",25,17,55,36,70,458,115,9,11,32,23,31,211,55,16,6,23,13,39,247,60
"1304800010783",103,95,228,118,244,1621,356,56,44,109,54,131,768,158,47,51,119,64,113,853,198
"1304800010815",61,67,142,71,105,1005,365,31,26,84,30,48,471,132,30,41,58,41,57,534,233
"130480001082A",104,109,203,99,200,1247,291,54,56,98,56,92,608,133,50,53,105,43,108,639,158
"1304800010834",58,87,116,65,133,765,151,35,50,63,19,52,348,61,23,37,53,46,81,417,90
"1304800010849",48,69,91,64,121,569,124,28,33,48,40,62,274,48,20,36,43,24,59,295,76
"1304800010853",57,106,223,117,173,1073,269,27,58,113,60,86,488,117,30,48,110,57,87,585,152
"1304800010868",63,83,158,71,132,994,288,37,38,78,33,59,462,127,26,45,80,38,73,532,161
"1304800010872",34,46,87,41,69,585,199,17,23,46,22,42,273,76,17,23,41,19,27,312,123
"1304800010891",77,90,192,101,212,1053,259,37,54,106,50,105,488,111,40,36,86,51,107,565,148
"1304800010904",71,99,194,88,147,889,177,38,48,97,31,79,397,73,33,51,97,57,68,492,104
"1304800010919",98,97,227,101,251,1968,629,55,47,109,46,130,882,259,43,50,118,55,121,1086,370
"1304800010923",48,110,202,112,174,1570,516,27,60,114,60,91,717,241,21,50,88,52,83,853,275
"1304800010938",40,45,114,52,105,817,236,21,27,64,25,47,362,110,19,18,50,27,58,455,126
"1304800010942",93,90,204,93,184,1627,624,56,47,107,59,89,733,253,37,43,97,34,95,894,371
"1304800010957",38,34,66,48,85,651,266,16,12,33,33,42,291,109,22,22,33,15,43,360,157
"1304800010961",67,70,139,78,139,1223,376,32,40,64,37,64,584,177,35,30,75,41,75,639,199
"1304800010976",57,55,104,57,106,871,330,32,27,52,27,49,407,147,25,28,52,30,57,464,183
"1304800010980",87,114,210,128,216,1487,475,45,61,100,64,96,650,221,42,53,110,64,120,837,254
"1304800010995",189,178,379,205,323,2176,509,85,87,186,88,158,1020,245,104,91,193,117,165,1156,264
"130480001100A",135,174,250,142,281,1662,395,61,93,124,65,135,771,183,74,81,126,77,146,891,212
"1304800011048",94,99,187,116,186,1380,334,42,49,98,64,94,643,155,52,50,89,52,92,737,179
"1304800011052",193,214,324,137,234,2468,460,94,103,168,80,125,1115,178,99,111,156,57,109,1353,282
"1304800011067",82,94,216,102,173,992,198,37,48,117,51,81,461,98,45,46,99,51,92,531,100
"1304800011071",39,60,117,79,113,781,229,17,31,48,49,56,360,107,22,29,69,30,57,421,122
"1304800011090",70,100,177,118,167,1306,317,42,41,101,54,73,612,152,28,59,76,64,94,694,165
"1304800011118",88,118,216,128,197,1619,347,49,65,114,68,103,789,162,39,53,102,60,94,830,185
"1304800011122",98,112,211,111,237,1831,367,50,57,100,57,114,858,162,48,55,111,54,123,973,205
"1304800011137",66,97,185,97,173,1506,332,39,49,90,40,86,696,143,27,48,95,57,87,810,189
"1304800011156",96,123,222,145,236,1707,334,52,58,106,66,113,756,148,44,65,116,79,123,951,186
"130480001118A",44,83,131,70,106,825,259,22,40,69,41,58,403,105,22,43,62,29,48,422,154
"1304800011194",71,66,154,82,166,967,291,30,35,77,42,81,472,135,41,31,77,40,85,495,156
"1304800011245",142,149,289,151,226,1320,128,68,71,132,70,117,621,59,74,78,157,81,109,699,69
"1304800011264",53,59,130,67,137,928,121,31,27,64,32,79,426,52,22,32,66,35,58,502,69
"1304800011279",3,3,7,4,10,40,16,0,0,5,0,5,20,7,0,0,0,3,5,20,9
"1304800011283",0,9,15,8,23,90,13,0,0,5,3,12,39,7,0,7,10,5,11,51,6
"1304800011298",47,50,93,57,110,814,107,27,32,41,26,49,375,42,20,18,52,31,61,439,65
"1304800011300",14,32,70,45,84,546,125,8,20,36,22,33,246,56,6,12,34,23,51,300,69
"1304800011315",6,11,12,4,21,145,40,3,0,7,0,9,59,22,3,10,5,3,12,86,18
"1304800011349",26,16,39,16,42,203,11,11,8,19,7,24,98,7,15,8,20,9,18,105,4
"1304800011353",0,6,5,0,11,77,11,0,3,0,0,7,38,0,0,3,3,0,4,41,9
"1304800011372",21,32,63,55,99,690,149,14,21,34,28,45,310,77,7,11,29,27,54,380,72
"1304800011387",35,56,107,62,118,989,193,20,31,47,32,63,455,89,15,25,60,30,55,534,104
"1304800011391",35,58,89,71,130,854,150,14,34,34,38,67,383,63,21,24,55,33,63,471,87
"1304800011404",46,84,119,78,95,568,56,27,48,67,42,46,273,25,19,36,52,36,49,295,31
"1304800011419",135,159,305,150,253,1392,300,71,86,142,76,128,624,139,64,73,163,74,125,768,161
"1304800011423",21,12,30,22,43,309,78,10,5,15,8,21,145,32,11,7,15,14,22,164,46
"1304800011438",67,84,162,86,181,1103,154,31,41,73,38,96,487,66,36,43,89,48,85,616,88
"1304800011442",24,26,48,13,46,338,64,10,16,29,10,18,162,32,14,10,19,3,28,176,32
"1304800011457",14,15,37,18,44,278,43,9,6,20,10,24,138,20,5,9,17,8,20,140,23
"1304800011476",17,14,32,31,52,289,26,9,6,19,7,23,133,14,8,8,13,24,29,156,12
"1304800011480",7,6,12,5,14,65,9,5,0,8,0,8,27,6,0,6,4,3,6,38,3
"1304800011508",44,75,148,113,215,1464,283,22,49,72,65,107,646,122,22,26,76,48,108,818,161
"1304800011512",22,42,72,52,80,538,98,10,23,44,22,34,267,49,12,19,28,30,46,271,49
"1304800011527",70,80,172,100,231,1494,370,36,45,77,48,106,658,161,34,35,95,52,125,836,209
"1304800011531",82,131,217,112,260,1617,564,40,70,108,56,128,729,248,42,61,109,56,132,888,316
"1304800011546",46,78,116,56,138,1058,464,19,33,67,29,76,470,204,27,45,49,27,62,588,260
"1304800011550",16,19,37,19,59,327,78,7,9,23,11,33,159,39,9,10,14,8,26,168,39
"1304800011565",74,88,165,106,177,1130,270,36,48,87,57,90,543,118,38,40,78,49,87,587,152
"1304800011599",130,119,233,135,259,1357,242,51,61,127,65,131,658,108,79,58,106,70,128,699,134
"1304800011601",106,133,198,102,167,1047,150,58,80,94,54,90,508,73,48,53,104,48,77,539,77
"1304800011847",0,0,0,0,0,0,0,0,0,0,0,0,0,0,0,0,0,0,0,0,0
"1304800011917",25,22,49,24,51,262,16,14,13,23,12,17,129,9,11,9,26,12,34,133,7
"1304800011921",17,18,32,15,35,280,38,10,9,12,7,18,130,20,7,9,20,8,17,150,18
"1304800011936",34,62,139,103,179,1146,162,15,29,78,52,89,521,73,19,33,61,51,90,625,89
"1304800011940",96,96,216,124,225,1486,232,41,50,105,68,113,706,107,55,46,111,56,112,780,125
"1304800011955",63,47,85,42,140,815,87,32,21,45,24,70,376,33,31,26,40,18,70,439,54
"130480001196A",96,97,195,100,227,1153,126,36,45,98,51,110,545,60,60,52,97,49,117,608,66
"1304800011974",33,48,86,44,108,828,81,16,21,43,19,46,372,36,17,27,43,25,62,456,45
"1304800011989",88,127,236,114,189,1047,110,49,59,112,45,87,519,54,39,68,124,69,102,528,56
"1304800011993",78,75,150,108,199,1216,112,39,39,83,48,98,561,47,39,36,67,60,101,655,65
"1304800012008",64,77,162,93,141,1091,144,28,40,84,44,79,523,74,36,37,78,49,62,568,70
"1304800012031",25,20,57,28,64,424,78,11,11,26,10,33,204,32,14,9,31,18,31,220,46
"1304800012046",35,38,75,64,83,593,91,18,16,40,32,41,287,39,17,22,35,32,42,306,52
"1304800012050",19,36,74,36,61,375,50,10,21,43,14,28,174,21,9,15,31,22,33,201,29
"1304800012101",65,84,157,106,221,1292,155,29,55,91,45,117,614,70,36,29,66,61,104,678,85
"1304800012116",28,50,85,57,116,702,85,16,30,38,22,66,339,37,12,20,47,35,50,363,48
"1304800012120",97,109,235,118,172,2766,206,47,50,133,48,89,2095,127,50,59,102,70,83,671,79
"1304800012135",69,102,196,121,161,1244,230,32,42,99,76,86,549,93,37,60,97,45,75,695,137
"130480001214A",73,53,140,84,157,1081,407,37,22,67,53,93,478,179,36,31,73,31,64,603,228
"1304800012154",59,63,183,77,150,994,262,37,36,105,39,83,473,117,22,27,78,38,67,521,145
"1304800012169",96,113,202,135,254,1433,261,51,60,101,64,125,681,115,45,53,101,71,129,752,146
"1304800012173",54,72,141,81,162,929,217,26,38,67,49,69,427,100,28,34,74,32,93,502,117
"1304800012188",60,62,136,67,164,1202,235,34,40,89,34,89,583,115,26,22,47,33,75,619,120
"1304800012192",92,105,255,143,363,2400,396,45,42,128,85,189,1097,179,47,63,127,58,174,1303,217
"1304800012239",4,13,14,8,13,121,29,0,5,9,6,7,47,11,0,8,5,0,6,74,18
"1304800012243",8,9,16,8,15,101,14,4,6,8,3,7,49,5,4,3,8,5,8,52,9
"1304800012258",4,8,7,5,5,50,6,0,3,3,0,0,27,3,0,5,4,3,3,25,3
"1304800012262",52,44,150,69,130,674,67,24,25,95,33,70,312,34,28,19,55,36,60,362,33
"1304800012313",3,5,14,5,7,62,10,3,3,7,0,4,26,6,0,0,7,3,3,36,4
"1304800012328",18,33,84,55,87,616,236,12,17,44,24,48,295,96,6,16,40,31,39,321,140
"1304800012332",37,33,78,41,111,647,179,16,17,41,12,69,304,79,21,16,37,29,42,343,100
"1304800012347",40,73,147,85,177,1206,337,17,37,71,40,92,577,169,23,36,76,45,85,629,168
"1304800012351",32,38,79,34,86,916,576,12,17,37,14,38,431,269,20,21,42,20,48,485,307
"1304800012366",55,71,150,75,143,1208,506,30,43,80,40,73,569,191,25,28,70,35,70,639,315
"1304800012370",35,42,84,28,63,627,367,18,24,43,22,34,289,145,17,18,41,6,29,338,222
"1304800012385",69,67,117,72,122,846,266,34,38,59,33,66,378,125,35,29,58,39,56,468,141
"130480001239A",44,46,102,54,89,692,113,14,25,55,31,43,322,57,30,21,47,23,46,370,56
"1304800012402",28,31,60,38,83,670,342,13,16,33,25,37,305,139,15,15,27,13,46,365,203
"1304800012417",18,14,21,16,47,355,181,10,7,7,5,30,157,67,8,7,14,11,17,198,114
"1304800012421",39,40,69,40,81,496,115,17,21,35,21,32,227,58,22,19,34,19,49,269,57
"1304800012436",28,27,45,23,33,248,48,16,12,23,13,16,112,17,12,15,22,10,17,136,31
"1304800012440",46,55,89,69,93,591,137,29,30,43,35,39,285,58,17,25,46,34,54,306,79
"1304800012455",17,29,43,24,50,285,42,8,16,23,13,21,146,21,9,13,20,11,29,139,21
"130480001246A",10,12,16,9,23,110,16,10,5,9,6,12,61,9,0,7,7,3,11,49,7
"1304800012474",59,71,157,91,125,870,122,23,39,76,39,74,416,57,36,32,81,52,51,454,65
"1304800012489",16,30,29,14,39,195,26,9,16,18,7,20,96,9,7,14,11,7,19,99,17
"1304800012493",76,109,194,101,165,1191,188,39,61,94,66,88,577,95,37,48,100,35,77,614,93
"1304800012506",70,88,141,57,144,735,122,42,39,67,29,70,342,71,28,49,74,28,74,393,51
"1304800012510",54,69,131,54,99,611,105,32,34,63,25,57,287,53,22,35,68,29,42,324,52
"1304800012525",41,51,112,49,81,456,94,20,27,61,20,41,209,46,21,24,51,29,40,247,48
"130480001253A",67,86,176,68,137,732,87,32,42,93,35,66,339,44,35,44,83,33,71,393,43
"1304800012544",66,72,134,72,124,811,119,29,45,75,42,59,398,60,37,27,59,30,65,413,59
"1304800012559",38,29,55,36,53,280,31,19,14,28,12,25,136,16,19,15,27,24,28,144,15
"1304800012563",91,117,171,105,178,1010,111,51,57,88,56,100,482,57,40,60,83,49,78,528,54
"1304800012578",31,38,64,38,85,355,34,17,15,33,17,47,180,17,14,23,31,21,38,175,17
"1304800012582",72,85,137,82,150,754,86,32,49,74,36,77,358,44,40,36,63,46,73,396,42
"130480001260A",23,34,56,25,56,328,42,13,16,19,14,33,159,22,10,18,37,11,23,169,20
"1304800012614",10,10,24,11,25,144,25,6,7,12,5,19,59,14,4,3,12,6,6,85,11
"1304800012629",35,32,89,50,74,432,62,21,12,52,25,36,205,24,14,20,37,25,38,227,38
"1304800012633",57,71,128,69,115,540,46,24,37,68,28,51,269,17,33,34,60,41,64,271,29
"1304800012648",154,202,364,190,338,1788,162,72,91,175,94,167,854,74,82,111,189,96,171,934,88
"1304800012652",159,247,432,258,352,1887,198,86,112,225,138,176,871,105,73,135,207,120,176,1016,93
"1304800012667",135,190,347,171,307,1613,155,69,111,184,88,175,746,73,66,79,163,83,132,867,82
"1304800012722",6,0,12,3,6,60,12,0,0,4,0,3,32,7,4,0,8,0,3,28,5
"1304800012737",43,49,72,50,62,413,75,21,24,40,25,32,197,32,22,25,32,25,30,216,43
"1304800012741",20,34,96,58,78,650,201,9,13,54,42,37,298,98,11,21,42,16,41,352,103
"1304800012756",7,18,36,11,20,169,39,5,11,17,5,8,76,13,0,7,19,6,12,93,26
"1304800012760",34,31,66,43,76,441,97,18,17,35,24,44,195,40,16,14,31,19,32,246,57
"1304800012775",31,53,88,50,74,541,79,12,29,44,28,36,251,39,19,24,44,22,38,290,40
"130480001278A",7,11,21,15,23,130,23,6,7,13,7,13,67,11,0,4,8,8,10,63,12
"1304800012794",0,0,0,4,0,9,0,0,0,0,0,0,4,0,0,0,0,4,0,5,0
"1304800012807",30,37,47,26,40,251,23,17,15,26,15,22,126,9,13,22,21,11,18,125,14
"1304800012811",44,49,89,33,70,358,37,22,27,37,11,38,157,22,22,22,52,22,32,201,15
"1304800012826",0,5,12,5,4,74,41,0,0,3,0,0,37,17,0,3,9,3,0,41,24
"1304800012830",13,20,40,16,33,250,107,6,8,26,11,14,124,38,7,12,14,5,19,126,69
"1304800012845",78,130,303,133,231,1599,241,38,65,155,71,120,745,120,40,65,148,62,111,854,121
"130480001285A",49,66,132,59,135,802,133,27,34,63,31,76,367,55,22,32,69,28,59,435,78
"1304800012864",0,4,6,8,9,43,3,0,3,0,4,4,22,0,0,0,4,4,5,24,0
"1304800012883",25,38,66,40,59,308,26,13,22,35,20,25,140,9,12,16,31,20,34,168,17
"1304800012915",63,63,79,40,86,669,95,32,31,45,21,43,315,46,31,32,34,19,43,354,49
"130480001292A",98,127,247,118,209,1533,123,59,69,116,60,94,711,61,39,58,131,58,115,822,62
"1304800012934",74,127,181,81,117,1128,112,32,67,80,45,68,525,49,42,60,101,36,49,603,63
"1304800012949",0,0,0,0,0,12,0,0,0,0,0,0,7,0,0,0,0,0,0,5,0
"1304800012953",8,7,23,11,21,110,21,0,3,12,6,11,47,13,7,4,11,5,10,63,8
"1304800012968",0,0,0,0,0,0,0,0,0,0,0,0,0,0,0,0,0,0,0,0,0
"1304800012972",21,29,63,21,26,310,37,10,18,29,6,13,145,23,11,11,34,15,13,165,14
"1304800013006",0,3,0,0,3,16,4,0,0,0,0,0,10,0,0,0,0,0,0,10,3
"1304800013010",29,18,61,9,44,270,13,8,11,36,4,26,123,5,21,7,25,5,18,147,8
"1304800013025",23,24,44,20,31,159,17,16,10,20,7,17,73,7,7,14,24,13,14,86,10
"130480001303A",27,28,35,17,20,299,25,15,14,21,8,7,133,12,12,14,14,9,13,166,13
"1304800013044",11,22,28,13,32,136,12,7,11,15,5,15,59,6,4,11,13,8,17,77,6
"1304800013059",3,8,19,6,11,80,11,0,0,7,0,6,37,5,0,6,12,5,5,43,6
"1304800013063",37,34,75,36,54,514,45,21,26,30,10,23,246,19,16,8,45,26,31,268,26
"1304800013078",102,133,195,76,146,1303,86,44,67,95,38,73,608,39,58,66,100,38,73,695,47
"1304800013082",5,4,10,6,13,59,10,0,0,6,5,7,30,4,5,0,4,0,6,29,6
"1304800013097",6,6,13,14,12,73,11,0,0,5,7,5,35,3,4,5,8,7,7,38,8
"130480001310A",47,68,99,46,68,558,67,27,26,56,21,31,263,34,20,42,43,25,37,295,33
"1304800013114",53,85,128,72,144,894,76,23,47,59,35,77,422,34,30,38,69,37,67,472,42
"1304800013129",23,20,55,21,31,285,37,9,6,28,14,17,132,18,14,14,27,7,14,153,19
"130480148",12,9,39,22,21,179,33,7,6,17,11,13,82,15,5,3,22,11,8,97,18
"130480149",96,118,196,99,210,906,117,50,52,107,43,112,439,51,46,66,89,56,98,467,66
"130480150",60,110,196,104,176,1126,242,30,49,98,60,96,538,106,30,61,98,44,80,588,136
"130480153",171,182,372,193,335,1816,224,68,88,195,97,169,853,102,103,94,177,96,166,963,122
"1304801532898",47,60,119,52,97,559,103,15,27,68,27,50,260,52,32,33,51,25,47,299,51
"1304801532900",121,116,245,139,233,1228,120,52,58,125,69,117,580,49,69,58,120,70,116,648,71
"1304801532991",3,6,8,0,5,30,0,0,3,0,0,0,16,0,0,3,6,0,3,16,0
"130480154",4,4,9,6,8,47,5,2,3,3,2,6,23,3,2,1,6,4,2,24,2
"130480158",205,250,458,249,439,2580,531,94,120,226,131,207,1236,258,111,130,232,118,232,1344,273
"1304801580571",0,4,19,3,9,45,5,0,0,10,0,5,23,3,0,0,9,0,4,24,0
"1304801580656",0,0,0,0,0,0,0,0,0,0,0,0,0,0,0,0,0,0,0,0,0
"1304801580711",0,0,3,0,3,13,0,0,0,0,0,0,7,0,0,0,0,0,0,9,0
"1304801582686",40,46,118,63,94,516,89,17,27,56,34,43,247,43,23,19,62,29,51,269,46
"1304801582690",91,93,146,78,131,928,177,43,38,77,39,62,436,86,48,55,69,39,69,492,91
"1304801582703",29,33,72,41,79,465,146,14,17,34,17,43,221,70,15,16,38,24,36,244,76
"1304801582718",40,72,97,60,117,600,110,19,35,45,37,49,298,54,21,37,52,23,68,302,56
"1304801582987",3,0,0,0,4,15,0,0,0,0,0,4,6,0,0,0,0,0,0,9,0
"130480193",84,100,191,88,202,880,117,48,38,105,48,107,431,58,36,62,86,40,95,449,59
"130480207",0,0,1,4,4,9,1,0,0,1,2,0,4,0,0,0,0,2,4,5,1
"130480214",0,0,0,0,0,3,9,0,0,0,0,0,1,3,0,0,0,0,0,2,6
"130480215",14,15,35,13,22,136,33,9,8,18,6,12,63,16,5,7,17,7,10,73,17
"130480217",25,39,62,30,63,361,50,13,14,26,18,34,171,24,12,25,36,12,29,190,26
"130480220",4,1,8,6,4,34,7,1,0,6,5,1,13,3,3,1,2,1,3,21,4
"130480234",15,10,24,11,20,92,14,12,5,10,6,12,48,10,3,5,14,5,8,44,4
"130480235",6,10,7,5,8,49,5,3,6,4,1,3,25,3,3,4,3,4,5,24,2
"130480236",3,3,16,2,7,35,6,1,2,1,2,7,17,4,2,1,15,0,0,18,2
"130480239",1,0,1,0,0,7,0,1,0,1,0,0,4,0,0,0,0,0,0,3,0
"130480242",0,0,0,0,0,0,0,0,0,0,0,0,0,0,0,0,0,0,0,0,0
"130480244",3,7,21,11,13,72,18,2,4,12,7,9,38,8,1,3,9,4,4,34,10
"130480246",1,1,2,3,1,10,5,0,1,2,0,0,5,3,1,0,0,3,1,5,2
"130480247",1,1,0,2,3,16,2,0,0,0,2,2,6,2,1,1,0,0,1,10,0
"130480248",13,16,27,21,20,168,18,11,11,8,10,11,75,13,2,5,19,11,9,93,5
"130480251",12,11,23,9,13,89,7,5,7,11,6,4,41,6,7,4,12,3,9,48,1
"130480252",3,4,7,4,10,42,8,3,0,3,3,6,23,2,0,4,4,1,4,19,6
"130480253",5,7,23,13,15,73,16,1,6,14,3,8,34,9,4,1,9,10,7,39,7
"130480254",0,1,2,1,1,6,0,0,0,0,0,1,4,0,0,1,2,1,0,2,0
"130480255",16,21,47,21,18,156,11,7,11,22,8,9,75,8,9,10,25,13,9,81,3
"130480256",1,1,3,3,2,8,0,0,1,2,1,1,4,0,1,0,1,2,1,4,0
"130480257",7,3,0,2,4,45,2,2,2,0,1,2,21,1,5,1,0,1,2,24,1
"130480258",0,4,4,2,4,11,2,0,3,1,0,1,5,0,0,1,3,2,3,6,2
"130480259",0,0,0,0,0,0,0,0,0,0,0,0,0,0,0,0,0,0,0,0,0
"130490001",127,187,292,133,216,1164,309,67,101,144,68,112,516,143,60,86,148,65,104,648,166
"1304900010047",52,74,125,62,78,430,106,25,36,60,27,38,192,46,27,38,65,35,40,238,60
"1304900010051",58,87,130,62,117,603,166,32,51,66,34,62,265,76,26,36,64,28,55,338,90
"1304900010066",9,15,19,6,15,69,17,6,9,10,5,8,28,9,3,6,9,0,7,41,8
"1304900010070",0,0,0,0,0,13,5,0,0,0,0,0,7,3,0,0,0,0,0,8,0
"1304900010085",7,10,16,0,4,51,15,3,4,8,0,3,25,9,4,6,8,0,0,27,6
"130490003",9,8,18,10,17,47,16,3,2,11,7,9,22,7,6,6,7,3,8,25,9
"130490004",90,94,143,87,102,413,96,43,51,75,45,41,196,46,47,43,68,42,61,217,50
"130490005",76,83,131,80,102,291,75,40,39,69,42,47,118,47,36,44,62,38,55,173,28
"130490006",48,43,93,52,73,256,86,26,19,50,30,38,120,46,22,24,43,22,35,136,40
"130490007",30,28,51,31,39,168,53,18,13,26,15,24,76,31,12,15,25,16,15,92,22
"130490008",27,24,67,19,33,167,58,14,12,26,12,11,79,30,13,12,41,7,22,88,28
"130490009",15,9,17,9,17,61,25,8,4,10,4,8,28,11,7,5,7,5,9,33,14
"130490010",22,14,37,20,27,97,37,13,5,17,13,11,43,24,9,9,20,7,16,54,13
"130490011",11,11,21,11,16,61,17,2,6,10,7,8,25,9,9,5,11,4,8,36,8
"130490012",9,14,12,12,12,65,24,8,9,7,7,4,34,14,1,5,5,5,8,31,10
"130490013",0,0,0,0,0,0,0,0,0,0,0,0,0,0,0,0,0,0,0,0,0
"130490014",8,17,35,9,17,62,16,5,9,14,5,10,28,8,3,8,21,4,7,34,8
"130490015",18,26,32,15,25,132,41,9,18,16,8,12,59,22,9,8,16,7,13,73,19
"130490016",64,74,128,47,78,458,150,37,36,69,24,41,220,81,27,38,59,23,37,238,69
"130490017",33,36,53,19,46,169,39,19,25,21,13,22,75,20,14,11,32,6,24,94,19
"130490018",6,6,3,4,3,17,12,3,3,1,2,2,8,6,3,3,2,2,1,9,6
"130490019",44,51,98,51,51,160,39,24,25,54,28,30,69,20,20,26,44,23,21,91,19
"130490020",9,11,21,5,6,62,33,6,5,9,1,0,33,18,3,6,12,4,6,29,15
"130490021",5,10,17,6,6,39,11,1,3,7,3,3,16,7,4,7,10,3,3,23,4
"130490022",31,29,48,18,33,143,28,9,15,25,9,16,68,17,22,14,23,9,17,75,11
"130490023",66,78,111,55,83,300,83,30,43,58,24,35,141,47,36,35,53,31,48,159,36
"130490024",22,37,58,43,36,189,63,11,18,20,22,12,78,40,11,19,38,21,24,111,23
"130490025",6,7,15,7,10,62,15,1,3,7,4,5,28,7,5,4,8,3,5,34,8
"130490026",29,25,43,28,36,118,51,20,6,24,17,13,45,28,9,19,19,11,23,73,23
"130490027",7,10,14,10,16,62,21,2,6,7,7,11,28,10,5,4,7,3,5,34,11
"130490028",13,9,23,7,14,91,22,3,5,12,1,9,46,11,10,4,11,6,5,45,11
"130490029",34,49,75,44,57,256,85,19,27,38,20,27,116,53,15,22,37,24,30,140,32
"130490030",6,3,3,6,5,34,20,3,2,1,2,4,17,7,3,1,2,4,1,17,13
"130490031",7,7,8,8,10,39,10,4,5,6,5,6,17,4,3,2,2,3,4,22,6
"130490032",0,0,0,0,3,6,3,0,0,0,0,2,3,2,0,0,0,0,1,3,1
"130490033",17,22,33,15,22,125,46,11,11,20,11,12,57,28,6,11,13,4,10,68,18
"130490034",33,53,58,33,53,238,66,17,17,31,19,27,102,35,16,36,27,14,26,136,31
"130490035",4,7,14,8,5,61,27,2,3,8,4,1,30,13,2,4,6,4,4,31,14
"130490036",2,4,10,6,5,35,19,1,3,5,3,3,22,11,1,1,5,3,2,13,8
"130490037",18,21,33,17,12,80,26,9,16,16,10,8,29,14,9,5,17,7,4,51,12
"130490038",26,22,35,26,20,141,39,15,15,19,14,13,68,19,11,7,16,12,7,73,20
"130490039",74,68,126,64,87,421,127,32,36,61,33,39,178,71,42,32,65,31,48,243,56
"130490040",29,35,47,25,38,135,64,17,24,21,14,19,49,37,12,11,26,11,19,86,27
"130490041",24,25,60,24,32,141,51,15,11,33,10,11,51,27,9,14,27,14,21,90,24
"130490042",11,27,42,27,17,142,61,5,16,25,13,7,66,38,6,11,17,14,10,76,23
"130490043",41,39,71,45,49,238,79,21,26,42,26,32,99,49,20,13,29,19,17,139,30
"130490044",10,16,17,11,20,51,17,4,9,8,5,10,20,8,6,7,9,6,10,31,9
"130490045",27,24,24,16,25,96,23,13,11,12,7,14,42,14,14,13,12,9,11,54,9
"130490046",0,2,0,0,1,12,7,0,1,0,0,0,4,1,0,1,0,0,1,8,6
"130490047",9,15,24,11,26,89,33,5,8,18,7,9,40,20,4,7,6,4,17,49,13
"130490048",4,8,12,7,11,46,17,1,6,5,4,5,17,10,3,2,7,3,6,29,7
"130490050",2,2,2,2,5,17,5,0,2,2,2,1,8,3,2,0,0,0,4,9,2
"130490052",0,4,2,1,0,9,7,0,3,0,1,0,4,3,0,1,2,0,0,5,4
"130490053",1,2,6,0,4,14,3,1,1,4,0,1,5,2,0,1,2,0,3,9,1
"130490054",0,0,0,0,0,0,0,0,0,0,0,0,0,0,0,0,0,0,0,0,0
"130490055",1,1,2,0,5,7,3,0,1,2,0,2,3,1,1,0,0,0,3,4,2
"130490056",1,0,7,2,1,6,4,0,0,5,2,1,2,2,1,0,2,0,0,4,2
"130490057",0,0,0,0,0,0,0,0,0,0,0,0,0,0,0,0,0,0,0,0,0
"130490059",5,13,17,6,12,43,15,2,7,10,5,4,20,9,3,6,7,1,8,23,6
"130490060",0,0,0,0,0,0,0,0,0,0,0,0,0,0,0,0,0,0,0,0,0
"130490061",4,1,6,1,5,10,4,3,1,2,1,3,3,2,1,0,4,0,2,7,2
"130490062",0,0,2,0,1,5,3,0,0,1,0,0,4,2,0,0,1,0,1,1,1
"130490064",2,4,3,3,5,16,6,1,1,1,2,3,6,5,1,3,2,1,2,10,1
"130490065",0,0,0,0,0,0,0,0,0,0,0,0,0,0,0,0,0,0,0,0,0
"130490067",4,3,4,4,5,18,4,3,1,3,2,1,11,2,1,2,1,2,4,7,2
"130490069",2,1,4,2,4,14,2,0,0,3,1,1,6,0,2,1,1,1,3,8,2
"130490070",4,3,14,10,7,28,11,4,2,7,5,6,17,6,0,1,7,5,1,11,5
"130490071",19,29,48,27,24,114,35,5,18,26,13,16,36,20,14,11,22,14,8,78,15
"130490072",0,0,0,0,0,0,0,0,0,0,0,0,0,0,0,0,0,0,0,0,0
"130490075",3,7,10,6,5,25,6,0,3,5,3,5,12,4,3,4,5,3,0,13,2
"130490076",7,21,26,15,13,74,19,1,13,12,8,6,27,14,6,8,14,7,7,47,5
"130490077",13,5,23,13,15,52,20,1,3,10,7,7,22,11,12,2,13,6,8,30,9
"130490078",4,8,14,5,13,33,4,2,2,6,4,8,16,1,2,6,8,1,5,17,3
"130490079",0,0,0,0,1,5,2,0,0,0,0,0,2,1,0,0,0,0,1,3,1
"130490080",17,21,31,13,8,70,6,9,9,9,4,2,32,4,8,12,22,9,6,38,2
"130490081",3,0,3,0,1,16,4,1,0,2,0,0,7,2,2,0,1,0,1,9,2
"130490082",0,0,0,0,0,0,0,0,0,0,0,0,0,0,0,0,0,0,0,0,0
"130490084",0,0,0,0,0,0,0,0,0,0,0,0,0,0,0,0,0,0,0,0,0
"130490085",0,1,2,3,2,9,4,0,0,0,3,1,3,2,0,1,2,0,1,6,2
"130490087",13,5,19,6,7,46,11,7,2,12,4,6,21,7,6,3,7,2,1,25,4
"130500001",676,788,1718,830,1441,9669,2593,334,392,867,389,692,4490,1142,342,396,851,441,749,5179,1451
"1305000010048",129,154,333,172,279,2086,695,57,66,170,79,138,950,297,72,88,163,93,141,1136,398
"1305000010052",249,232,530,250,447,2911,699,125,125,263,113,218,1385,312,124,107,267,137,229,1526,387
"1305000010067",85,135,261,121,255,1418,311,43,72,124,57,117,662,141,42,63,137,64,138,756,170
"1305000010071",14,10,38,15,26,171,37,7,4,19,10,11,76,18,7,6,19,5,15,95,19
"1305000010090",150,180,383,188,301,2199,635,77,94,201,86,144,1020,277,73,86,182,102,157,1179,358
"1305000010103",47,74,173,84,132,875,215,24,28,90,44,63,394,97,23,46,83,40,69,481,118
"1305000010137",0,3,0,0,0,11,0,0,3,0,0,0,4,0,0,0,0,0,0,7,0
"130500002",2,5,7,5,11,50,13,2,2,3,3,4,28,6,0,3,4,2,7,22,7
"130500003",112,175,288,136,219,1442,295,56,96,140,67,114,672,132,56,79,148,69,105,770,163
"1305000030118",62,94,148,73,124,800,143,29,53,68,33,59,368,62,33,41,80,40,65,432,81
"1305000030122",50,81,140,63,95,642,152,27,43,72,34,55,304,70,23,38,68,29,40,338,82
"130500004",0,0,0,0,0,0,0,0,0,0,0,0,0,0,0,0,0,0,0,0,0
"130500005",3,2,1,1,2,14,4,1,1,1,0,2,5,2,2,1,0,1,0,9,2
"130500006",4,5,6,8,5,37,12,3,0,4,4,4,19,5,1,5,2,4,1,18,7
"130500008",10,10,26,11,15,93,14,7,5,12,5,6,45,9,3,5,14,6,9,48,5
"130500010",13,12,21,12,15,130,26,6,6,14,8,9,65,14,7,6,7,4,6,65,12
"130500011",2,12,14,7,10,86,19,1,6,8,2,4,38,10,1,6,6,5,6,48,9
"130500012",55,97,137,63,133,662,113,22,46,66,33,68,307,51,33,51,71,30,65,355,62
"130500013",1,2,7,4,3,28,4,1,1,3,3,3,11,2,0,1,4,1,0,17,2
"130500015",21,37,72,23,34,288,56,10,24,34,11,18,142,27,11,13,38,12,16,146,29
"130500016",0,1,1,0,1,8,0,0,0,1,0,0,3,0,0,1,0,0,1,5,0
"130500018",1,3,1,0,0,11,1,1,2,0,0,0,6,0,0,1,1,0,0,5,1
"130500019",2,1,2,0,1,9,1,1,1,0,0,0,3,0,1,0,2,0,1,6,1
"130500020",1,0,0,0,1,11,3,0,0,0,0,0,8,2,1,0,0,0,1,3,1
"130500021",2,1,3,0,0,9,3,1,1,3,0,0,3,2,1,0,0,0,0,6,1
"130500022",6,8,12,9,15,54,23,3,3,6,6,7,23,13,3,5,6,3,8,31,10
"130500023",16,19,44,15,35,180,23,9,9,27,5,19,81,9,7,10,17,10,16,99,14
"130500024",1,2,7,2,2,13,3,0,2,2,2,1,4,2,1,0,5,0,1,9,1
"130500025",3,3,5,1,5,24,0,3,2,3,1,5,11,0,0,1,2,0,0,13,0
"130500026",1,6,7,0,7,19,3,0,3,2,0,3,9,0,1,3,5,0,4,10,3
"130510001",321,442,929,477,810,5567,965,182,222,473,252,416,2602,456,139,220,456,225,394,2965,509
"1305100010153",4,5,11,5,7,81,19,4,3,8,0,4,44,8,0,0,3,4,3,37,11
"1305100010168",117,203,387,199,321,2133,277,74,99,200,114,162,942,135,43,104,187,85,159,1191,142
"1305100010187",18,19,62,23,58,353,74,8,11,35,11,24,176,41,10,8,27,12,34,177,33
"1305100010191",71,88,160,78,162,1162,306,41,38,78,45,82,566,142,30,50,82,33,80,596,164
"1305100010204",87,100,229,129,187,1420,247,44,52,113,62,102,664,110,43,48,116,67,85,756,137
"1305100010581",9,6,25,15,20,135,13,3,4,15,7,10,64,9,6,0,10,8,10,71,4
"1305100011005",0,0,4,0,3,22,0,0,0,3,0,3,10,0,0,0,0,0,0,12,0
"1305100012041",10,8,24,12,25,105,15,6,5,13,7,13,53,6,4,3,11,5,12,52,9
"1305100012126",5,12,27,15,27,157,13,0,10,8,5,16,83,5,3,0,19,10,11,74,8
"130510002",33,34,85,38,71,409,94,15,12,40,20,39,196,48,18,22,45,18,32,213,46
"130510003",202,238,521,278,419,2529,286,104,127,267,123,207,1207,150,98,111,254,155,212,1322,136
"1305100030219",66,81,179,100,153,875,116,38,46,102,41,73,409,59,28,35,77,59,80,466,57
"1305100030223",83,93,183,105,158,1017,111,41,45,89,47,77,474,56,42,48,94,58,81,543,55
"1305100032094",53,64,159,73,108,637,59,25,36,76,35,57,324,35,28,28,83,38,51,313,24
"130510004",85,93,199,113,221,1426,305,42,41,90,49,112,679,135,43,52,109,64,109,747,170
"1305100041077",49,62,135,79,132,961,231,19,32,57,34,64,465,110,30,30,78,45,68,496,121
"1305100041109",36,31,64,34,89,465,74,23,9,33,15,48,214,25,13,22,31,19,41,251,49
"130510006",73,103,228,123,220,1321,193,41,57,99,56,112,640,100,32,46,129,67,108,681,93
"130510007",28,33,72,37,74,398,78,17,18,32,21,38,181,44,11,15,40,16,36,217,34
"130510008",52,70,112,58,108,936,76,26,35,60,24,56,442,31,26,35,52,34,52,494,45
"130510009",29,33,74,29,72,419,92,18,15,39,15,37,198,41,11,18,35,14,35,221,51
"130510010",93,145,310,163,286,1640,222,57,71,164,70,129,748,92,36,74,146,93,157,892,130
"1305100101113",47,77,149,97,141,762,108,24,37,80,38,75,351,42,23,40,69,59,66,411,66
"1305100101128",46,68,161,66,145,878,114,33,34,84,32,54,397,50,13,34,77,34,91,481,64
"130510012",32,45,114,45,100,534,125,12,17,59,26,47,241,56,20,28,55,19,53,293,69
"1305100121132",32,45,114,45,100,534,125,12,17,59,26,47,241,56,20,28,55,19,53,293,69
"130510014",115,137,329,195,333,1955,335,59,71,170,96,161,936,155,56,66,159,99,172,1019,180
"1305100141147",14,26,57,16,66,393,94,7,13,27,8,36,186,39,7,13,30,8,30,207,55
"1305100141151",101,111,272,179,267,1562,241,52,58,143,88,125,750,116,49,53,129,91,142,812,125
"130510016",0,0,0,0,0,0,0,0,0,0,0,0,0,0,0,0,0,0,0,0,0
"130510017",63,81,180,96,173,1118,209,30,37,90,52,87,513,92,33,44,90,44,86,605,117
"130510018",0,1,5,0,0,11,11,0,0,2,0,0,4,4,0,1,3,0,0,7,7
"130510019",9,7,13,9,7,67,16,7,4,8,4,6,32,10,2,3,5,5,1,35,6
"130510020",14,18,42,25,51,319,133,9,4,22,10,22,144,55,5,14,20,15,29,175,78
"1305100201170",14,18,42,25,51,319,133,9,4,22,10,22,144,55,5,14,20,15,29,175,78
"130510021",5,11,25,9,25,115,32,3,5,8,2,10,59,19,2,6,17,7,15,56,13
"130510023",72,85,212,98,193,1069,132,42,51,93,58,88,506,56,30,34,119,40,105,563,76
"1305100231185",72,85,212,98,193,1069,132,42,51,93,58,88,506,56,30,34,119,40,105,563,76
"130510026",34,32,76,28,49,480,120,18,14,30,15,22,228,54,16,18,46,13,27,252,66
"130510026119A",34,32,76,28,49,480,120,18,14,30,15,22,228,54,16,18,46,13,27,252,66
"130510027",741,1010,2276,1242,2242,13398,1790,392,514,1161,616,1129,6241,795,349,496,1115,626,1113,7157,995
"1305100270115",7,6,21,5,10,85,4,6,3,10,0,4,41,3,0,3,11,4,6,45,0
"1305100270666",94,107,260,126,220,1336,194,57,60,155,65,100,621,93,37,47,105,61,120,715,101
"1305100270670",106,145,285,203,375,2032,322,56,75,138,100,201,938,145,50,70,147,103,174,1094,177
"1305100270685",55,84,184,117,187,1097,125,31,48,94,55,98,544,52,24,36,90,62,89,553,73
"130510027069A",50,66,175,111,194,1179,147,26,29,89,55,99,551,64,24,37,86,56,95,628,83
"1305100270702",72,109,243,148,277,1509,181,38,48,114,69,134,703,70,34,61,129,79,143,806,111
"1305100270717",94,127,308,168,282,1607,211,47,73,149,87,151,728,102,47,54,159,81,131,879,109
"1305100270721",54,95,208,127,236,1344,198,33,39,106,57,120,618,76,21,56,102,70,116,726,122
"1305100270736",78,97,225,99,184,1284,190,33,46,127,60,95,581,102,45,51,98,39,89,703,88
"1305100270929",22,30,50,21,39,342,24,14,19,23,11,16,166,9,8,11,27,10,23,176,15
"1305100270933",0,3,7,4,0,26,3,0,0,4,0,0,11,0,0,0,3,0,0,18,0
"1305100270952",7,10,25,10,15,118,16,3,5,11,5,8,55,4,4,5,14,5,7,63,12
"1305100270967",29,29,81,23,58,340,45,16,18,41,11,26,162,19,13,11,40,12,32,178,26
"130510027101A",0,0,0,0,0,0,0,0,0,0,0,0,0,0,0,0,0,0,0,0,0
"1305100271062",10,30,67,27,67,352,53,5,13,35,10,34,168,24,5,17,32,17,33,184,29
"1305100271081",0,0,3,0,5,28,6,0,0,3,0,0,19,0,0,0,0,0,3,13,4
"1305100271096",0,0,0,0,0,0,0,0,0,0,0,0,0,0,0,0,0,0,0,0,0
"1305100271965",41,49,98,37,59,498,33,19,22,44,23,26,240,15,22,27,54,14,33,258,18
"130510027197A",0,0,0,0,0,0,0,0,0,0,0,0,0,0,0,0,0,0,0,0,0
"1305100272060",19,21,36,14,32,223,38,8,12,18,4,15,100,14,11,9,18,10,17,123,24
"130510029",47,94,162,87,146,1089,333,24,41,80,54,63,494,147,23,53,82,33,83,595,186
"1305100291202",47,94,162,87,146,1089,333,24,41,80,54,63,494,147,23,53,82,33,83,595,186
"130510031",1,4,4,0,8,31,8,0,2,1,0,4,14,4,1,2,3,0,4,17,4
"130510033",86,93,221,97,170,1341,210,48,42,106,50,96,626,104,38,51,115,47,74,715,106
"130510052",0,0,0,0,0,0,0,0,0,0,0,0,0,0,0,0,0,0,0,0,0
"130510054",14,21,50,32,70,427,108,3,10,25,16,35,177,49,11,11,25,16,35,250,59
"1305100541217",14,21,50,32,70,427,108,3,10,25,16,35,177,49,11,11,25,16,35,250,59
"130510055",53,81,155,104,162,1525,698,34,34,85,58,79,683,292,19,47,70,46,83,842,406
"1305100551221",53,81,155,104,162,1525,698,34,34,85,58,79,683,292,19,47,70,46,83,842,406
"130510057",38,60,131,47,94,820,165,23,28,55,18,50,383,72,15,32,76,29,44,437,93
"130510058",0,0,0,0,0,0,0,0,0,0,0,0,0,0,0,0,0,0,0,0,0
"130510059",0,0,3,0,0,6,3,0,0,1,0,0,4,2,0,0,2,0,0,2,1
"1305100591927",0,0,3,0,0,6,3,0,0,0,0,0,6,0,0,0,0,0,0,3,0
"130510060",12,11,18,5,19,169,58,8,8,10,4,15,82,28,4,3,8,1,4,87,30
"1305100601236",12,11,18,5,19,169,58,8,8,10,4,15,82,28,4,3,8,0,4,87,30
"130510061",0,0,0,0,0,0,0,0,0,0,0,0,0,0,0,0,0,0,0,0,0
"130510062",0,0,0,0,0,0,0,0,0,0,0,0,0,0,0,0,0,0,0,0,0
"130510063",141,197,466,304,549,3505,413,64,80,248,143,267,1622,167,77,117,218,161,282,1883,246
"1305100631240",52,85,188,146,234,1387,121,22,41,98,62,113,650,52,30,44,90,84,121,737,69
"1305100631255",55,59,174,105,197,1328,183,24,25,107,51,103,600,74,31,34,67,54,94,728,109
"130510063126A",34,53,104,53,118,790,109,18,14,43,30,51,372,41,16,39,61,23,67,418,68
"130510065",0,0,0,0,0,0,0,0,0,0,0,0,0,0,0,0,0,0,0,0,0
"130510068",8,5,17,14,12,143,33,3,2,13,11,6,55,18,5,3,4,3,6,88,15
"130510069",24,25,66,40,65,309,45,11,13,37,24,30,158,22,13,12,29,16,35,151,23
"130510071",0,0,1,1,1,18,0,0,0,1,1,0,9,0,0,0,0,0,1,9,0
"130510073",1,6,17,7,6,55,11,0,4,9,3,2,25,4,1,2,8,4,4,30,7
"130510074",0,0,0,2,1,3,5,0,0,0,2,1,2,2,0,0,0,0,0,1,3
"130510075",2,6,10,2,6,45,7,1,2,5,0,5,24,2,1,4,5,2,1,21,5
"130510076",0,0,0,0,0,0,0,0,0,0,0,0,0,0,0,0,0,0,0,0,0
"130510077",2,1,3,6,6,25,3,2,0,1,5,4,11,1,0,1,2,1,2,14,2
"130510078",210,287,632,398,659,4024,449,113,146,309,206,328,1843,183,97,141,323,192,331,2181,266
"130510078165A",83,107,223,138,242,1538,185,45,61,106,72,111,715,76,38,46,117,66,131,823,109
"1305100781664",67,86,208,125,212,1326,129,32,43,110,68,117,598,55,35,43,98,57,95,728,74
"1305100781679",60,94,201,135,205,1160,135,36,42,93,66,100,530,52,24,52,108,69,105,630,83
"130510080",0,0,0,0,0,0,0,0,0,0,0,0,0,0,0,0,0,0,0,0,0
"130510082",87,115,177,79,129,1182,107,43,59,93,41,72,559,44,44,56,84,38,57,623,63
"130510083",266,373,809,433,643,3916,312,124,193,407,231,313,1862,147,142,180,402,202,330,2054,165
"1305100831931",60,102,201,95,173,1013,68,20,52,108,55,90,484,32,40,50,93,40,83,529,36
"1305100831946",53,70,145,80,110,680,68,27,37,70,38,42,325,33,26,33,75,42,68,355,35
"1305100831950",104,147,304,185,262,1539,128,56,77,154,108,128,735,61,48,70,150,77,134,804,67
"1305100831984",35,41,127,63,81,545,38,13,22,61,23,43,251,18,22,19,66,40,38,294,20
"1305100831999",14,13,32,10,17,139,10,8,5,14,7,10,67,3,6,8,18,3,7,72,7
"130510084",160,211,487,258,386,2694,364,86,113,229,126,211,1253,143,74,98,258,132,175,1441,221
"1305100842357",47,51,127,78,113,765,132,23,28,66,34,50,365,54,24,23,61,44,63,400,78
"1305100842361",47,63,126,77,126,788,103,25,34,61,40,75,367,41,22,29,65,37,51,421,62
"1305100842376",66,97,234,103,147,1141,129,38,51,102,52,86,521,48,28,46,132,51,61,620,81
"130510086",0,0,0,0,0,0,0,0,0,0,0,0,0,0,0,0,0,0,0,0,0
"130510087",6,9,9,4,13,51,3,5,3,7,3,5,22,2,1,6,2,1,8,29,1
"130510088",0,0,0,0,0,0,0,0,0,0,0,0,0,0,0,0,0,0,0,0,0
"130510089",25,27,69,35,75,379,27,11,13,33,17,39,170,13,14,14,36,18,36,209,14
"130510090",15,21,51,19,41,315,40,10,7,30,10,21,145,16,5,14,21,9,20,170,24
"1305100901274",15,21,51,19,41,315,40,10,7,30,10,21,145,16,5,14,21,9,20,170,24
"130510091",12,23,45,27,70,449,215,6,14,23,13,28,203,94,6,9,22,14,42,246,121
"1305100911289",12,23,45,27,70,449,215,6,14,23,13,28,203,94,6,9,22,14,42,246,121
"130510092",16,16,32,27,56,405,52,7,8,21,14,30,195,26,9,8,11,13,26,210,26
"1305100921683",16,16,32,27,56,405,52,7,8,21,14,30,195,26,9,8,11,13,26,210,26
"130510093",133,191,344,239,516,3772,629,69,88,190,123,254,1726,286,64,103,154,116,262,2046,343
"1305100931293",77,96,189,129,238,1765,306,43,40,105,69,117,778,142,34,56,84,60,121,987,164
"1305100931306",56,95,155,110,278,2007,323,26,48,85,54,137,948,144,30,47,70,56,141,1059,179
"130510094",9,14,23,20,30,229,43,4,8,11,10,13,103,19,5,6,12,10,17,126,24
"1305100941310",9,14,23,20,30,229,43,4,8,11,10,13,103,19,5,6,12,10,17,126,24
"130510095",59,65,105,78,172,1221,167,31,34,47,43,89,559,64,28,31,58,35,83,662,103
"1305100951698",59,65,105,78,172,1221,167,31,34,47,43,89,559,64,28,31,58,35,83,662,103
"130510096",51,107,238,179,326,1887,233,24,47,118,85,163,851,102,27,60,120,94,163,1036,131
"1305100961700",51,107,238,179,326,1887,233,24,47,118,85,163,851,102,27,60,120,94,163,1036,131
"130510097",3,10,24,11,13,129,17,1,8,13,8,5,65,7,2,2,11,3,8,64,10
"1305100971325",3,10,24,11,13,129,17,0,8,13,8,5,65,7,0,0,11,3,8,64,10
"130510098",22,27,64,39,68,374,35,11,15,36,23,34,185,14,11,12,28,16,34,189,21
"1305100981715",22,27,64,39,68,374,35,11,15,36,23,34,185,14,11,12,28,16,34,189,21
"130510099",89,142,321,181,369,2536,385,42,68,167,87,198,1193,170,47,74,154,94,171,1343,215
"130510099172A",89,142,321,181,369,2536,385,42,68,167,87,198,1193,170,47,74,154,94,171,1343,215
"130510100",114,192,341,116,222,1685,148,54,107,188,54,109,766,56,60,85,153,62,113,919,92
"130510100133A",79,122,235,80,152,1160,122,36,73,132,36,75,535,48,43,49,103,44,77,625,74
"1305101002003",4,7,12,7,12,74,7,0,4,6,4,4,28,3,3,3,6,3,8,46,4
"1305101002018",0,0,0,0,0,12,3,0,0,0,0,0,7,0,0,0,0,0,0,5,3
"1305101002022",27,47,76,23,43,342,14,14,20,42,13,23,154,4,13,27,34,10,20,188,10
"1305101002056",0,13,9,4,8,68,0,0,7,3,0,4,30,0,0,6,6,3,4,38,0
"1305101002075",3,3,8,0,7,31,0,3,3,4,0,3,13,0,0,0,4,0,4,18,0
"130510101",75,93,179,90,169,1080,137,42,48,92,40,85,497,53,33,45,87,50,84,583,84
"1305101011344",39,48,92,34,73,522,62,23,21,44,17,36,242,28,16,27,48,17,37,280,34
"1305101011359",36,45,87,56,96,558,75,19,27,48,23,49,255,25,17,18,39,33,47,303,50
"130510102",0,1,18,8,4,24,0,0,1,13,2,2,11,0,0,0,5,6,2,13,0
"1305101021363",0,0,18,8,4,24,0,0,0,13,0,0,13,0,0,0,5,6,0,15,0
"130510103",10,17,34,19,42,266,57,7,11,15,8,28,109,25,3,6,19,11,14,157,32
"1305101031378",10,17,34,19,42,266,57,7,11,15,8,28,109,25,3,6,19,11,14,157,32
"130510104",17,20,59,28,53,343,63,10,5,34,14,22,155,30,7,15,25,14,31,188,33
"1305101041382",17,20,59,28,53,343,63,10,5,34,14,22,155,30,7,15,25,14,31,188,33
"130510105",15,20,61,35,31,247,29,7,9,18,20,14,119,17,8,11,43,15,17,128,12
"1305101051397",15,20,61,35,31,247,29,7,9,18,20,14,119,17,8,11,43,15,17,128,12
"130510106",45,72,118,69,159,1303,260,15,36,58,43,79,580,120,30,36,60,26,80,723,140
"1305101061734",45,72,118,69,159,1303,260,15,36,58,43,79,580,120,30,36,60,26,80,723,140
"130510107",115,160,349,149,277,1605,338,61,84,161,70,121,729,160,54,76,188,79,156,876,178
"130510107140A",115,160,349,149,277,1605,338,61,84,161,70,121,729,160,54,76,188,79,156,876,178
"130510108",36,63,171,62,202,1007,185,11,26,88,34,113,455,91,25,37,83,28,89,552,94
"1305101081414",36,63,171,62,202,1007,185,11,26,88,34,113,455,91,25,37,83,28,89,552,94
"130510109",8,9,25,18,21,184,20,1,8,9,12,10,77,4,7,1,16,6,11,107,16
"1305101091429",8,9,25,18,21,184,20,0,8,9,12,10,77,4,7,0,16,6,11,107,16
"130510110",4,5,16,12,20,168,32,0,2,11,9,6,87,13,4,3,5,3,14,81,19
"1305101101749",4,5,16,12,20,168,32,0,0,11,9,6,87,13,4,3,5,3,14,81,19
"130510111",17,41,65,36,57,444,64,4,27,32,19,31,192,30,13,14,33,17,26,252,34
"1305101111753",17,41,65,36,57,444,64,4,27,32,19,31,192,30,13,14,33,17,26,252,34
"130510112",9,13,33,11,21,145,27,4,7,18,5,7,68,11,5,6,15,6,14,77,16
"1305101121433",9,13,33,11,21,145,27,4,7,18,5,7,68,11,5,6,15,6,14,77,16
"130510113",29,40,83,51,124,805,113,12,19,32,27,70,383,55,17,21,51,24,54,422,58
"1305101131448",29,40,83,51,124,805,113,12,19,32,27,70,383,55,17,21,51,24,54,422,58
"130510114",1,4,14,6,9,68,8,1,2,7,3,5,33,2,0,2,7,3,4,35,6
"1305101141452",0,4,14,6,9,68,8,0,0,7,3,5,35,0,0,0,7,3,4,35,6
"130510115",10,9,18,18,34,188,19,5,5,7,9,21,87,6,5,4,11,9,13,101,13
"1305101151768",10,9,18,18,34,188,19,5,5,7,9,21,87,6,5,4,11,9,13,101,13
"130510116",4,6,10,12,13,106,9,2,2,4,4,7,49,2,2,4,6,8,6,57,7
"1305101161772",4,6,10,12,13,106,9,0,0,4,4,7,51,0,0,4,6,8,6,57,7
"130510117",12,12,24,19,36,239,41,7,6,12,7,21,112,19,5,6,12,12,15,127,22
"1305101171787",12,12,24,19,36,239,41,7,6,12,7,21,112,19,5,6,12,12,15,127,22
"130510118",4,14,33,24,48,290,44,1,5,14,11,16,130,19,3,9,19,13,32,160,25
"1305101181166",4,14,33,24,48,290,44,0,5,14,11,16,130,19,3,9,19,13,32,160,25
"130510119",25,30,68,44,97,671,120,17,20,33,19,39,294,56,8,10,35,25,58,377,64
"1305101191467",25,30,68,44,97,671,120,17,20,33,19,39,294,56,8,10,35,25,58,377,64
"130510120",16,14,20,24,47,408,64,8,9,9,12,32,190,27,8,5,11,12,15,218,37
"1305101201471",16,14,20,24,47,408,64,8,9,9,12,32,190,27,8,5,11,12,15,218,37
"130510121",12,12,51,33,60,372,27,6,5,23,17,30,184,10,6,7,28,16,30,188,17
"1305101211486",12,12,51,33,60,372,27,6,5,23,17,30,184,10,6,7,28,16,30,188,17
"130510122",9,19,45,13,37,271,57,5,10,21,5,21,129,17,4,9,24,8,16,142,40
"1305101221791",9,19,45,13,37,271,57,5,10,21,5,21,129,17,4,9,24,8,16,142,40
"130510123",8,21,39,30,63,352,63,7,12,20,20,26,164,25,1,9,19,10,37,188,38
"1305101231804",8,21,39,30,63,352,63,7,12,20,20,26,164,25,0,9,19,10,37,188,38
"130510124",15,13,28,17,34,270,86,8,7,12,7,14,121,54,7,6,16,10,20,149,32
"1305101241490",15,13,28,17,34,270,86,8,7,12,7,14,121,54,7,6,16,10,20,149,32
"130510125",7,9,28,8,24,178,41,5,5,17,3,12,80,22,2,4,11,5,12,98,19
"1305101251819",7,9,28,8,24,178,41,5,5,17,3,12,80,22,0,4,11,5,12,98,19
"130510126",33,42,90,43,117,694,78,19,21,42,23,57,312,29,14,21,48,20,60,382,49
"1305101261823",33,42,90,43,117,694,78,19,21,42,23,57,312,29,14,21,48,20,60,382,49
"130510127",12,24,50,29,61,356,41,5,11,29,18,30,158,17,7,13,21,11,31,198,24
"1305101271838",12,24,50,29,61,356,41,5,11,29,18,30,158,17,7,13,21,11,31,198,24
"130510128",14,10,22,11,26,247,62,9,6,10,8,12,100,30,5,4,12,3,14,147,32
"1305101281503",14,10,22,11,26,247,62,9,6,10,8,12,100,30,5,4,12,3,14,147,32
"130510129",9,17,20,17,28,207,27,5,10,8,7,17,94,15,4,7,12,10,11,113,12
"1305101291518",9,17,20,17,28,207,27,5,10,8,7,17,94,15,4,7,12,10,11,113,12
"130510130",32,43,102,65,151,882,131,17,20,49,29,75,404,51,15,23,53,36,76,478,80
"1305101301842",32,43,102,65,151,882,131,17,20,49,29,75,404,51,15,23,53,36,76,478,80
"130510131",15,13,33,14,41,282,56,9,6,12,7,27,135,24,6,7,21,7,14,147,32
"1305101311857",15,13,33,14,41,282,56,9,6,12,7,27,135,24,6,7,21,7,14,147,32
"130510132",8,9,37,23,35,223,33,3,4,15,12,16,92,12,5,5,22,11,19,131,21
"1305101321861",8,9,37,23,35,223,33,3,4,15,12,16,92,12,5,5,22,11,19,131,21
"130510133",63,85,203,93,140,1054,176,29,39,93,50,76,490,80,34,46,110,43,64,564,96
"1305101331522",63,85,203,93,140,1054,176,29,39,93,50,76,490,80,34,46,110,43,64,564,96
"130510134",25,32,80,45,97,666,113,13,9,43,23,46,304,44,12,23,37,22,51,362,69
"1305101341876",25,32,80,45,97,666,113,13,9,43,23,46,304,44,12,23,37,22,51,362,69
"130510135",17,10,30,11,23,304,108,9,8,18,9,9,137,50,8,2,12,2,14,167,58
"1305101351537",17,10,30,11,23,304,108,9,8,18,9,9,137,50,8,0,12,0,14,167,58
"130510136",12,23,57,31,70,407,160,8,14,29,16,37,189,74,4,9,28,15,33,218,86
"1305101361541",12,23,57,31,70,407,160,8,14,29,16,37,189,74,4,9,28,15,33,218,86
"130510137",25,36,88,33,61,470,49,15,14,45,17,36,225,20,10,22,43,16,25,245,29
"1305101371556",25,36,88,33,61,470,49,15,14,45,17,36,225,20,10,22,43,16,25,245,29
"130510138",30,53,110,61,119,957,108,13,35,54,35,55,447,48,17,18,56,26,64,510,60
"1305101381880",30,53,110,61,119,957,108,13,35,54,35,55,447,48,17,18,56,26,64,510,60
"130510139",386,544,1220,604,944,6130,475,215,261,612,302,477,2851,197,171,283,608,302,467,3279,278
"1305101391560",87,134,307,165,295,1624,161,53,59,149,80,147,770,62,34,75,158,85,148,854,99
"1305101391575",77,112,248,142,186,1301,88,46,56,121,70,96,589,37,31,56,127,72,90,712,51
"130510139158A",126,175,433,191,292,2015,148,68,85,229,94,141,925,64,58,90,204,97,151,1090,84
"1305101392037",89,119,220,101,166,1139,76,42,60,106,55,90,545,32,47,59,114,46,76,594,44
"130510139208A",7,4,12,5,5,53,0,6,0,7,3,3,24,0,0,3,5,0,0,31,0
"130510140",18,9,28,15,30,259,93,9,1,13,9,20,108,45,9,8,15,6,10,151,48
"1305101401594",18,9,28,15,30,259,93,9,0,13,9,20,108,45,9,8,15,6,10,151,48
"130510141",65,76,139,82,153,1365,275,37,36,71,46,80,602,131,28,40,68,36,73,763,144
"1305101411895",65,76,139,82,153,1365,275,37,36,71,46,80,602,131,28,40,68,36,73,763,144
"130510142",37,59,124,91,180,1166,220,21,32,66,46,95,533,90,16,27,58,45,85,633,130
"1305101421908",37,59,124,91,180,1166,220,21,32,66,46,95,533,90,16,27,58,45,85,633,130
"130510143",16,25,46,29,51,455,163,10,15,27,13,21,217,69,6,10,19,16,30,238,94
"1305101431607",16,25,46,29,51,455,163,10,15,27,13,21,217,69,6,10,19,16,30,238,94
"130510144",8,12,32,10,31,185,20,4,7,17,3,13,79,11,4,5,15,7,18,106,9
"1305101441611",8,12,32,10,31,185,20,4,7,17,3,13,79,11,4,5,15,7,18,106,9
"130510145",2,4,17,6,20,142,18,2,4,4,2,9,76,10,0,0,13,4,11,66,8
"1305101451912",0,4,17,6,20,142,18,0,4,4,0,9,76,10,0,0,13,4,11,66,8
"130510146",45,73,146,82,186,1492,469,19,35,64,52,88,662,218,26,38,82,30,98,830,251
"1305101461626",45,73,146,82,186,1492,469,19,35,64,52,88,662,218,26,38,82,30,98,830,251
"130510147",123,175,419,223,462,2843,863,72,83,203,108,254,1273,405,51,92,216,115,208,1570,458
"1305101471630",45,55,112,55,149,923,476,30,31,51,29,80,411,217,15,24,61,26,69,512,259
"1305101471645",78,120,307,168,313,1920,387,42,52,152,79,174,862,188,36,68,155,89,139,1058,199
"130510148",1113,1378,2619,1181,1724,13137,812,565,700,1373,607,887,6112,339,548,678,1246,574,837,7025,473
"1305101482107",56,58,122,53,87,644,40,28,32,63,24,43,294,13,28,26,59,29,44,350,27
"1305101482111",40,67,117,70,85,572,49,28,32,69,36,40,271,23,12,35,48,34,45,301,26
"1305101482130",51,78,142,59,78,676,45,23,35,68,23,40,325,19,28,43,74,36,38,351,26
"1305101482145",66,90,178,72,133,799,70,32,54,83,39,60,367,32,34,36,95,33,73,432,38
"130510148215A",75,86,201,63,102,867,57,34,40,103,22,49,386,27,41,46,98,41,53,481,30
"1305101482164",50,48,90,49,68,470,35,19,27,55,30,32,221,12,31,21,35,19,36,249,23
"1305101482179",25,25,35,16,27,259,13,9,13,19,11,14,119,6,16,12,16,5,13,140,7
"1305101482183",106,146,270,138,193,1408,78,48,76,139,84,101,655,27,58,70,131,54,92,753,51
"1305101482198",108,128,238,121,191,1239,47,56,54,134,57,96,565,19,52,74,104,64,95,674,28
"1305101482200",67,78,139,77,91,745,30,35,26,73,38,49,340,6,32,52,66,39,42,405,24
"1305101482215",66,84,105,44,61,640,35,32,47,51,22,30,306,14,34,37,54,22,31,334,21
"130510148222A",41,53,131,50,86,572,23,18,34,77,30,57,271,8,23,19,54,20,29,301,15
"1305101482234",36,42,80,43,41,377,16,21,24,40,18,18,174,5,15,18,40,25,23,203,11
"1305101482249",63,72,125,58,84,607,41,31,41,68,34,46,287,14,32,31,57,24,38,320,27
"1305101482253",37,61,111,45,62,537,41,24,32,60,20,34,256,29,13,29,51,25,28,281,12
"1305101482268",45,48,124,47,78,625,41,23,27,62,23,42,293,21,22,21,62,24,36,332,20
"1305101482272",60,72,123,73,96,674,44,34,38,62,45,53,323,24,26,34,61,28,43,351,20
"1305101482287",12,38,50,20,31,292,38,8,21,27,14,16,141,14,4,17,23,6,15,151,24
"1305101482291",45,39,63,24,35,434,26,27,20,32,11,13,205,9,18,19,31,13,22,229,17
"1305101482304",64,65,175,59,95,700,43,35,27,88,26,54,313,17,29,38,87,33,41,387,26
"130510149",1,0,1,1,4,11,1,0,0,0,1,3,6,0,1,0,1,0,1,5,1
"130510150",91,96,157,58,102,890,63,42,47,73,28,42,427,24,49,49,84,30,60,463,39
"130510151",240,321,642,308,447,2956,240,135,159,322,153,229,1361,96,105,162,320,155,218,1595,144
"1305101512319",175,234,461,225,323,2129,200,94,119,236,113,165,978,79,81,115,225,112,158,1151,121
"1305101512323",33,38,94,35,70,436,16,24,14,42,15,36,203,7,9,24,52,20,34,233,9
"1305101512338",20,32,42,21,30,209,12,12,16,23,12,18,99,6,8,16,19,9,12,110,6
"1305101512342",12,17,45,27,24,182,12,5,10,21,13,10,81,4,7,7,24,14,14,101,8
"130510152",267,329,572,241,365,2717,145,134,155,282,119,181,1300,60,133,174,290,122,184,1417,85
"1305101522380",115,118,196,74,123,984,47,61,51,104,34,59,463,17,54,67,92,40,64,521,30
"1305101522395",152,211,376,167,242,1733,98,73,104,178,85,122,837,43,79,107,198,82,120,896,55
"130510153",1,0,1,0,2,12,0,0,0,1,0,2,5,0,1,0,0,0,0,7,0
"130510154",48,57,94,39,64,539,24,24,28,41,19,25,251,9,24,29,53,20,39,288,15
"130510155",0,1,1,4,4,17,0,0,1,1,3,4,9,0,0,0,0,1,0,8,0
"130510156",0,0,0,0,0,0,0,0,0,0,0,0,0,0,0,0,0,0,0,0,0
"130510157",0,0,0,0,0,0,0,0,0,0,0,0,0,0,0,0,0,0,0,0,0
"130510161",0,1,5,2,5,19,2,0,0,3,2,1,9,2,0,1,2,0,4,10,0
"130520001",448,611,1318,699,1161,6721,1370,218,298,622,361,563,3190,658,230,313,696,338,598,3531,712
"1305200010095",80,108,223,118,200,1078,193,30,50,94,63,83,514,91,50,58,129,55,117,564,102
"1305200010108",7,6,20,10,17,81,14,5,3,9,7,7,40,8,0,3,11,3,10,41,6
"1305200010112",14,20,34,16,32,153,26,8,8,16,9,17,74,13,6,12,18,7,15,79,13
"1305200010235",0,0,0,0,5,22,6,0,0,0,0,0,12,3,0,0,0,0,4,11,3
"130520001024A",9,16,13,6,12,102,23,4,7,5,4,5,50,11,5,9,8,0,7,52,12
"1305200010254",5,3,15,3,10,53,5,3,0,7,0,5,22,3,0,0,8,3,5,33,0
"1305200010269",72,96,246,135,205,1192,224,37,48,124,76,107,576,108,35,48,122,59,98,616,116
"1305200010273",83,107,209,116,224,1118,242,41,57,115,58,120,534,112,42,50,94,58,104,584,130
"1305200010288",96,120,276,136,219,1457,272,50,56,126,62,95,688,130,46,64,150,74,124,769,142
"1305200010292",77,130,277,157,237,1448,363,38,65,124,81,123,673,179,39,65,153,76,114,775,184
"1305200010305",3,3,3,0,0,19,0,0,0,0,0,0,8,0,0,0,0,0,0,11,0
"130520002",15,24,39,22,47,255,74,3,8,15,13,30,122,34,12,16,24,9,17,133,40
"130520004",2,1,3,3,5,25,2,1,1,3,3,4,14,2,1,0,0,0,1,11,0
"130520005",14,17,55,24,29,204,84,7,9,31,21,13,103,47,7,8,24,3,16,101,37
"130520006",27,43,84,40,70,406,97,17,21,45,25,44,190,46,10,22,39,15,26,216,51
"130520007",0,0,0,0,0,0,0,0,0,0,0,0,0,0,0,0,0,0,0,0,0
"130520008",5,3,14,7,9,77,26,2,2,8,2,1,43,18,3,1,6,5,8,34,8
"130520009",69,114,265,158,208,1328,400,34,54,132,73,110,621,201,35,60,133,85,98,707,199
"130520010",12,23,52,27,55,212,55,7,13,27,14,27,91,25,5,10,25,13,28,121,30
"130520011",10,13,40,10,18,144,29,6,6,23,6,11,76,18,4,7,17,4,7,68,11
"130520012",28,45,58,32,64,409,120,12,24,24,16,31,196,57,16,21,34,16,33,213,63
"130520013",63,81,175,84,173,935,250,38,48,82,50,89,418,132,25,33,93,34,84,517,118
"130520014",23,23,54,20,48,285,53,13,12,26,13,29,144,25,10,11,28,7,19,141,28
"130520015",24,40,84,39,64,420,118,12,19,51,21,27,206,59,12,21,33,18,37,214,59
"130520017",4,8,16,4,14,59,13,2,3,7,1,7,27,7,2,5,9,3,7,32,6
"130520019",106,139,313,155,253,1731,367,51,74,181,83,131,808,174,55,65,132,72,122,923,193
"130520019031A",62,80,181,99,167,1050,201,28,42,107,46,91,491,95,34,38,74,53,76,559,106
"1305200190324",44,59,132,56,86,681,166,23,32,74,37,40,317,79,21,27,58,19,46,364,87
"130520020",32,33,76,45,78,427,127,18,19,36,27,37,197,56,14,14,40,18,41,230,71
"130520022",57,64,140,66,106,630,93,27,37,65,29,52,308,49,30,27,75,37,54,322,44
"130520023",54,54,136,67,115,519,94,34,28,72,24,60,258,54,20,26,64,43,55,261,40
"130520026",0,0,0,0,0,0,0,0,0,0,0,0,0,0,0,0,0,0,0,0,0
"130520027",7,12,22,12,21,134,57,7,8,12,5,10,66,29,0,4,10,7,11,68,28
"130520028",15,24,59,32,45,290,63,3,11,30,16,23,131,28,12,13,29,16,22,159,35
"130520029",1,0,0,1,1,8,1,0,0,0,0,0,5,1,1,0,0,1,1,3,0
"130520031",33,42,92,59,74,365,58,15,19,40,22,39,188,27,18,23,52,37,35,177,31
"130520032",19,32,55,32,53,309,92,10,18,27,15,21,153,46,9,14,28,17,32,156,46
"130520033",13,17,44,16,32,204,32,9,9,24,7,16,95,15,4,8,20,9,16,109,17
"130520036",8,9,20,21,17,132,36,5,3,7,10,8,62,16,3,6,13,11,9,70,20
"130520037",22,24,44,22,41,256,58,14,14,23,10,24,125,33,8,10,21,12,17,131,25
"130520038",0,0,0,0,0,0,0,0,0,0,0,0,0,0,0,0,0,0,0,0,0
"130520039",16,18,40,19,38,266,53,6,9,25,6,16,136,23,10,9,15,13,22,130,30
"130520040",0,2,1,0,0,13,1,0,1,0,0,0,4,0,0,1,1,0,0,9,1
"130520041",25,21,44,15,33,214,55,14,11,24,9,15,105,25,11,10,20,6,18,109,30
"130520044",14,7,23,10,20,112,19,8,4,14,6,11,53,10,6,3,9,4,9,59,9
"130520046",1,0,1,0,1,8,3,0,0,0,0,1,4,3,1,0,1,0,0,4,0
"130520047",1,1,4,3,5,29,11,1,0,4,0,2,17,5,0,1,0,3,3,12,6
"130520050",32,53,77,36,64,415,107,16,26,35,16,31,193,51,16,27,42,20,33,222,56
"130520051",38,43,110,49,89,487,127,12,21,59,27,37,237,59,26,22,51,22,52,250,68
"130520052",49,69,162,79,111,633,125,26,31,80,31,54,310,60,23,38,82,48,57,323,65
"130520055",2,2,4,4,4,14,4,1,1,4,3,1,5,1,1,1,0,1,3,9,3
"130520056",2,3,12,5,6,42,7,2,3,4,1,3,17,3,0,0,8,4,3,25,4
"130520059",26,26,57,26,77,297,50,14,18,27,14,43,156,27,12,8,30,12,34,141,23
"130520060",0,0,0,0,0,0,0,0,0,0,0,0,0,0,0,0,0,0,0,0,0
"130520061",0,0,0,0,0,0,0,0,0,0,0,0,0,0,0,0,0,0,0,0,0
"130520062",0,0,0,0,0,1,2,0,0,0,0,0,1,2,0,0,0,0,0,0,0
"130520063",3,6,15,9,17,99,21,1,2,3,6,9,53,11,2,4,12,3,8,46,10
"130520064",0,1,4,0,2,23,3,0,1,4,0,0,13,1,0,0,0,0,2,10,2
"130520065",0,0,0,0,0,0,0,0,0,0,0,0,0,0,0,0,0,0,0,0,0
"130520068",0,0,0,0,0,0,0,0,0,0,0,0,0,0,0,0,0,0,0,0,0
"130520069",2,0,1,1,4,14,2,1,0,1,1,3,10,1,1,0,0,0,1,4,1
"130520070",7,8,25,11,28,175,26,4,4,11,6,13,84,13,3,4,14,5,15,91,13
"130520071",0,0,1,0,2,4,2,0,0,1,0,1,1,2,0,0,0,0,1,3,0
"130520072",0,0,0,0,0,0,0,0,0,0,0,0,0,0,0,0,0,0,0,0,0
"130520073",0,0,0,0,0,0,0,0,0,0,0,0,0,0,0,0,0,0,0,0,0
"130520075",0,0,0,0,0,0,0,0,0,0,0,0,0,0,0,0,0,0,0,0,0
"130520076",17,23,65,39,89,505,81,8,10,31,15,44,223,44,9,13,34,24,45,282,37
"130520077",74,93,182,112,181,1289,167,31,46,100,62,89,630,78,43,47,82,50,92,659,89
"130520078",0,0,0,0,2,9,1,0,0,0,0,1,4,1,0,0,0,0,1,5,0
"130520080",0,0,0,0,0,4,2,0,0,0,0,0,1,2,0,0,0,0,0,3,0
"130520081",0,0,0,0,0,0,0,0,0,0,0,0,0,0,0,0,0,0,0,0,0
"130530001",114,130,288,140,285,1493,314,60,64,154,82,144,700,139,54,66,134,58,141,793,175
"1305300010073",52,64,132,61,124,654,129,28,29,70,36,62,306,58,24,35,62,25,62,348,71
"1305300010088",37,29,97,45,85,502,127,20,15,54,23,46,235,58,17,14,43,22,39,267,69
"1305300010092",4,0,0,0,5,18,3,3,0,0,0,0,15,0,0,0,0,0,3,8,0
"1305300010105",19,32,54,30,69,303,55,9,18,28,20,34,138,21,10,14,26,10,35,165,34
"130530001011A",0,3,3,3,0,18,0,0,0,0,0,0,10,0,0,0,0,0,0,8,0
"130530003",0,0,3,2,1,11,14,0,0,2,2,1,3,7,0,0,1,0,0,8,7
"130530004",8,4,7,5,10,43,8,6,3,4,2,5,20,5,2,1,3,3,5,23,3
"130530005",2,3,5,9,6,29,7,0,1,3,6,2,15,1,2,2,2,3,4,14,6
"130530006",1,0,0,0,0,6,3,1,0,0,0,0,4,1,0,0,0,0,0,2,2
"130530007",2,4,6,3,0,18,15,1,2,3,2,0,8,5,1,2,3,1,0,10,10
"130530008",8,15,29,15,17,142,49,4,10,11,7,6,72,27,4,5,18,8,11,70,22
"130530009",15,20,36,22,27,202,52,5,13,19,14,16,100,23,10,7,17,8,11,102,29
"130530010",1,1,0,0,1,12,3,1,0,0,0,0,8,2,0,1,0,0,1,4,1
"130530011",4,2,5,5,7,28,11,1,1,3,0,3,15,6,3,1,2,5,4,13,5
"130530012",14,12,42,35,38,127,50,8,7,20,21,19,61,26,6,5,22,14,19,66,24
"130530013",0,0,1,2,1,13,0,0,0,1,1,1,7,0,0,0,0,1,0,6,0
"130530014",1,3,8,4,2,29,16,0,3,6,3,2,14,9,1,0,2,1,0,15,7
"130530015",11,9,28,12,11,68,23,6,5,10,4,4,32,11,5,4,18,8,7,36,12
"130530016",3,0,2,1,0,9,3,2,0,1,0,0,4,1,1,0,1,1,0,5,2
"130530017",13,16,32,14,28,71,12,8,6,21,6,10,36,6,5,10,11,8,18,35,6
"130530018",12,14,31,17,28,120,34,6,9,19,6,8,56,15,6,5,12,11,20,64,19
"130530019",0,0,0,0,0,0,0,0,0,0,0,0,0,0,0,0,0,0,0,0,0
"130530020",3,3,9,5,4,18,6,3,1,5,3,2,8,3,0,2,4,2,2,10,3
"130530021",3,0,7,2,4,20,10,1,0,4,2,1,11,5,2,0,3,0,3,9,5
"130530022",10,22,37,19,29,147,51,4,13,21,5,14,74,21,6,9,16,14,15,73,30
"130530023",5,7,16,4,7,57,34,3,5,8,3,2,27,16,2,2,8,1,5,30,18
"130530024",3,3,8,3,7,35,22,1,1,6,0,7,13,12,2,2,2,3,0,22,10
"130530025",2,1,4,3,7,24,21,2,1,3,2,5,14,9,0,0,1,1,2,10,12
"130530026",2,2,1,0,2,17,10,0,0,1,0,1,10,3,2,2,0,0,1,7,7
"130530027",5,2,16,9,17,70,25,1,0,6,3,5,36,12,4,2,10,6,12,34,13
"130530028",1,7,12,7,15,55,31,1,5,6,4,8,27,18,0,2,6,3,7,28,13
"130530029",5,2,3,2,7,32,28,1,1,2,2,6,18,16,4,1,1,0,1,14,12
"130530030",2,3,7,7,10,36,34,1,1,4,5,5,22,16,1,2,3,2,5,14,18
"130530034",2,6,7,1,1,22,7,1,2,3,0,0,13,2,1,4,4,1,1,9,5
"130530035",3,3,8,6,2,34,11,2,0,4,3,1,17,6,1,3,4,3,1,17,5
"130530036",4,5,10,7,8,23,7,1,3,6,4,5,12,4,3,2,4,3,3,11,3
"130530037",15,23,39,20,40,183,49,10,13,19,15,25,92,21,5,10,20,5,15,91,28
"130530038",2,2,12,7,9,26,10,1,1,7,6,7,13,2,1,1,5,1,2,13,8
"130530039",2,3,6,2,1,19,4,0,1,4,1,1,11,1,2,2,2,1,0,8,3
"130530041",0,0,2,2,1,2,3,0,0,1,1,0,1,2,0,0,1,1,1,1,1
"130530043",5,2,13,6,8,33,20,0,1,6,4,4,14,10,5,1,7,2,4,19,10
"130530046",2,2,9,3,9,25,8,2,0,5,2,5,13,2,0,2,4,1,4,12,6
"130530048",1,0,4,0,0,14,6,1,0,2,0,0,8,3,0,0,2,0,0,6,3
"130530049",6,6,17,7,13,59,18,4,5,8,2,5,30,9,2,1,9,5,8,29,9
"130530050",0,0,0,0,1,9,2,0,0,0,0,0,5,0,0,0,0,0,1,4,2
"130530052",9,3,26,16,28,102,31,4,2,11,4,12,51,14,5,1,15,12,16,51,17
"130530053",2,3,6,4,2,19,9,0,3,4,1,1,11,6,2,0,2,3,1,8,3
"130530054",4,7,21,12,21,70,19,2,3,7,5,15,38,13,2,4,14,7,6,32,6
"130530056",13,23,46,21,36,192,57,8,13,26,8,18,92,24,5,10,20,13,18,100,33
"130530057",0,0,1,3,0,5,3,0,0,0,1,0,1,3,0,0,1,2,0,4,0
"130530058",7,2,15,14,44,80,47,3,0,10,7,21,34,23,4,2,5,7,23,46,24
"130530061",5,1,8,5,6,19,22,1,0,5,3,0,13,11,4,1,3,2,6,6,11
"130530063",2,3,9,4,7,17,12,1,2,2,0,5,6,7,1,1,7,4,2,11,5
"130530064",53,60,109,60,89,457,73,21,30,50,26,42,212,33,32,30,59,34,47,245,40
"130530065",3,7,10,13,13,52,29,2,4,2,6,8,24,11,1,3,8,7,5,28,18
"130530066",1,2,11,2,3,22,10,0,2,5,2,3,12,5,1,0,6,0,0,10,5
"130530067",31,48,145,91,101,442,157,18,25,69,49,56,216,78,13,23,76,42,45,226,79
"130530068",24,20,47,30,48,187,46,10,15,18,12,27,89,23,14,5,29,18,21,98,23
"130530069",12,8,24,16,22,107,55,6,5,17,6,12,56,24,6,3,7,10,10,51,31
"130530070",15,13,44,32,24,148,60,3,7,16,13,12,80,35,12,6,28,19,12,68,25
"130530071",12,8,19,17,30,134,105,3,4,12,9,18,61,46,9,4,7,8,12,73,59
"130530072",8,13,28,10,19,104,35,3,7,16,6,7,53,14,5,6,12,4,12,51,21
"130530073",2,1,4,1,7,23,17,0,1,2,1,5,12,8,2,0,2,0,2,11,9
"130530074",19,25,77,45,61,293,85,12,16,38,26,28,136,42,7,9,39,19,33,157,43
"130530075",0,0,0,0,0,0,0,0,0,0,0,0,0,0,0,0,0,0,0,0,0
"130530079",8,2,16,12,7,44,25,4,1,5,5,1,20,14,4,1,11,7,6,24,11
"130530080",0,0,0,0,0,0,0,0,0,0,0,0,0,0,0,0,0,0,0,0,0
"130530081",3,4,12,7,4,31,11,1,4,9,1,3,15,5,2,0,3,6,1,16,6
"130530083",0,2,2,3,3,13,2,0,1,2,0,2,6,1,0,1,0,3,1,7,1
"130530084",5,3,8,2,2,24,6,4,1,6,2,2,14,2,1,2,2,0,0,10,4
"130530085",8,12,29,18,43,124,29,5,8,21,9,22,60,12,3,4,8,9,21,64,17
"130530086",5,7,15,8,12,50,28,2,4,6,2,7,25,15,3,3,9,6,5,25,13
"130530090",10,9,29,21,12,77,46,5,4,15,13,7,39,16,5,5,14,8,5,38,30
"130530091",8,18,47,26,59,163,96,3,11,26,11,36,83,48,5,7,21,15,23,80,48
"130530092",3,3,4,10,10,45,18,2,2,4,6,6,22,10,1,1,0,4,4,23,8
"130530093",1,1,2,3,1,11,3,1,0,0,3,1,6,2,0,1,2,0,0,5,1
"130530094",0,0,0,0,0,0,0,0,0,0,0,0,0,0,0,0,0,0,0,0,0
"130530095",5,4,13,4,8,33,7,2,1,6,1,3,18,5,3,3,7,3,5,15,2
"130530099",1,0,4,3,3,10,12,1,0,3,1,0,5,6,0,0,1,2,3,5,6
"130530100",1,0,0,2,1,3,2,0,0,0,2,1,1,0,1,0,0,0,0,2,2
"130530102",2,5,2,1,4,11,1,1,5,2,1,1,5,0,1,0,0,0,3,6,1
"130530103",0,0,0,0,0,8,13,0,0,0,0,0,4,6,0,0,0,0,0,4,7
"130530105",3,2,14,6,11,60,23,1,1,8,3,6,31,10,2,1,6,3,5,29,13
"130530106",3,0,0,0,2,6,7,2,0,0,0,2,4,3,1,0,0,0,0,2,4
"130530109",7,1,16,4,15,46,9,5,1,8,0,9,25,5,2,0,8,4,6,21,4
"130530110",0,0,0,0,0,0,0,0,0,0,0,0,0,0,0,0,0,0,0,0,0
"130530111",3,6,20,8,5,55,15,1,2,9,4,2,25,7,2,4,11,4,3,30,8
"130530112",4,3,6,7,5,24,11,3,2,3,4,1,13,3,1,1,3,3,4,11,8
"130530113",24,18,51,37,56,167,27,12,10,24,17,22,84,15,12,8,27,20,34,83,12
"130530114",1,1,4,2,2,12,2,1,0,4,1,2,7,0,0,1,0,1,0,5,2
"130530115",0,3,10,4,6,35,4,0,3,5,4,5,15,2,0,0,5,0,1,20,2
"130530122",0,0,0,0,0,0,0,0,0,0,0,0,0,0,0,0,0,0,0,0,0
"130530126",32,48,103,40,74,414,77,16,27,41,26,36,190,34,16,21,62,14,38,224,43
"130530128",12,12,23,13,17,77,14,3,6,11,6,12,40,5,9,6,12,7,5,37,9
"130530129",11,8,20,11,16,58,13,6,1,7,5,10,28,10,5,7,13,6,6,30,3
"130530130",5,0,12,7,12,33,14,1,0,5,3,3,19,6,4,0,7,4,9,14,8
"130530131",7,7,6,8,7,33,2,3,3,2,3,3,13,1,4,4,4,5,4,20,1
"130530133",1,3,3,3,4,21,14,0,0,2,1,4,9,7,1,3,1,2,0,12,7
"130530134",1,3,1,0,5,14,1,1,2,0,0,1,6,1,0,1,1,0,4,8,0
"130530136",3,3,18,8,13,62,34,1,1,9,5,5,28,18,2,2,9,3,8,34,16
"130530138",0,0,0,0,0,0,0,0,0,0,0,0,0,0,0,0,0,0,0,0,0
"130530139",1,1,7,0,3,15,2,1,0,4,0,0,8,0,0,1,3,0,3,7,2
"130530140",0,0,0,0,0,7,6,0,0,0,0,0,5,3,0,0,0,0,0,2,3
"130530141",10,10,15,12,14,77,26,5,4,10,7,8,38,13,5,6,5,5,6,39,13
"130530144",8,4,22,9,14,64,18,5,3,10,3,7,33,7,3,1,12,6,7,31,11
"130530145",1,0,0,0,2,5,1,0,0,0,0,1,2,1,1,0,0,0,1,3,0
"130530147",3,3,12,8,12,39,7,3,2,7,6,4,17,5,0,1,5,2,8,22,2
"130530148",11,4,20,14,23,71,25,3,1,10,5,10,30,14,8,3,10,9,13,41,11
"130530149",0,1,7,2,8,23,3,0,0,1,0,6,12,2,0,1,6,2,2,11,1
"130530150",0,0,0,0,0,0,0,0,0,0,0,0,0,0,0,0,0,0,0,0,0
"130530153",0,1,0,0,1,5,3,0,1,0,0,0,2,2,0,0,0,0,1,3,1
"130530154",0,0,0,0,0,0,0,0,0,0,0,0,0,0,0,0,0,0,0,0,0
"130530156",8,2,15,5,12,43,7,6,1,9,4,7,21,4,2,1,6,1,5,22,3
"130530158",0,1,2,3,1,11,2,0,0,0,3,0,6,1,0,1,2,0,1,5,1
"130530159",2,2,2,4,5,19,4,2,1,2,2,3,9,3,0,1,0,2,2,10,1
"130530160",1,0,4,3,7,12,6,1,0,1,1,6,8,3,0,0,3,2,1,4,3
"130530162",8,11,34,16,22,111,44,5,9,19,10,10,49,28,3,2,15,6,12,62,16
"130530165",0,0,1,2,5,4,3,0,0,1,0,3,1,0,0,0,0,2,2,3,3
"130530166",3,2,8,6,6,34,11,1,1,6,5,2,15,6,2,1,2,1,4,19,5
"130530167",0,0,0,1,0,6,2,0,0,0,0,0,3,1,0,0,0,1,0,3,1
"130530168",0,0,0,0,0,0,0,0,0,0,0,0,0,0,0,0,0,0,0,0,0
"130530169",5,6,15,4,10,38,8,3,2,9,3,8,20,4,2,4,6,1,2,18,4
"130530170",0,2,0,3,1,12,4,0,2,0,0,0,9,1,0,0,0,3,1,3,3
"130530171",7,5,7,6,13,56,20,5,4,3,6,5,26,10,2,1,4,0,8,30,10
"130530172",2,2,10,6,5,18,2,2,0,5,3,1,8,1,0,2,5,3,4,10,1
"130530173",0,0,1,1,4,4,2,0,0,1,1,1,2,1,0,0,0,0,3,2,1
"130540001",40,35,107,54,92,603,176,21,20,55,32,48,287,79,19,15,52,22,44,316,97
"1305400010047",40,35,107,54,92,603,176,21,20,55,32,48,287,79,19,15,52,22,44,316,97
"130540002",24,32,76,25,62,361,79,8,18,40,10,26,167,35,16,14,36,15,36,194,44
"130540003",22,20,77,32,67,404,113,11,10,43,18,33,189,49,11,10,34,14,34,215,64
"130540004",20,33,72,53,65,449,120,8,22,39,30,35,209,50,12,11,33,23,30,240,70
"130540005",42,48,95,36,65,397,92,18,27,46,13,32,179,47,24,21,49,23,33,218,45
"130540006",9,9,24,18,26,152,69,7,8,17,8,14,74,31,2,1,7,10,12,78,38
"130540007",38,60,130,57,96,571,140,23,30,65,20,51,259,62,15,30,65,37,45,312,78
"130540008",14,19,42,28,30,189,52,11,10,24,14,18,93,26,3,9,18,14,12,96,26
"130540010",33,52,114,49,72,498,158,14,27,57,24,37,228,78,19,25,57,25,35,270,80
"130540011",54,63,166,92,161,818,260,27,31,83,35,80,392,122,27,32,83,57,81,426,138
"130540012",10,8,26,6,19,88,27,4,6,9,3,6,38,12,6,2,17,3,13,50,15
"130540013",73,81,184,63,144,908,332,42,48,106,37,80,411,143,31,33,78,26,64,497,189
"130540014",43,54,139,72,101,596,157,20,19,78,37,54,294,75,23,35,61,35,47,302,82
"130540015",27,29,69,40,60,320,96,14,14,39,19,28,149,45,13,15,30,21,32,171,51
"130540017",39,35,101,51,72,590,219,19,16,50,27,30,269,99,20,19,51,24,42,321,120
"130540018",2,6,2,4,7,36,20,1,3,1,2,0,13,11,1,3,1,2,7,23,9
"130540019",121,173,369,209,297,1962,476,69,96,171,105,157,919,224,52,77,198,104,140,1043,252
"1305400190102",121,173,369,209,297,1962,476,69,96,171,105,157,919,224,52,77,198,104,140,1043,252
"130540020",44,51,139,61,106,539,109,25,20,69,32,61,257,52,19,31,70,29,45,282,57
"130540021",54,86,182,79,139,876,275,26,42,91,44,75,411,128,28,44,91,35,64,465,147
"130540022",32,43,67,28,50,317,73,20,20,27,17,30,140,35,12,23,40,11,20,177,38
"130540023",39,68,144,70,117,679,185,21,33,80,35,71,320,90,18,35,64,35,46,359,95
"130540024",28,35,106,57,69,417,106,11,21,65,26,26,190,52,17,14,41,31,43,227,54
"130540026",51,68,175,61,123,681,114,30,32,87,36,72,335,58,21,36,88,25,51,346,56
"130540027",17,37,83,26,49,296,65,8,26,35,11,24,137,27,9,11,48,15,25,159,38
"130540028",22,23,70,33,66,306,56,12,11,35,17,36,146,27,10,12,35,16,30,160,29
"130540029",22,34,56,33,40,291,50,9,16,25,17,24,141,23,13,18,31,16,16,150,27
"130540030",27,42,78,48,60,346,73,11,24,29,18,28,175,31,16,18,49,30,32,171,42
"130540031",21,30,62,32,43,349,82,15,13,34,18,18,165,41,6,17,28,14,25,184,41
"130540032",138,151,325,159,245,1652,419,71,86,172,73,134,761,189,67,65,153,86,111,891,230
"1305400320136",63,78,140,66,115,778,232,37,44,76,22,63,354,103,26,34,64,44,52,424,129
"1305400320140",75,73,185,93,130,874,187,34,42,96,51,71,407,86,41,31,89,42,59,467,101
"130540034",13,19,34,13,15,139,32,8,13,15,5,8,66,18,5,6,19,8,7,73,14
"130540035",9,14,28,19,25,108,27,4,6,13,9,13,55,17,5,8,15,10,12,53,10
"130540036",15,23,57,32,31,253,68,8,11,39,15,15,113,38,7,12,18,17,16,140,30
"130540037",24,30,53,25,49,255,63,11,17,26,13,28,130,34,13,13,27,12,21,125,29
"130540038",22,18,51,30,44,243,60,13,10,22,10,24,124,32,9,8,29,20,20,119,28
"130540039",20,23,55,23,49,247,66,7,11,31,15,23,119,32,13,12,24,8,26,128,34
"130540040",36,38,117,42,114,456,101,17,20,55,20,59,225,50,19,18,62,22,55,231,51
"130540041",6,7,23,4,15,91,20,3,4,12,2,5,45,12,3,3,11,2,10,46,8
"130540044",7,5,23,11,16,109,16,2,5,10,3,8,58,9,5,0,13,8,8,51,7
"130540048",51,58,138,65,100,593,129,22,39,71,31,54,292,57,29,19,67,34,46,301,72
"130540049",16,12,46,25,26,177,30,7,6,18,15,12,85,14,9,6,28,10,14,92,16
"130540050",1,0,2,1,3,15,2,1,0,1,0,1,8,1,0,0,1,1,2,7,1
"130540051",23,42,104,44,63,371,84,12,25,51,19,33,170,38,11,17,53,25,30,201,46
"130540052",17,28,59,19,25,229,52,14,14,35,14,14,98,25,3,14,24,5,11,131,27
"130540053",13,23,46,16,34,175,13,5,14,20,10,19,79,8,8,9,26,6,15,96,5
"130540054",4,11,35,11,23,116,26,3,5,18,3,14,60,14,1,6,17,8,9,56,12
"130540055",4,6,11,2,11,62,9,4,3,8,1,8,33,6,0,3,3,1,3,29,3
"130550001",110,131,307,145,238,1423,322,57,63,148,67,125,646,152,53,68,159,78,113,777,170
"1305500010063",5,11,25,6,13,131,58,5,4,14,0,9,59,29,0,7,11,4,4,72,29
"1305500010097",38,44,87,44,73,424,93,20,19,40,14,40,188,49,18,25,47,30,33,236,44
"130550001010A",24,32,79,29,58,319,66,15,16,39,18,33,147,26,9,16,40,11,25,172,40
"1305500010133",37,33,82,39,67,375,74,16,17,44,17,31,173,36,21,16,38,22,36,202,38
"1305500010148",6,11,34,27,27,174,31,0,7,11,16,12,79,12,5,4,23,11,15,95,19
"130550002",13,11,30,11,14,113,24,7,5,10,6,7,54,13,6,6,20,5,7,59,11
"130550003",37,70,100,52,71,450,94,20,38,49,21,35,221,39,17,32,51,31,36,229,55
"130550004",69,80,189,93,150,827,170,39,45,99,50,93,386,78,30,35,90,43,57,441,92
"130550005",5,15,33,12,23,165,43,4,5,22,5,14,79,22,1,10,11,7,9,86,21
"130550006",23,24,49,17,32,246,83,13,7,29,11,14,104,46,10,17,20,6,18,142,37
"130550007",37,39,100,53,74,391,77,20,22,51,30,40,190,39,17,17,49,23,34,201,38
"130550008",28,47,97,30,69,431,112,16,25,45,16,36,206,45,12,22,52,14,33,225,67
"130550009",20,20,73,41,90,487,170,6,7,39,24,46,243,75,14,13,34,17,44,244,95
"130550010",3,4,12,5,3,52,27,2,2,7,4,1,29,16,1,2,5,1,2,23,11
"130550011",52,86,125,54,92,534,123,26,46,63,23,52,255,57,26,40,62,31,40,279,66
"130550012",23,18,56,28,42,294,109,12,7,25,15,20,133,58,11,11,31,13,22,161,51
"130550013",95,122,247,106,161,1080,276,42,72,139,53,92,502,122,53,50,108,53,69,578,154
"130550014",18,22,39,26,37,173,49,9,11,21,10,19,81,25,9,11,18,16,18,92,24
"130550015",16,16,43,19,39,265,69,7,7,26,14,22,132,32,9,9,17,5,17,133,37
"130550016",31,39,89,33,60,385,110,15,25,39,19,35,170,51,16,14,50,14,25,215,59
"130550017",115,140,260,135,235,1376,317,67,79,142,80,123,659,141,48,61,118,55,112,717,176
"1305500170114",57,58,125,72,121,733,162,31,33,70,47,69,356,73,26,25,55,25,52,377,89
"1305500170129",58,82,135,63,114,643,155,36,46,72,33,54,303,68,22,36,63,30,60,340,87
"130550018",23,30,95,41,59,359,85,9,16,45,21,29,171,50,14,14,50,20,30,188,35
"130550019",7,9,16,10,11,71,23,2,7,10,3,7,31,12,5,2,6,7,4,40,11
"130550020",1,0,1,2,2,7,5,0,0,1,1,1,4,2,1,0,0,1,1,3,3
"130550021",8,19,25,16,7,97,14,2,8,11,8,2,47,6,6,11,14,8,5,50,8
"130550022",1,1,7,4,5,29,9,0,1,4,2,4,13,6,1,0,3,2,1,16,3
"130550023",2,8,3,0,0,16,5,1,5,2,0,0,8,3,1,3,1,0,0,8,2
"130550025",1,1,1,1,0,8,2,1,0,1,1,0,3,1,0,1,0,0,0,5,1
"130550027",1,0,0,0,2,5,3,1,0,0,0,0,3,3,0,0,0,0,2,2,0
"130550028",33,50,62,30,52,290,59,16,21,24,14,25,138,27,17,29,38,16,27,152,32
"130550029",0,0,0,0,0,0,0,0,0,0,0,0,0,0,0,0,0,0,0,0,0
"130550030",0,0,0,0,0,0,0,0,0,0,0,0,0,0,0,0,0,0,0,0,0
"130560001",688,782,1817,920,1543,9406,2279,336,379,969,436,770,4239,1015,352,403,848,484,773,5167,1264
"1305600010037",10,6,7,6,14,95,52,4,4,5,0,11,38,23,6,0,0,4,3,57,29
"1305600010075",30,29,77,31,58,376,64,16,14,40,19,28,168,31,14,15,37,12,30,208,33
"130560001008A",66,99,229,108,192,1337,510,33,52,134,52,101,597,226,33,47,95,56,91,740,284
"1305600010107",18,18,34,18,32,163,33,3,10,14,8,12,77,16,15,8,20,10,20,86,17
"1305600010111",8,9,24,12,19,91,12,4,5,14,8,10,40,3,4,4,10,4,9,51,9
"1305600010126",0,3,7,0,0,17,0,0,0,3,0,0,7,0,0,0,4,0,0,10,0
"1305600010183",43,58,141,67,142,842,184,19,28,73,37,62,376,69,24,30,68,30,80,466,115
"1305600010200",99,132,288,150,248,1658,461,46,62,152,72,119,750,211,53,70,136,78,129,908,250
"1305600010215",89,86,239,137,211,1262,318,44,47,133,61,97,598,131,45,39,106,76,114,664,187
"130560001022A",106,107,260,133,187,1161,168,62,51,144,60,104,520,79,44,56,116,73,83,641,89
"1305600010234",113,137,270,122,232,1255,257,50,64,137,61,112,555,119,63,73,133,61,120,700,138
"1305600010249",8,4,16,11,25,137,46,3,3,14,4,13,62,22,5,0,0,7,12,75,24
"1305600010287",11,5,20,4,12,76,17,4,4,8,3,3,34,9,7,0,12,0,9,42,8
"1305600010291",39,23,92,49,63,371,64,22,5,41,17,36,158,30,17,18,51,32,27,213,34
"1305600010304",48,66,113,70,106,568,92,26,28,57,30,61,260,46,22,38,56,40,45,308,46
"130560003",13,22,37,22,27,180,51,5,14,17,10,13,89,24,8,8,20,12,14,91,27
"130560004",95,129,238,111,180,1061,229,45,61,124,52,82,508,114,50,68,114,59,98,553,115
"130560005",127,154,347,202,327,1855,460,64,72,188,101,159,840,187,63,82,159,101,168,1015,273
"1305600050164",48,59,143,83,141,705,145,27,26,75,40,68,313,60,21,33,68,43,73,392,85
"1305600050179",79,95,204,119,186,1150,315,37,46,113,61,91,527,127,42,49,91,58,95,623,188
"130560006",7,18,18,11,23,117,41,2,8,13,6,10,59,18,5,10,5,5,13,58,23
"130560007",29,29,67,27,45,266,60,12,12,44,17,22,118,26,17,17,23,10,23,148,34
"130560008",30,38,120,62,119,639,165,14,15,51,26,53,285,71,16,23,69,36,66,354,94
"130560014",16,17,27,15,29,174,53,11,13,17,8,15,88,31,5,4,10,7,14,86,22
"130560016",87,93,169,93,147,815,117,48,52,84,50,72,405,54,39,41,85,43,75,410,63
"130560018",7,17,36,18,26,164,16,4,8,18,7,8,78,10,3,9,18,11,18,86,6
"130560021",6,8,15,9,5,65,7,3,3,8,4,3,32,3,3,5,7,5,2,33,4
"130560028",26,23,54,37,49,309,58,14,10,23,17,28,128,34,12,13,31,20,21,181,24
"130560029",0,0,0,0,0,0,0,0,0,0,0,0,0,0,0,0,0,0,0,0,0
"130560030",0,0,0,0,0,0,0,0,0,0,0,0,0,0,0,0,0,0,0,0,0
"130560032",9,12,13,9,8,92,17,3,6,6,4,3,41,7,6,6,7,5,5,51,10
"130560033",126,135,315,134,223,1095,158,65,71,148,60,116,507,70,61,64,167,74,107,588,88
"130560034",26,34,73,34,54,307,47,15,19,34,19,30,139,21,11,15,39,15,24,168,26
"130560035",39,38,98,49,98,523,76,26,20,53,27,47,233,36,13,18,45,22,51,290,40
"130560036",243,260,506,285,478,3012,316,130,111,247,133,238,1389,134,113,149,259,152,240,1623,182
"1305600360253",58,56,124,38,98,780,93,29,26,61,20,57,366,41,29,30,63,18,41,414,52
"1305600360268",42,57,94,67,128,646,99,24,28,51,31,61,296,42,18,29,43,36,67,350,57
"1305600360272",135,141,266,172,238,1524,118,72,56,128,77,114,699,51,63,85,138,95,124,825,67
"1305600360319",8,6,22,8,14,62,6,5,0,7,5,6,28,0,3,5,15,3,8,34,6
"130560038",1,2,27,9,14,73,9,1,1,16,6,6,31,2,0,1,11,3,8,42,7
"130560039",14,12,35,13,21,104,16,5,3,16,7,12,49,6,9,9,19,6,9,55,10
"130560041",1,0,5,1,0,9,0,1,0,3,1,0,4,0,0,0,2,0,0,5,0
"130560043",4,8,12,5,10,48,2,2,5,7,2,6,21,2,2,3,5,3,4,27,0
"130560044",70,83,152,75,119,901,86,47,46,79,39,57,419,40,23,37,73,36,62,482,46
"130560045",0,0,0,0,0,0,0,0,0,0,0,0,0,0,0,0,0,0,0,0,0
"130560046",35,33,86,42,60,291,51,22,19,41,22,31,125,29,13,14,45,20,29,166,22
"130570001",217,248,538,288,419,2514,581,111,129,278,139,205,1118,265,106,119,260,149,214,1396,316
"1305700010072",101,126,253,133,190,1160,245,58,73,129,64,87,520,112,43,53,124,69,103,640,133
"1305700010087",100,96,235,120,170,1123,305,43,44,119,53,92,493,144,57,52,116,67,78,630,161
"1305700010091",0,13,18,11,13,60,9,0,6,10,11,5,30,3,0,7,8,0,8,30,6
"1305700010104",16,11,31,21,38,153,19,10,4,19,9,16,64,5,6,7,12,12,22,89,14
"1305700010119",0,0,0,3,8,18,3,0,0,0,0,5,12,0,0,0,0,0,3,9,0
"130570002",10,10,28,16,20,138,46,6,7,11,9,15,66,23,4,3,17,7,5,72,23
"130570003",2,5,11,4,3,29,14,2,4,8,1,2,12,8,0,1,3,3,1,17,6
"130570004",3,2,14,5,5,40,14,2,1,6,2,1,20,8,1,1,8,3,4,20,6
"130570005",8,11,27,15,41,123,40,5,3,15,9,22,61,18,3,8,12,6,19,62,22
"130570007",15,16,36,23,30,171,39,8,11,23,14,16,78,16,7,5,13,9,14,93,23
"130570008",19,10,28,19,41,156,29,12,6,12,10,21,80,14,7,4,16,9,20,76,15
"130570009",2,7,11,3,3,34,6,1,3,10,3,2,16,3,1,4,1,0,1,18,3
"130570010",16,11,37,19,26,175,73,9,7,14,9,15,88,40,7,4,23,10,11,87,33
"130570011",4,7,25,23,19,111,50,1,5,13,12,7,55,26,3,2,12,11,12,56,24
"130570012",10,14,31,12,13,133,13,7,10,19,5,7,61,6,3,4,12,7,6,72,7
"130570014",20,14,41,16,40,209,49,11,6,20,10,17,91,25,9,8,21,6,23,118,24
"130570015",1,4,4,5,8,29,18,0,1,3,2,4,17,9,1,3,1,3,4,12,9
"130570016",3,7,6,6,11,47,20,2,3,3,2,5,20,8,1,4,3,4,6,27,12
"130570018",12,9,13,11,23,96,34,10,5,5,5,9,52,15,2,4,8,6,14,44,19
"130570019",5,2,6,1,5,49,18,1,1,3,1,2,20,11,4,1,3,0,3,29,7
"130570021",14,18,20,16,23,152,52,9,10,9,6,11,68,27,5,8,11,10,12,84,25
"130570022",26,26,73,37,54,329,71,12,14,40,22,25,164,37,14,12,33,15,29,165,34
"130570023",7,11,25,9,11,100,28,3,5,14,5,6,45,11,4,6,11,4,5,55,17
"130570024",27,32,71,44,54,354,58,12,17,37,22,28,168,30,15,15,34,22,26,186,28
"130570025",6,7,7,5,8,53,11,4,1,4,4,3,27,5,2,6,3,1,5,26,6
"130570026",3,3,12,6,5,50,16,3,1,4,2,3,26,8,0,2,8,4,2,24,8
"130570027",0,0,0,0,3,6,1,0,0,0,0,1,3,1,0,0,0,0,2,3,0
"130570028",5,8,15,5,7,51,12,2,5,6,4,3,22,8,3,3,9,1,4,29,4
"130570030",1,1,2,2,1,15,3,1,0,1,2,0,8,3,0,1,1,0,1,7,0
"130570031",0,3,1,2,4,16,8,0,1,0,1,4,8,4,0,2,1,1,0,8,4
"130570032",0,0,0,0,0,0,0,0,0,0,0,0,0,0,0,0,0,0,0,0,0
"130570033",10,11,33,7,21,125,43,4,5,16,5,15,58,22,6,6,17,2,6,67,21
"130570034",0,3,3,2,0,11,3,0,2,2,0,0,6,2,0,1,1,2,0,5,1
"130570036",11,14,27,18,25,100,29,6,6,15,10,14,48,14,5,8,12,8,11,52,15
"130570044",0,1,3,0,3,9,1,0,0,3,0,2,3,0,0,1,0,0,1,6,1
"130570046",0,0,0,0,0,0,0,0,0,0,0,0,0,0,0,0,0,0,0,0,0
"130570048",3,5,4,2,5,28,14,1,1,1,2,3,15,10,2,4,3,0,2,13,4
"130570049",2,6,10,4,10,66,11,2,2,4,3,6,27,5,0,4,6,1,4,39,6
"130570050",0,0,0,0,0,0,0,0,0,0,0,0,0,0,0,0,0,0,0,0,0
"130570053",9,10,12,12,7,71,15,5,4,2,8,6,36,10,4,6,10,4,1,35,5
"130570055",7,5,5,2,6,32,17,2,2,3,1,2,16,8,5,3,2,1,4,16,9
"130570057",0,0,0,0,0,0,0,0,0,0,0,0,0,0,0,0,0,0,0,0,0
"130570058",0,0,0,0,0,0,0,0,0,0,0,0,0,0,0,0,0,0,0,0,0
"130570059",0,0,0,0,0,0,0,0,0,0,0,0,0,0,0,0,0,0,0,0,0
"130570060",8,16,31,7,22,128,31,6,7,17,6,14,61,13,2,9,14,1,8,67,18
"130570061",0,0,0,0,0,0,0,0,0,0,0,0,0,0,0,0,0,0,0,0,0
"130570063",2,0,3,1,1,10,14,1,0,2,1,1,5,7,1,0,1,0,0,5,7
"130570065",7,10,33,25,20,107,15,5,4,14,14,11,55,8,2,6,19,11,9,52,7
"130570066",8,6,11,4,7,33,6,5,5,4,4,3,15,4,3,1,7,0,4,18,2
"130570067",0,0,0,0,0,0,0,0,0,0,0,0,0,0,0,0,0,0,0,0,0
"130570068",0,0,0,0,0,0,0,0,0,0,0,0,0,0,0,0,0,0,0,0,0
"130570070",16,17,36,13,16,113,34,11,11,20,8,9,52,17,5,6,16,5,7,61,17
"130570073",9,10,22,9,16,91,9,5,6,15,5,10,46,4,4,4,7,4,6,45,5
"130570074",1,4,6,3,1,17,5,0,1,3,2,1,7,2,1,3,3,1,0,10,3
"130570075",0,1,2,4,0,9,6,0,1,1,2,0,5,3,0,0,1,2,0,4,3
"130570079",0,0,0,1,1,4,5,0,0,0,0,0,2,3,0,0,0,1,1,2,2
"130570080",0,0,0,0,0,0,0,0,0,0,0,0,0,0,0,0,0,0,0,0,0
"130570082",0,0,0,0,0,0,0,0,0,0,0,0,0,0,0,0,0,0,0,0,0
"130570083",0,0,0,0,0,0,0,0,0,0,0,0,0,0,0,0,0,0,0,0,0
"130570086",0,0,0,0,0,0,0,0,0,0,0,0,0,0,0,0,0,0,0,0,0
"130570093",5,9,21,9,8,61,20,5,5,10,6,5,27,8,0,4,11,3,3,34,12
"130570094",2,9,10,7,7,42,6,1,6,2,5,4,16,3,1,3,8,2,3,26,3
"130570096",4,3,8,4,4,24,7,2,1,5,0,3,9,3,2,2,3,4,1,15,4
"130570101",0,0,0,0,0,0,0,0,0,0,0,0,0,0,0,0,0,0,0,0,0
"130570105",0,0,0,0,0,0,0,0,0,0,0,0,0,0,0,0,0,0,0,0,0
"130570106",0,0,0,0,0,0,0,0,0,0,0,0,0,0,0,0,0,0,0,0,0
"130570108",0,0,0,0,0,0,0,0,0,0,0,0,0,0,0,0,0,0,0,0,0
"130570110",0,1,3,0,0,6,4,0,0,1,0,0,3,3,0,1,2,0,0,3,1
"130570114",0,0,0,0,0,0,0,0,0,0,0,0,0,0,0,0,0,0,0,0,0
"130570116",7,11,12,6,4,60,13,5,6,5,2,2,24,7,2,5,7,4,2,36,6
"130570117",7,7,20,14,13,75,21,4,1,8,11,4,36,11,3,6,12,3,9,39,10
"130570120",6,14,26,6,11,74,25,5,10,14,5,2,32,14,1,4,12,1,9,42,11
"130570121",1,3,2,3,9,21,7,1,2,0,1,3,9,3,0,1,2,2,6,12,4
"130570131",2,4,9,7,7,23,8,1,2,7,3,5,10,3,1,2,2,4,2,13,5
"130570132",0,0,0,0,0,0,0,0,0,0,0,0,0,0,0,0,0,0,0,0,0
"130570133",3,3,2,3,4,14,5,2,3,1,2,1,6,2,1,0,1,1,3,8,3
"130570136",0,0,0,0,0,0,0,0,0,0,0,0,0,0,0,0,0,0,0,0,0
"130570137",24,20,32,21,27,145,15,13,10,12,10,11,70,8,11,10,20,11,16,75,7
"130570138",0,0,0,0,0,0,0,0,0,0,0,0,0,0,0,0,0,0,0,0,0
"130570141",0,0,0,1,0,7,0,0,0,0,0,0,3,0,0,0,0,1,0,4,0
"130570142",0,0,0,0,0,0,0,0,0,0,0,0,0,0,0,0,0,0,0,0,0
"130570143",0,0,0,0,0,0,0,0,0,0,0,0,0,0,0,0,0,0,0,0,0
"130570144",0,0,4,2,1,7,2,0,0,0,0,0,4,1,0,0,4,2,1,3,1
"130570145",0,0,0,0,4,7,3,0,0,0,0,2,4,0,0,0,0,0,2,3,3
"130570147",0,0,0,0,0,0,0,0,0,0,0,0,0,0,0,0,0,0,0,0,0
"130570149",0,0,3,2,0,5,1,0,0,2,2,0,2,1,0,0,1,0,0,3,0
"130570150",4,4,11,2,8,34,4,2,3,3,2,7,18,1,2,1,8,0,1,16,3
"130570152",3,2,7,3,6,23,5,1,2,3,1,1,9,4,2,0,4,2,5,14,1
"130570153",0,0,0,0,0,0,0,0,0,0,0,0,0,0,0,0,0,0,0,0,0
"130570154",0,0,2,0,3,15,4,0,0,1,0,2,6,2,0,0,1,0,1,9,2
"130570155",0,0,3,1,3,14,3,0,0,1,0,2,7,2,0,0,2,1,1,7,1
"130570156",0,0,0,0,0,0,0,0,0,0,0,0,0,0,0,0,0,0,0,0,0
"130570157",4,6,9,6,8,68,21,2,2,7,2,4,32,10,2,4,2,4,4,36,11
"130570160",0,0,0,1,1,4,4,0,0,0,0,0,3,2,0,0,0,1,1,1,2
"130570161",3,1,1,2,3,15,3,1,1,1,2,3,7,1,2,0,0,0,0,8,2
"130570162",0,1,5,4,6,16,2,0,1,3,3,3,7,0,0,0,2,1,3,9,2
"130570164",0,0,0,0,0,0,0,0,0,0,0,0,0,0,0,0,0,0,0,0,0
"130570165",2,1,7,5,8,24,3,0,1,4,2,4,10,2,2,0,3,3,4,14,1
"130570166",1,5,7,4,4,21,2,1,3,5,2,2,9,0,0,2,2,2,2,12,2
"130570167",5,6,11,5,1,30,11,4,3,4,2,0,14,6,1,3,7,3,1,16,5
"130570168",2,4,3,2,5,22,2,1,2,1,0,1,14,1,1,2,2,2,4,8,1
"130570169",11,12,14,5,12,83,12,7,5,8,1,6,41,4,4,7,6,4,6,42,8
"130570170",12,5,20,7,10,71,16,6,2,10,3,6,33,8,6,3,10,4,4,38,8
"130570172",0,0,0,0,0,0,0,0,0,0,0,0,0,0,0,0,0,0,0,0,0
"130570174",5,8,13,6,7,43,21,3,5,6,2,4,20,11,2,3,7,4,3,23,10
"130570175",4,2,8,1,2,28,7,3,1,6,1,2,14,5,1,1,2,0,0,14,2
"130570176",6,11,14,10,12,75,18,3,5,7,5,6,36,6,3,6,7,5,6,39,12
"130570179",0,0,0,0,0,0,0,0,0,0,0,0,0,0,0,0,0,0,0,0,0
"130570180",0,0,0,0,0,0,0,0,0,0,0,0,0,0,0,0,0,0,0,0,0
"130570181",19,36,55,28,63,250,61,11,17,23,14,33,121,28,8,19,32,14,30,129,33
"130570182",2,3,6,1,6,41,12,1,2,3,1,6,18,8,1,1,3,0,0,23,4
"130570183",0,0,0,0,0,0,0,0,0,0,0,0,0,0,0,0,0,0,0,0,0
"130570185",12,13,14,14,17,90,16,6,10,7,10,11,42,6,6,3,7,4,6,48,10
"130580001",137,184,402,200,321,2104,677,70,92,186,93,162,904,299,67,92,216,107,159,1200,378
"1305800010065",49,71,130,66,113,788,297,26,30,55,31,55,344,130,23,41,75,35,58,444,167
"130580001007A",50,49,131,58,106,683,217,20,27,65,25,56,293,95,30,22,66,33,50,390,122
"1305800010101",30,58,117,65,94,567,153,18,33,51,31,49,241,68,12,25,66,34,45,326,85
"1305800010116",0,0,6,3,4,23,3,0,0,4,0,0,10,0,0,0,0,0,3,17,0
"1305800010120",0,0,5,0,0,16,0,0,0,4,0,0,8,0,0,0,0,0,0,8,0
"1305800010135",5,3,13,6,0,31,7,3,0,7,0,0,12,4,0,0,6,4,0,19,3
"130580002",32,48,86,41,59,406,143,17,25,39,15,31,184,55,15,23,47,26,28,222,88
"130580003",22,29,64,29,48,305,72,12,15,31,8,21,134,36,10,14,33,21,27,171,36
"130580004",57,75,181,92,136,846,287,28,38,93,49,78,393,119,29,37,88,43,58,453,168
"130580006",47,37,81,43,72,443,101,28,17,36,22,39,194,43,19,20,45,21,33,249,58
"130580008",0,0,1,0,2,17,12,0,0,0,0,1,8,6,0,0,1,0,1,9,6
"130580009",39,54,97,49,74,429,125,23,24,52,19,34,204,59,16,30,45,30,40,225,66
"130580010",11,3,11,9,20,109,31,5,2,7,4,12,56,12,6,1,4,5,8,53,19
"130580011",0,0,0,0,1,11,6,0,0,0,0,0,7,4,0,0,0,0,1,4,2
"130580012",13,18,44,21,45,232,56,10,10,19,9,25,121,24,3,8,25,12,20,111,32
"130580013",19,37,65,25,51,292,99,9,20,33,12,20,128,45,10,17,32,13,31,164,54
"130580014",2,3,7,4,3,21,20,2,2,2,2,3,8,11,0,1,5,2,0,13,9
"130580015",14,22,40,16,21,169,55,4,10,19,9,13,79,28,10,12,21,7,8,90,27
"130580016",3,8,14,13,16,113,58,1,2,7,4,6,47,23,2,6,7,9,10,66,35
"130580017",93,102,223,100,154,978,187,42,56,110,56,82,437,80,51,46,113,44,72,541,107
"130580018",4,4,10,7,16,79,51,3,2,5,4,7,35,28,1,2,5,3,9,44,23
"130580019",20,22,47,25,48,286,92,14,14,18,10,25,131,44,6,8,29,15,23,155,48
"130580020",21,25,38,21,50,257,69,7,15,20,11,29,108,34,14,10,18,10,21,149,35
"130580021",3,2,5,2,4,25,18,2,1,1,2,2,12,10,1,1,4,0,2,13,8
"130580023",18,16,46,26,45,248,104,13,9,26,15,19,121,42,5,7,20,11,26,127,62
"130580024",44,50,123,67,85,469,88,19,30,68,45,34,228,37,25,20,55,22,51,241,51
"130580025",16,18,26,21,20,190,69,9,12,13,9,13,78,32,7,6,13,12,7,112,37
"130580027",6,5,13,5,7,46,26,4,4,4,2,5,22,11,2,1,9,3,2,24,15
"130580032",16,18,26,22,27,120,25,5,14,15,12,17,54,15,11,4,11,10,10,66,10
"130580036",48,46,132,56,114,541,114,24,28,76,23,50,243,53,24,18,56,33,64,298,61
"130580037",5,8,13,6,10,75,19,2,5,10,3,5,31,10,3,3,3,3,5,44,9
"130580038",2,2,2,1,0,15,3,1,2,2,1,0,8,0,1,0,0,0,0,7,3
"130580039",2,4,3,1,1,15,1,1,1,3,0,1,6,1,1,3,0,1,0,9,0
"130580041",5,15,14,10,14,75,19,3,5,8,7,7,26,9,2,10,6,3,7,49,10
"130580045",0,2,8,2,7,31,4,0,0,4,2,4,12,3,0,2,4,0,3,19,1
"130580046",0,0,0,0,0,0,0,0,0,0,0,0,0,0,0,0,0,0,0,0,0
"130580050",3,2,6,3,7,55,18,1,1,4,1,2,22,7,2,1,2,2,5,33,11
"130590001",285,334,718,351,618,3451,944,137,160,375,169,296,1569,429,148,174,343,182,322,1882,515
"1305900010039",89,107,216,114,194,1086,335,45,50,101,60,80,485,148,44,57,115,54,114,601,187
"1305900010109",58,77,151,64,107,669,153,22,27,77,36,65,312,73,36,50,74,28,42,357,80
"1305900010113",45,59,122,61,136,577,109,21,33,65,28,60,273,48,24,26,57,33,76,304,61
"1305900010128",39,39,115,52,99,578,204,22,24,68,19,50,259,83,17,15,47,33,49,319,121
"1305900010132",30,34,65,34,44,352,106,16,16,33,15,17,153,58,14,18,32,19,27,199,48
"1305900010147",24,18,49,26,38,189,37,11,10,31,11,24,87,19,13,8,18,15,14,102,18
"130590002",1,5,6,5,4,33,12,0,2,4,4,2,19,6,1,3,2,1,2,14,6
"130590003",16,20,35,31,37,214,60,9,8,23,17,18,100,24,7,12,12,14,19,114,36
"130590004",50,43,117,43,80,446,99,31,23,68,21,42,208,48,19,20,49,22,38,238,51
"130590005",24,19,54,27,32,243,75,11,9,24,16,19,120,38,13,10,30,11,13,123,37
"130590006",28,37,78,35,55,418,110,15,14,36,16,23,196,58,13,23,42,19,32,222,52
"130590007",129,142,313,135,233,1012,165,61,79,150,70,101,471,69,68,63,163,65,132,541,96
"130590008",2,4,11,2,7,42,25,2,3,5,0,4,23,12,0,1,6,2,3,19,13
"130590009",20,34,36,27,43,221,78,10,11,17,10,20,112,36,10,23,19,17,23,109,42
"130590010",4,5,12,5,14,64,15,1,4,6,3,5,26,8,3,1,6,2,9,38,7
"130590011",26,24,58,25,41,256,47,11,14,24,13,24,128,20,15,10,34,12,17,128,27
"130590012",1,4,7,5,8,46,12,0,2,2,3,5,22,5,1,2,5,2,3,24,7
"130590013",78,103,198,108,152,869,191,35,47,97,57,76,388,101,43,56,101,51,76,481,90
"130590014",111,113,293,143,233,1228,261,59,47,149,77,128,564,133,52,66,144,66,105,664,128
"130590015",24,41,87,42,68,378,96,16,19,38,24,28,181,45,8,22,49,18,40,197,51
"130590016",2,5,10,3,11,40,11,0,3,7,0,4,19,4,2,2,3,3,7,21,7
"130590017",23,21,63,28,47,250,55,11,13,27,15,22,100,32,12,8,36,13,25,150,23
"130590018",13,7,26,13,30,128,29,6,3,15,11,14,60,15,7,4,11,2,16,68,14
"130590019",88,99,178,80,147,787,171,46,49,85,37,62,350,72,42,50,93,43,85,437,99
"130590020",10,13,23,12,24,149,60,2,10,16,6,15,70,32,8,3,7,6,9,79,28
"130590021",24,25,41,24,46,251,67,10,13,25,15,19,124,35,14,12,16,9,27,127,32
"130590022",16,13,36,25,29,134,52,10,8,19,13,17,50,22,6,5,17,12,12,84,30
"130590023",155,164,318,135,232,1333,221,83,94,163,69,108,624,98,72,70,155,66,124,709,123
"130590024",20,19,30,9,26,174,40,11,10,19,5,18,84,28,9,9,11,4,8,90,12
"130590025",9,12,24,13,25,105,14,4,9,12,9,11,50,7,5,3,12,4,14,55,7
"130590026",36,41,69,28,51,375,115,16,20,40,12,31,180,63,20,21,29,16,20,195,52
"130590027",6,12,22,15,31,127,27,2,6,10,4,18,59,13,4,6,12,11,13,68,14
"130590028",13,24,54,39,62,251,122,10,10,36,23,26,117,62,3,14,18,16,36,134,60
"130590029",54,85,174,91,141,841,228,27,46,85,38,63,379,114,27,39,89,53,78,462,114
"130590030",98,126,236,103,180,985,177,52,57,105,53,91,454,69,46,69,131,50,89,531,108
"130590031",66,92,130,65,110,714,161,33,54,54,35,55,308,83,33,38,76,30,55,406,78
"130590032",5,5,7,6,11,66,26,1,1,3,4,8,31,14,4,4,4,2,3,35,12
"130590033",32,22,62,29,45,340,131,18,14,39,16,26,165,60,14,8,23,13,19,175,71
"130590034",3,4,11,6,6,45,26,1,2,3,2,2,19,17,2,2,8,4,4,26,9
"130590035",36,46,93,45,89,379,89,18,28,52,26,42,181,47,18,18,41,19,47,198,42
"130590036",43,47,98,49,80,462,95,18,27,44,25,44,216,45,25,20,54,24,36,246,50
"130590037",14,26,53,33,37,203,83,7,13,25,17,14,99,39,7,13,28,16,23,104,44
"130590038",4,7,19,5,7,92,39,2,2,9,0,1,48,20,2,5,10,5,6,44,19
"130590039",6,1,7,1,7,24,2,3,1,1,1,2,12,0,3,0,6,0,5,12,2
"130590040",0,0,0,0,0,0,0,0,0,0,0,0,0,0,0,0,0,0,0,0,0
"130590043",0,1,4,2,1,17,5,0,0,4,2,1,9,3,0,1,0,0,0,8,2
"130590046",2,2,7,1,3,27,2,0,1,5,0,0,14,1,2,1,2,1,3,13,1
"130590048",11,11,26,7,22,132,41,7,4,12,3,12,63,18,4,7,14,4,10,69,23
"130590049",1,2,2,0,2,14,4,0,1,1,0,1,8,2,1,1,1,0,1,6,2
"130590050",2,5,10,0,8,31,13,2,3,6,0,4,17,7,0,2,4,0,4,14,6
"130590052",0,0,0,1,0,3,6,0,0,0,0,0,2,4,0,0,0,1,0,1,2
"130590053",1,0,1,2,1,12,3,1,0,0,0,0,6,1,0,0,1,2,1,6,2
"130590054",21,20,67,21,55,296,60,10,11,36,9,25,138,32,11,9,31,12,30,158,28
"130590055",24,27,53,28,57,316,56,17,13,28,13,27,167,25,7,14,25,15,30,149,31
"130590059",9,7,19,9,21,122,44,5,2,11,5,12,54,24,4,5,8,4,9,68,20
"130590069",0,0,0,0,0,0,0,0,0,0,0,0,0,0,0,0,0,0,0,0,0
"130590072",5,10,14,3,9,55,5,2,8,6,2,6,22,3,3,2,8,1,3,33,2
"130590076",6,15,37,15,17,134,31,3,5,14,6,8,59,14,3,10,23,9,9,75,17
"130590077",13,14,25,10,17,154,30,5,6,12,5,8,72,15,8,8,13,5,9,82,15
"130590083",0,0,1,0,0,3,5,0,0,1,0,0,2,2,0,0,0,0,0,1,3
"130590086",26,30,67,39,54,275,60,11,11,25,15,24,122,25,15,19,42,24,30,153,35
"130590088",1,0,4,0,3,9,4,1,0,2,0,2,6,0,0,0,2,0,1,3,4
"130590090",9,8,35,17,16,130,22,5,5,18,7,10,66,12,4,3,17,10,6,64,10
"130590091",11,17,38,9,29,110,9,8,11,19,4,14,47,6,3,6,19,5,15,63,3
"130590094",0,0,0,0,0,0,0,0,0,0,0,0,0,0,0,0,0,0,0,0,0
"130590095",0,0,0,0,0,0,0,0,0,0,0,0,0,0,0,0,0,0,0,0,0
"130590096",2,1,2,2,3,9,3,2,1,0,2,2,4,1,0,0,2,0,1,5,2
"130590097",3,4,4,2,0,18,5,0,1,2,2,0,7,2,3,3,2,0,0,11,3
"130590098",33,30,69,28,73,339,87,13,16,30,14,35,160,37,20,14,39,14,38,179,50
"130590100",1,3,1,2,1,14,5,1,1,1,2,0,7,3,0,2,0,0,1,7,2
"130590101",0,0,0,0,0,0,0,0,0,0,0,0,0,0,0,0,0,0,0,0,0
"130590102",1,3,1,2,0,10,2,0,0,1,0,0,6,1,1,3,0,2,0,4,1
"130590104",8,5,5,6,12,52,7,4,3,4,2,3,27,3,4,2,1,4,9,25,4
"130590105",7,5,15,10,11,52,12,5,1,7,3,6,25,4,2,4,8,7,5,27,8
"130600001",111,130,269,144,216,1445,299,53,57,136,75,105,728,138,58,73,133,69,111,717,161
"130600001003A",111,130,269,144,216,1445,299,53,57,136,75,105,728,138,58,73,133,69,111,717,161
"130600002",17,28,36,30,28,136,39,9,14,14,20,13,66,21,8,14,22,10,15,70,18
"130600003",5,9,20,10,6,63,26,1,3,11,4,4,27,15,4,6,9,6,2,36,11
"130600004",18,20,48,22,31,145,48,10,11,25,13,20,73,21,8,9,23,9,11,72,27
"130600005",17,14,31,19,10,110,34,9,9,14,11,7,51,20,8,5,17,8,3,59,14
"130600006",29,25,66,33,38,218,55,12,17,34,17,20,105,24,17,8,32,16,18,113,31
"130600008",0,0,0,0,0,0,0,0,0,0,0,0,0,0,0,0,0,0,0,0,0
"130600009",26,23,60,37,51,250,67,9,12,28,16,24,115,26,17,11,32,21,27,135,41
"130600010",51,48,125,67,118,472,115,27,26,62,33,62,216,55,24,22,63,34,56,256,60
"130600011",7,5,17,9,20,89,24,5,3,9,2,10,42,8,2,2,8,7,10,47,16
"130600012",11,17,52,32,48,213,79,3,7,24,13,23,96,38,8,10,28,19,25,117,41
"130600013",0,0,0,0,0,0,0,0,0,0,0,0,0,0,0,0,0,0,0,0,0
"130600014",2,3,5,6,9,29,9,2,0,2,3,3,15,4,0,3,3,3,6,14,5
"130600015",15,7,23,10,15,109,20,7,5,12,7,7,53,9,8,2,11,3,8,56,11
"130600016",3,7,12,8,10,51,23,3,3,7,2,5,29,8,0,4,5,6,5,22,15
"130600019",17,9,27,15,20,100,38,8,3,11,10,13,41,24,9,6,16,5,7,59,14
"130600020",25,21,69,35,40,189,57,11,10,40,21,20,89,26,14,11,29,14,20,100,31
"130600021",1,4,3,1,6,25,8,0,2,2,0,4,10,5,1,2,1,1,2,15,3
"130600022",17,19,42,26,20,131,24,8,10,21,11,12,54,9,9,9,21,15,8,77,15
"130600023",23,24,73,32,40,205,48,9,9,30,16,18,96,23,14,15,43,16,22,109,25
"130600024",0,0,0,0,0,0,0,0,0,0,0,0,0,0,0,0,0,0,0,0,0
"130600026",19,19,44,26,26,146,36,9,7,23,14,11,66,19,10,12,21,12,15,80,17
"130600027",4,4,5,1,4,31,31,1,2,3,1,2,18,14,3,2,2,0,2,13,17
"130600028",0,0,0,0,0,0,0,0,0,0,0,0,0,0,0,0,0,0,0,0,0
"130600029",11,12,19,12,20,81,35,8,5,8,5,11,36,16,3,7,11,7,9,45,19
"130600030",13,5,19,10,11,79,18,8,4,6,6,6,34,10,5,1,13,4,5,45,8
"130600031",6,4,25,6,7,86,32,5,3,13,5,4,37,17,1,1,12,1,3,49,15
"130600032",21,17,51,16,27,184,81,12,9,29,6,17,85,37,9,8,22,10,10,99,44
"130600033",4,6,20,13,26,88,47,1,2,12,6,12,44,26,3,4,8,7,14,44,21
"130600034",78,52,138,77,115,637,225,39,25,68,36,57,277,107,39,27,70,41,58,360,118
"130600035",46,59,102,49,73,349,115,28,26,47,20,40,154,60,18,33,55,29,33,195,55
"130600036",25,21,68,31,71,292,80,15,7,40,10,31,142,40,10,14,28,21,40,150,40
"130600037",112,88,201,84,116,602,178,57,42,104,33,58,230,80,55,46,97,51,58,372,98
"130600038",14,19,40,20,17,119,26,7,8,19,10,9,59,11,7,11,21,10,8,60,15
"130600040",19,21,41,15,33,142,32,9,11,26,8,17,75,17,10,10,15,7,16,67,15
"130600043",17,16,39,21,28,155,30,7,10,21,14,17,79,16,10,6,18,7,11,76,14
"130600044",8,6,27,12,15,94,26,4,4,10,7,6,42,10,4,2,17,5,9,52,16
"130600045",0,0,0,0,0,0,0,0,0,0,0,0,0,0,0,0,0,0,0,0,0
"130600047",5,4,11,3,6,47,17,2,2,4,1,2,23,9,3,2,7,2,4,24,8
"130600048",7,8,15,7,9,59,17,2,4,12,3,5,28,8,5,4,3,4,4,31,9
"130600049",5,6,14,10,9,44,22,4,3,6,4,5,19,13,1,3,8,6,4,25,9
"130600050",0,0,4,6,4,22,6,0,0,4,3,2,10,1,0,0,0,3,2,12,5
"130600051",17,21,29,22,20,142,28,7,11,19,12,11,68,12,10,10,10,10,9,74,16
"130600052",8,11,18,9,11,67,31,3,6,10,5,6,35,14,5,5,8,4,5,32,17
"130600053",3,6,9,3,1,34,7,2,3,3,1,1,14,3,1,3,6,2,0,20,4
"130600054",7,6,12,11,14,50,16,5,4,5,3,7,27,6,2,2,7,8,7,23,10
"130600055",14,6,16,2,13,36,5,7,3,5,1,6,15,2,7,3,11,1,7,21,3
"130600057",5,4,15,2,1,24,10,1,0,7,1,0,9,5,4,4,8,1,1,15,5
"130600058",9,7,18,10,14,64,29,4,2,6,5,4,30,16,5,5,12,5,10,34,13
"130600059",0,0,0,0,0,0,0,0,0,0,0,0,0,0,0,0,0,0,0,0,0
"130600060",3,4,7,6,8,21,14,2,1,2,5,6,10,9,1,3,5,1,2,11,5
"130600061",45,46,126,50,83,479,116,23,25,66,27,36,216,53,22,21,60,23,47,263,63
"130600062",8,12,25,10,22,118,20,4,7,17,5,11,53,10,4,5,8,5,11,65,10
"130600064",2,1,3,1,3,13,11,0,1,2,0,0,6,6,2,0,1,1,3,7,5
"130600065",3,1,4,3,1,10,6,0,1,2,1,1,4,3,3,0,2,2,0,6,3
"130600066",2,3,5,1,2,18,4,1,2,4,0,1,9,3,1,1,1,1,1,9,1
"130600067",4,4,16,3,13,41,7,3,3,10,1,7,22,4,1,1,6,2,6,19,3
"130600068",5,3,9,5,14,48,13,3,2,7,2,7,23,7,2,1,2,3,7,25,6
"130600069",0,0,0,0,0,0,0,0,0,0,0,0,0,0,0,0,0,0,0,0,0
"130610001",670,723,1596,841,1512,8771,2245,347,376,813,427,753,4050,1039,323,347,783,414,759,4721,1206
"1306100010253",31,32,58,36,46,270,42,20,17,39,18,32,125,24,11,15,19,18,14,145,18
"1306100010268",4,5,17,14,14,78,15,0,3,10,12,5,37,9,0,0,7,0,9,41,6
"1306100010304",126,115,305,143,318,1554,391,65,65,153,75,137,711,176,61,50,152,68,181,843,215
"1306100010319",120,114,273,150,250,1399,343,60,57,139,79,115,629,168,60,57,134,71,135,770,175
"1306100010323",86,109,202,120,214,1252,339,47,57,100,59,109,597,148,39,52,102,61,105,655,191
"1306100010357",76,100,194,92,170,1150,333,38,50,105,40,87,519,149,38,50,89,52,83,631,184
"1306100010554",0,0,0,0,0,0,0,0,0,0,0,0,0,0,0,0,0,0,0,0,0
"1306100010569",4,5,10,6,5,71,12,4,4,5,3,4,32,7,0,0,5,3,0,40,5
"1306100010573",94,101,236,118,193,1283,327,46,43,118,57,111,601,157,48,58,118,61,82,682,170
"1306100010588",26,38,68,42,60,356,65,12,20,29,18,37,173,32,14,18,39,24,23,183,33
"130610001061A",0,0,5,0,5,17,0,0,0,0,0,4,8,0,0,0,3,0,0,10,0
"1306100010624",7,3,5,0,6,25,4,3,0,0,0,0,14,3,4,0,3,0,4,14,0
"1306100010677",44,59,121,57,122,748,244,23,38,61,31,61,349,109,21,21,60,26,61,399,135
"1306100010681",50,42,101,60,108,568,127,25,21,49,34,49,257,55,25,21,52,26,59,311,72
"130610002",1027,1258,2801,1428,2569,17477,5169,502,603,1429,716,1312,8224,2301,525,655,1372,712,1257,9253,2868
"1306100020107",0,0,7,6,7,30,5,0,0,4,5,3,13,0,0,0,3,0,4,19,3
"1306100020126",0,0,0,0,0,0,0,0,0,0,0,0,0,0,0,0,0,0,0,0,0
"1306100020249",34,18,74,39,58,355,46,19,6,31,17,26,166,20,15,12,43,22,32,189,26
"1306100020287",6,13,28,5,22,117,20,0,5,15,0,13,58,9,4,8,13,3,9,59,11
"1306100020361",25,29,87,54,93,774,389,13,18,37,30,53,352,162,12,11,50,24,40,422,227
"1306100020376",24,35,73,40,70,587,390,14,16,31,23,34,262,163,10,19,42,17,36,325,227
"1306100020380",17,25,62,25,62,498,296,11,17,35,10,43,242,113,6,8,27,15,19,256,183
"1306100020395",13,16,39,22,54,440,216,11,7,24,9,24,208,83,0,9,15,13,30,232,133
"1306100020408",14,10,28,19,36,286,132,9,6,22,10,20,139,53,5,4,6,9,16,147,79
"1306100020412",71,89,190,93,148,1045,343,33,43,110,42,79,484,165,38,46,80,51,69,561,178
"1306100020427",62,73,149,78,140,986,325,26,25,75,32,71,452,161,36,48,74,46,69,534,164
"1306100020431",40,55,125,71,109,706,213,16,25,57,33,53,331,102,24,30,68,38,56,375,111
"1306100020446",51,52,116,67,114,729,186,25,19,63,34,57,335,78,26,33,53,33,57,394,108
"1306100020450",48,54,144,71,122,869,370,29,25,80,32,61,423,167,19,29,64,39,61,446,203
"1306100020465",29,28,89,47,118,793,391,13,8,41,26,58,386,169,16,20,48,21,60,407,222
"130610002047A",62,73,144,81,140,838,217,28,32,69,40,79,389,89,34,41,75,41,61,449,128
"1306100020484",74,94,237,101,181,1333,323,35,50,125,50,89,634,153,39,44,112,51,92,699,170
"1306100020499",15,15,44,28,59,350,214,7,5,16,16,23,176,86,8,10,28,12,36,174,128
"1306100020501",0,0,0,0,0,14,6,0,0,0,0,0,5,3,0,0,0,0,0,9,3
"1306100020516",30,37,76,42,84,584,195,18,19,37,19,37,269,94,12,18,39,23,47,315,101
"1306100020520",41,87,121,75,92,798,213,16,44,61,39,53,371,101,25,43,60,36,39,427,112
"1306100020535",52,75,143,67,91,829,136,28,35,63,32,53,413,65,24,40,80,35,38,416,71
"130610002054A",24,33,64,23,54,385,119,15,19,34,11,27,175,56,9,14,30,12,27,210,63
"1306100020639",47,39,106,68,166,738,42,27,18,68,33,77,347,20,20,21,38,35,89,391,22
"1306100020643",38,41,97,40,73,497,66,17,26,46,25,44,226,31,21,15,51,15,29,271,35
"1306100020658",96,93,235,121,178,1250,172,44,49,120,60,97,580,81,52,44,115,61,81,670,91
"1306100020662",112,172,321,145,296,1648,144,44,85,165,86,138,790,75,68,87,156,59,158,858,69
"1306100020696",0,0,0,0,0,0,0,0,0,0,0,0,0,0,0,0,0,0,0,0,0
"130610003",44,45,120,64,105,592,110,17,21,64,27,65,294,57,27,24,56,37,40,298,53
"130610004",5,4,11,7,9,45,14,4,0,6,6,4,25,9,1,4,5,1,5,20,5
"130610005",24,24,34,20,32,222,56,12,14,19,5,19,117,28,12,10,15,15,13,105,28
"130610007",78,99,203,111,144,1009,235,39,49,95,49,77,467,111,39,50,108,62,67,542,124
"130610008",6,3,8,6,12,88,18,0,2,4,4,8,45,12,6,1,4,2,4,43,6
"130610009",7,12,19,8,19,104,38,5,7,9,4,14,48,20,2,5,10,4,5,56,18
"130610010",4,4,7,7,13,79,31,1,3,3,5,5,41,15,3,1,4,2,8,38,16
"130610011",23,18,44,17,34,202,71,12,9,20,10,16,99,38,11,9,24,7,18,103,33
"130610012",0,3,2,2,1,5,6,0,0,2,2,0,2,4,0,3,0,0,1,3,2
"130610014",39,58,84,63,93,543,134,20,29,42,30,45,253,77,19,29,42,33,48,290,57
"130610015",21,16,39,12,24,174,26,12,8,20,4,11,87,12,9,8,19,8,13,87,14
"130610016",12,9,25,14,27,124,46,6,6,14,9,12,58,25,6,3,11,5,15,66,21
"130610017",3,6,21,6,10,72,17,2,1,12,4,4,34,10,1,5,9,2,6,38,7
"130610020",3,7,3,0,3,29,9,0,5,2,0,1,14,7,3,2,1,0,2,15,2
"130610023",0,0,0,0,0,0,0,0,0,0,0,0,0,0,0,0,0,0,0,0,0
"130610029",42,60,115,57,92,543,118,25,38,66,32,45,245,58,17,22,49,25,47,298,60
"130610030",5,7,10,2,8,46,16,4,3,6,0,5,23,9,1,4,4,2,3,23,7
"130610033",0,0,0,0,0,0,0,0,0,0,0,0,0,0,0,0,0,0,0,0,0
"130610034",3,3,3,0,3,16,3,1,1,2,0,2,8,2,2,2,1,0,1,8,1
"130610035",0,0,0,0,0,0,0,0,0,0,0,0,0,0,0,0,0,0,0,0,0
"130610037",6,6,4,2,9,58,25,3,4,2,1,7,28,13,3,2,2,1,2,30,12
"130610043",3,6,6,8,6,34,7,2,4,2,6,3,18,4,1,2,4,2,3,16,3
"130610046",3,5,5,3,7,43,12,3,1,3,1,4,21,7,0,4,2,2,3,22,5
"130610052",0,0,0,0,0,0,0,0,0,0,0,0,0,0,0,0,0,0,0,0,0
"130610060",0,2,2,2,1,12,2,0,2,1,1,1,5,2,0,0,1,1,0,7,0
"130610070",0,0,0,0,0,0,0,0,0,0,0,0,0,0,0,0,0,0,0,0,0
"130610071",0,0,0,0,0,0,0,0,0,0,0,0,0,0,0,0,0,0,0,0,0
"130610073",0,0,0,0,0,0,0,0,0,0,0,0,0,0,0,0,0,0,0,0,0
"130610077",0,1,0,0,0,5,5,0,1,0,0,0,4,2,0,0,0,0,0,1,3
"130610078",12,20,31,8,15,103,25,6,7,14,3,7,48,12,6,13,17,5,8,55,13
"130610079",0,0,0,0,0,0,0,0,0,0,0,0,0,0,0,0,0,0,0,0,0
"130610084",0,1,5,1,0,14,2,0,0,1,1,0,7,2,0,1,4,0,0,7,0
"130610086",0,0,0,0,0,0,0,0,0,0,0,0,0,0,0,0,0,0,0,0,0
"130610088",0,0,0,0,0,0,0,0,0,0,0,0,0,0,0,0,0,0,0,0,0
"130610089",0,0,2,1,1,8,3,0,0,1,0,0,4,2,0,0,1,1,1,4,1
"130610094",0,0,0,0,0,0,0,0,0,0,0,0,0,0,0,0,0,0,0,0,0
"130610096",3,5,12,5,7,49,21,3,3,6,0,5,21,12,0,2,6,5,2,28,9
"130610097",1,0,3,1,1,6,2,0,0,2,0,1,3,1,1,0,1,1,0,3,1
"130610099",1,4,1,2,0,12,8,0,2,0,1,0,6,5,1,2,1,1,0,6,3
"130610101",2,0,1,0,0,8,0,1,0,1,0,0,4,0,1,0,0,0,0,4,0
"130610102",0,0,0,0,0,0,0,0,0,0,0,0,0,0,0,0,0,0,0,0,0
"130610103",0,0,0,0,2,5,5,0,0,0,0,2,2,3,0,0,0,0,0,3,2
"130610104",4,1,5,8,8,38,22,2,0,4,5,5,17,13,2,1,1,3,3,21,9
"130620001",71,100,154,88,165,628,167,34,59,83,46,77,280,78,37,41,71,42,88,348,89
"1306200010068",71,100,154,88,165,628,167,34,59,83,46,77,280,78,37,41,71,42,88,348,89
"130620002",50,56,125,53,82,540,159,23,26,66,24,42,265,76,27,30,59,29,40,275,83
"130620003",154,139,283,154,219,982,220,85,76,137,74,113,480,128,69,63,146,80,106,502,92
"130620004",36,46,81,40,48,317,109,16,16,45,24,31,150,59,20,30,36,16,17,167,50
"130620005",112,121,249,104,167,827,193,51,61,137,43,74,387,94,61,60,112,61,93,440,99
"130620006",42,57,101,55,44,266,90,22,29,58,34,23,117,49,20,28,43,21,21,149,41
"130620007",25,33,68,19,41,272,110,14,16,33,5,16,135,56,11,17,35,14,25,137,54
"130620008",35,53,86,45,49,285,74,14,23,34,27,31,142,42,21,30,52,18,18,143,32
"130620009",38,55,92,44,61,294,83,16,30,47,15,30,130,46,22,25,45,29,31,164,37
"130620010",111,122,222,143,195,692,157,49,63,117,83,90,333,91,62,59,105,60,105,359,66
"130620011",76,72,140,89,95,500,149,38,28,70,38,48,258,78,38,44,70,51,47,242,71
"130620012",47,41,95,44,60,397,67,26,16,54,24,27,190,39,21,25,41,20,33,207,28
"130620013",44,56,103,57,84,401,167,25,33,56,32,42,181,90,19,23,47,25,42,220,77
"130620014",14,19,38,17,14,111,41,6,11,15,12,6,49,25,8,8,23,5,8,62,16
"130620015",34,34,71,34,47,234,66,18,17,33,14,25,113,36,16,17,38,20,22,121,30
"130620016",25,31,69,32,39,251,43,12,14,39,16,20,125,26,13,17,30,16,19,126,17
"130620017",24,17,55,23,25,161,55,11,12,29,13,15,65,36,13,5,26,10,10,96,19
"130620018",47,59,135,64,86,336,117,24,27,65,35,47,162,69,23,32,70,29,39,174,48
"130620019",12,22,32,10,22,106,30,7,9,16,3,13,49,16,5,13,16,7,9,57,14
"130620020",91,104,247,79,101,501,110,51,53,124,45,55,245,59,40,51,123,34,46,256,51
"130620021",12,10,25,11,19,80,19,9,4,15,5,11,34,10,3,6,10,6,8,46,9
"130620022",24,40,48,25,37,230,50,13,21,23,10,20,104,29,11,19,25,15,17,126,21
"130620023",45,61,104,53,48,367,105,24,30,50,26,22,170,51,21,31,54,27,26,197,54
"130620024",44,61,145,61,79,342,85,15,27,62,30,37,171,36,29,34,83,31,42,171,49
"130620025",175,240,394,131,232,893,176,86,123,199,65,111,445,102,89,117,195,66,121,448,74
"1306200250053",175,240,394,131,232,893,176,86,123,199,65,111,445,102,89,117,195,66,121,448,74
"130620026",14,9,30,12,17,100,33,5,5,15,6,8,44,16,9,4,15,6,9,56,17
"130620027",41,65,90,56,87,316,65,22,41,44,32,42,167,33,19,24,46,24,45,149,32
"130620028",11,11,23,5,10,76,17,7,9,7,3,5,36,8,4,2,16,2,5,40,9
"130620029",46,53,107,46,87,369,99,29,33,46,17,43,180,52,17,20,61,29,44,189,47
"130620030",113,128,253,116,177,685,168,60,64,112,51,84,355,93,53,64,141,65,93,330,75
"130620034",25,40,62,24,44,271,49,11,20,39,10,25,133,24,14,20,23,14,19,138,25
"130620045",0,0,0,0,0,5,3,0,0,0,0,0,3,2,0,0,0,0,0,2,1
"130620061",21,31,48,24,41,144,24,9,15,24,9,20,76,15,12,16,24,15,21,68,9
"130620069",5,7,20,6,10,41,11,3,5,8,3,4,22,6,2,2,12,3,6,19,5
"130620076",47,47,105,47,75,303,78,29,23,49,28,36,144,44,18,24,56,19,39,159,34
"130620082",2,1,2,1,1,6,3,2,1,0,1,1,3,2,0,0,2,0,0,3,1
"130620087",1,1,1,1,3,10,4,0,0,0,0,3,4,2,1,1,1,1,0,6,2
"130620094",16,19,37,21,37,113,41,9,7,21,8,14,57,23,7,12,16,13,23,56,18
"130620095",0,0,0,0,0,0,0,0,0,0,0,0,0,0,0,0,0,0,0,0,0
"130620097",2,2,9,0,3,20,10,1,2,6,0,1,9,9,1,0,3,0,2,11,1
"130620098",14,7,19,7,12,60,16,6,4,8,3,9,29,7,8,3,11,4,3,31,9
"130620099",0,3,7,1,2,12,1,0,2,5,1,1,5,1,0,1,2,0,1,7,0
"130620101",32,24,59,31,55,188,36,20,13,33,21,30,100,16,12,11,26,10,25,88,20
"130620102",24,21,44,28,18,168,40,13,11,24,14,7,84,20,11,10,20,14,11,84,20
"130620104",10,11,9,8,6,53,9,4,6,6,2,5,25,2,6,5,3,6,1,28,7
"130620106",6,5,7,5,7,28,6,3,5,1,2,2,12,4,3,0,6,3,5,16,2
"130620107",29,30,44,29,29,179,62,15,13,16,14,19,83,34,14,17,28,15,10,96,28
"130620111",13,20,51,13,27,134,31,5,14,26,7,11,67,21,8,6,25,6,16,67,10
"130620115",0,0,0,0,0,0,0,0,0,0,0,0,0,0,0,0,0,0,0,0,0
"130620116",35,55,94,28,55,190,22,21,26,55,17,34,93,13,14,29,39,11,21,97,9
"130620117",7,12,25,7,16,52,7,5,5,14,4,9,26,4,2,7,11,3,7,26,3
"130620119",7,6,14,2,6,26,5,4,3,6,0,2,12,2,3,3,8,2,4,14,3
"130620123",9,7,18,7,9,47,19,4,4,10,4,4,24,10,5,3,8,3,5,23,9
"130620127",5,6,9,4,4,24,5,4,2,5,1,2,10,4,1,4,4,3,2,14,1
"130620128",0,0,0,0,0,0,0,0,0,0,0,0,0,0,0,0,0,0,0,0,0
"130620130",0,0,0,0,0,0,0,0,0,0,0,0,0,0,0,0,0,0,0,0,0
"130620132",10,15,32,18,17,74,22,8,8,11,10,5,33,14,2,7,21,8,12,41,8
"130620133",3,4,1,3,8,23,6,1,2,0,2,2,10,2,2,2,1,1,6,13,4
"130620137",0,0,0,0,0,0,0,0,0,0,0,0,0,0,0,0,0,0,0,0,0
"130620138",2,1,1,0,2,6,2,1,1,1,0,0,4,1,1,0,0,0,2,2,1
"130620140",0,0,0,0,0,0,0,0,0,0,0,0,0,0,0,0,0,0,0,0,0
"130620141",14,19,44,12,25,92,23,5,9,28,4,16,48,13,9,10,16,8,9,44,10
"130620148",3,4,4,2,0,11,2,0,4,0,1,0,5,1,3,0,4,1,0,6,1
"130620153",1,2,0,0,3,5,0,0,1,0,0,2,2,0,1,1,0,0,1,3,0
"130620158",0,0,0,1,4,8,0,0,0,0,1,1,6,0,0,0,0,0,3,2,0
"130620160",0,0,0,0,0,0,0,0,0,0,0,0,0,0,0,0,0,0,0,0,0
"130620161",8,7,10,1,6,19,4,4,5,4,1,2,11,2,4,2,6,0,4,8,2
"130620163",0,0,0,0,0,0,0,0,0,0,0,0,0,0,0,0,0,0,0,0,0
"130620164",0,0,0,0,0,0,0,0,0,0,0,0,0,0,0,0,0,0,0,0,0
"130620165",2,1,4,2,2,19,2,1,0,0,2,1,10,2,1,1,4,0,1,9,0
"130630001",1619,1734,3561,1812,2961,20448,4483,798,890,1759,908,1464,9649,2073,821,844,1802,904,1497,10799,2410
"1306300010084",143,119,289,144,245,1902,602,76,66,136,76,121,901,281,67,53,153,68,124,1001,321
"1306300010101",6,10,35,13,22,132,23,0,7,23,6,11,63,9,4,3,12,7,11,69,14
"1306300010116",60,69,110,59,119,765,120,34,36,47,35,54,372,58,26,33,63,24,65,393,62
"1306300010120",84,86,189,67,128,1028,188,38,34,93,43,71,456,71,46,52,96,24,57,572,117
"130630001014A",15,19,33,23,33,188,51,7,7,18,14,21,87,28,8,12,15,9,12,101,23
"1306300010239",30,39,65,38,53,358,66,16,19,34,12,14,172,31,14,20,31,26,39,186,35
"1306300010258",157,162,363,207,355,2337,647,69,94,163,95,179,1085,297,88,68,200,112,176,1252,350
"1306300010262",82,81,167,95,171,947,151,37,32,93,41,87,455,72,45,49,74,54,84,492,79
"1306300010277",131,135,296,164,301,2030,631,72,77,156,88,158,958,287,59,58,140,76,143,1072,344
"1306300010281",223,245,514,230,382,2618,542,103,123,261,124,188,1252,249,120,122,253,106,194,1366,293
"1306300010309",46,47,130,52,86,786,280,25,29,58,23,42,368,125,21,18,72,29,44,418,155
"1306300010328",89,110,230,104,174,1275,250,43,52,116,51,92,597,118,46,58,114,53,82,678,132
"1306300010351",15,23,43,23,35,207,37,9,15,23,14,23,94,17,6,8,20,9,12,113,20
"1306300010370",102,113,248,118,178,1268,193,51,67,119,56,75,602,89,51,46,129,62,103,666,104
"1306300010385",97,124,244,121,170,1165,166,45,57,128,63,86,552,80,52,67,116,58,84,613,86
"1306300010440",0,0,3,3,5,30,4,0,0,0,0,0,17,0,0,0,0,0,4,15,3
"1306300010455",4,5,3,6,8,30,11,0,3,0,0,0,16,6,3,0,3,5,7,15,5
"130630001046A",3,0,0,3,0,11,6,3,0,0,0,0,7,0,0,0,0,0,0,6,4
"1306300010629",101,106,182,119,163,1141,219,43,49,92,59,75,525,105,58,57,90,60,88,616,114
"1306300010633",160,177,316,171,260,1665,272,86,99,146,81,135,796,139,74,78,170,90,125,869,133
"1306300010667",14,15,18,6,21,91,12,8,6,7,3,6,47,7,6,9,11,3,15,44,5
"1306300010671",56,46,81,46,52,474,12,30,18,43,20,24,233,0,26,28,38,26,28,242,11
"130630002",12,23,33,13,34,197,47,4,9,21,7,20,94,24,8,14,12,6,14,103,23
"130630003",104,124,262,117,166,1052,201,54,58,134,62,77,503,104,50,66,128,55,89,549,97
"130630004",80,91,201,107,185,1194,235,43,44,108,61,85,581,119,37,47,93,46,100,613,116
"130630005",41,54,94,40,49,340,61,15,36,52,18,30,154,37,26,18,42,22,19,186,24
"130630006",285,314,608,293,542,2979,590,151,182,301,145,290,1441,305,134,132,307,148,252,1538,285
"130630006039A",19,8,18,15,32,124,6,6,5,9,6,17,57,3,13,3,9,9,15,67,3
"1306300060402",16,21,26,8,21,135,22,9,10,5,6,13,65,9,7,11,21,0,8,70,13
"1306300060474",3,3,11,10,13,47,3,0,3,6,4,8,29,0,0,0,5,6,5,21,0
"1306300060489",3,0,5,6,14,40,7,0,0,0,3,10,21,4,0,0,3,3,4,19,3
"1306300060544",66,67,143,63,101,670,132,37,41,62,31,43,318,71,29,26,81,32,58,352,61
"1306300060559",49,49,111,47,104,564,150,28,31,58,21,61,266,78,21,18,53,26,43,298,72
"1306300060563",71,84,139,74,117,725,115,29,51,78,34,58,352,56,42,33,61,40,59,373,59
"1306300060578",57,80,153,68,135,659,154,37,39,79,39,76,327,82,20,41,74,29,59,332,72
"1306300060582",0,0,0,0,3,9,0,0,0,0,0,0,6,0,0,0,0,0,0,6,0
"1306300060597",0,0,0,0,0,9,0,0,0,0,0,0,6,0,0,0,0,0,0,3,0
"130630007",28,35,72,32,37,252,30,12,16,38,17,20,120,17,16,19,34,15,17,132,13
"130630008",84,102,205,98,173,1096,199,51,65,97,43,77,546,95,33,37,108,55,96,550,104
"130630009",213,234,551,258,355,2272,479,106,102,291,133,178,1076,235,107,132,260,125,177,1196,244
"1306300090493",47,55,124,62,85,554,134,18,28,70,37,43,264,67,29,27,54,25,42,290,67
"1306300090506",114,120,292,120,188,1095,212,63,47,145,59,94,514,101,51,73,147,61,94,581,111
"1306300090510",48,57,130,75,79,584,128,23,26,74,36,38,279,66,25,31,56,39,41,305,62
"130630009060A",4,0,5,0,3,33,0,0,0,0,0,3,15,0,0,0,3,0,0,18,0
"1306300090614",0,0,0,0,0,8,3,0,0,0,0,0,5,0,0,0,0,0,0,6,0
"130630010",125,115,241,116,186,1114,217,56,60,123,66,85,537,115,69,55,118,50,101,577,102
"130630011",171,190,420,227,376,2400,422,91,97,217,111,201,1194,216,80,93,203,116,175,1206,206
"1306300110154",161,186,400,225,358,2322,414,84,95,201,111,191,1159,212,77,91,199,114,167,1163,202
"1306300110417",10,4,20,0,18,78,8,7,0,16,0,10,35,4,3,0,4,0,8,43,4
"130630012",52,79,136,69,101,514,72,24,32,64,26,49,247,29,28,47,72,43,52,267,43
"130630013",17,26,50,18,34,219,38,12,13,27,7,16,104,19,5,13,23,11,18,115,19
"130630014",82,87,163,93,159,920,175,43,56,83,47,84,435,91,39,31,80,46,75,485,84
"130630015",113,132,243,122,213,1334,209,57,59,130,61,114,654,113,56,73,113,61,99,680,96
"130630016",124,153,261,122,217,1271,249,71,74,109,58,116,605,128,53,79,152,64,101,666,121
"130630017",97,105,186,101,162,1089,246,48,48,96,53,87,520,126,49,57,90,48,75,569,120
"130630018",127,139,286,151,221,1385,256,60,67,141,77,107,675,116,67,72,145,74,114,710,140
"130630019",42,42,74,24,70,428,76,19,30,32,13,34,215,33,23,12,42,11,36,213,43
"130630020",295,296,641,339,518,3182,508,147,142,318,174,258,1502,237,148,154,323,165,260,1680,271
"1306300200525",183,192,399,227,320,2020,324,90,99,193,124,151,959,148,93,93,206,103,169,1061,176
"130630020053A",112,104,242,112,198,1162,184,57,43,125,50,107,543,89,55,61,117,62,91,619,95
"130630021",194,216,404,212,377,2392,281,98,103,203,95,186,1136,119,96,113,201,117,191,1256,162
"1306300210648",109,120,249,127,239,1500,175,56,55,132,58,114,723,70,53,65,117,69,125,777,105
"1306300210652",85,96,155,85,138,892,106,42,48,71,37,72,413,49,43,48,84,48,66,479,57
"130630023",0,0,0,0,0,10,2,0,0,0,0,0,10,2,0,0,0,0,0,0,0
"130630024",9,10,30,15,19,110,17,2,6,17,11,12,49,9,7,4,13,4,7,61,8
"130630025",31,27,63,30,46,220,29,14,14,30,13,26,93,16,17,13,33,17,20,127,13
"130630026",135,173,326,161,264,1419,224,57,82,183,85,138,682,124,78,91,143,76,126,737,100
"130630027",2,7,6,8,5,50,11,1,5,5,4,2,26,6,1,2,1,4,3,24,5
"130630028",18,18,34,16,28,162,17,8,11,17,8,17,76,9,10,7,17,8,11,86,8
"130630029",3,2,8,3,11,48,4,2,1,4,1,6,22,3,1,1,4,2,5,26,1
"130630044",0,0,0,0,0,6,2,0,0,0,0,0,6,2,0,0,0,0,0,0,0
"130630046",0,0,0,0,0,8,1,0,0,0,0,0,7,1,0,0,0,0,0,1,0
"130630047",0,0,2,0,3,12,5,0,0,1,0,1,6,3,0,0,1,0,2,6,2
"130630048",10,7,28,10,26,117,23,2,4,14,6,17,59,11,8,3,14,4,9,58,12
"130630049",7,9,11,1,6,65,8,6,4,5,1,1,30,2,1,5,6,0,5,35,6
"130630052",6,9,19,5,7,81,30,1,3,12,4,4,36,16,5,6,7,1,3,45,14
"130630053",38,62,136,65,136,607,114,18,30,63,27,68,276,51,20,32,73,38,68,331,63
"130630054",0,0,0,0,0,0,0,0,0,0,0,0,0,0,0,0,0,0,0,0,0
"130630055",0,0,0,0,0,7,0,0,0,0,0,0,5,0,0,0,0,0,0,2,0
"130630056",0,0,0,0,0,5,0,0,0,0,0,0,3,0,0,0,0,0,0,2,0
"130630059",0,0,0,0,0,0,0,0,0,0,0,0,0,0,0,0,0,0,0,0,0
"130630061",0,0,0,0,0,18,2,0,0,0,0,0,12,2,0,0,0,0,0,6,0
"130630062",0,0,0,0,0,0,0,0,0,0,0,0,0,0,0,0,0,0,0,0,0
"130630064",0,0,0,0,0,16,1,0,0,0,0,0,14,1,0,0,0,0,0,2,0
"130630066",0,0,0,0,0,6,2,0,0,0,0,0,5,2,0,0,0,0,0,1,0
"130630068",9,6,18,7,8,63,14,5,5,9,2,6,31,4,4,1,9,5,2,32,10
"130630069",1,0,0,0,0,16,5,0,0,0,0,0,12,5,1,0,0,0,0,4,0
"130630070",38,45,76,37,78,372,54,21,26,38,18,34,178,27,17,19,38,19,44,194,27
"130630072",0,0,0,0,0,10,1,0,0,0,0,0,5,1,0,0,0,0,0,5,0
"130630074",0,0,0,0,0,5,0,0,0,0,0,0,5,0,0,0,0,0,0,0,0
"130630076",0,0,0,0,0,0,0,0,0,0,0,0,0,0,0,0,0,0,0,0,0
"130630077",1,0,2,1,0,14,3,1,0,1,0,0,8,2,0,0,1,1,0,6,1
"130630078",2,2,2,1,2,8,3,2,2,2,1,0,4,2,0,0,0,0,2,4,1
"130630079",3,13,13,14,14,59,6,1,6,9,5,6,27,4,2,7,4,9,8,32,2
"130630080",0,0,0,0,0,0,0,0,0,0,0,0,0,0,0,0,0,0,0,0,0
"130630081",2,2,6,1,3,17,4,0,0,3,0,1,9,1,2,2,3,1,2,8,3
"130630082",0,0,0,0,0,19,2,0,0,0,0,0,12,1,0,0,0,0,0,7,1
"130630083",0,0,0,0,0,0,0,0,0,0,0,0,0,0,0,0,0,0,0,0,0
"130630084",2,4,4,2,2,10,3,2,2,1,0,1,5,1,0,2,3,2,1,5,2
"130630085",0,0,0,0,0,0,0,0,0,0,0,0,0,0,0,0,0,0,0,0,0
"130630086",0,0,0,0,0,0,0,0,0,0,0,0,0,0,0,0,0,0,0,0,0
"130630087",0,0,0,0,0,0,0,0,0,0,0,0,0,0,0,0,0,0,0,0,0
"130630089",1,0,2,2,2,7,3,0,0,1,2,2,2,1,1,0,1,0,0,5,2
"130630090",1,3,13,0,2,32,7,1,2,7,0,2,15,2,0,1,6,0,0,17,5
"130630091",1,1,2,1,2,12,1,1,0,1,0,1,6,0,0,1,1,1,1,6,1
"130630092",0,2,4,0,2,11,5,0,0,3,0,1,6,2,0,2,1,0,1,5,3
"130630093",0,0,0,0,0,0,0,0,0,0,0,0,0,0,0,0,0,0,0,0,0
"130630094",2,1,3,1,1,17,7,2,1,2,1,1,8,4,0,0,1,0,0,9,3
"130630095",1,0,0,0,0,10,0,1,0,0,0,0,5,0,0,0,0,0,0,5,0
"130630096",0,0,0,0,0,8,2,0,0,0,0,0,6,2,0,0,0,0,0,2,0
"130630097",0,0,2,2,1,6,1,0,0,1,0,1,3,1,0,0,1,2,0,3,0
"130630098",2,0,4,2,1,14,2,1,0,3,1,1,7,1,1,0,1,1,0,7,1
"130630101",1,0,0,1,0,4,1,0,0,0,0,0,2,1,1,0,0,1,0,2,0
"130630102",2,1,7,4,3,20,4,2,1,3,2,1,10,2,0,0,4,2,2,10,2
"130640001",42,63,102,55,79,547,168,12,45,55,35,35,248,75,30,18,47,20,44,299,93
"1306400010043",27,44,66,38,56,364,122,7,36,38,23,24,167,53,20,8,28,15,32,197,69
"1306400010058",15,17,32,14,19,165,38,5,8,16,11,8,74,18,10,9,16,3,11,91,20
"1306400010062",0,0,3,3,4,14,7,0,0,0,0,3,6,3,0,0,0,0,0,9,4
"1306400010077",0,0,0,0,0,0,0,0,0,0,0,0,0,0,0,0,0,0,0,0,0
"130640002",0,8,5,4,3,35,20,0,5,4,3,2,17,8,0,3,1,1,1,18,12
"130640003",62,56,157,57,113,783,271,30,28,77,29,60,350,128,32,28,80,28,53,433,143
"130640004",42,48,106,52,91,555,166,21,21,54,24,45,260,91,21,27,52,28,46,295,75
"130640005",1,2,3,0,4,20,16,1,0,3,0,3,8,10,0,2,0,0,1,12,6
"130640006",45,61,115,55,110,586,162,28,31,53,27,58,260,82,17,30,62,28,52,326,80
"130640007",2,1,6,1,6,27,22,1,1,2,0,4,13,13,1,0,4,1,2,14,9
"130640008",41,51,100,65,88,492,142,17,29,56,27,50,220,75,24,22,44,38,38,272,67
"130640009",20,25,54,17,47,244,54,12,15,28,9,22,116,26,8,10,26,8,25,128,28
"130640010",2,3,8,5,5,46,30,2,1,1,4,3,23,15,0,2,7,1,2,23,15
"130640011",56,72,159,84,125,823,297,30,37,77,57,67,382,142,26,35,82,27,58,441,155
"130640012",2,2,11,2,5,48,26,1,1,5,2,1,28,16,1,1,6,0,4,20,10
"130640013",10,9,20,17,25,119,51,7,2,10,4,14,61,31,3,7,10,13,11,58,20
"130640014",15,9,38,13,18,131,28,6,2,17,4,8,58,14,9,7,21,9,10,73,14
"130640015",23,27,39,23,36,216,46,13,16,28,12,24,100,20,10,11,11,11,12,116,26
"130640016",11,16,33,9,20,153,53,6,9,19,6,11,67,22,5,7,14,3,9,86,31
"130640017",0,2,1,2,0,9,6,0,2,0,2,0,5,1,0,0,1,0,0,4,5
"130640019",20,33,60,41,56,363,103,10,14,35,22,22,171,53,10,19,25,19,34,192,50
"130640020",28,34,71,34,61,384,103,14,14,44,17,28,187,55,14,20,27,17,33,197,48
"130640025",0,0,3,1,0,13,5,0,0,1,1,0,5,3,0,0,2,0,0,8,2
"130640026",0,0,0,0,0,0,0,0,0,0,0,0,0,0,0,0,0,0,0,0,0
"130650001",401,451,949,467,802,4967,1106,201,216,471,231,416,2377,540,200,235,478,236,386,2590,566
"1306500010055",104,122,279,152,219,1394,325,58,61,133,82,122,660,158,46,61,146,70,97,734,167
"130650001006A",33,36,70,39,67,334,53,18,15,33,18,31,168,27,15,21,37,21,36,166,26
"1306500010089",64,57,139,79,128,929,251,26,28,69,39,54,443,106,38,29,70,40,74,486,145
"1306500010093",64,78,134,64,129,817,225,34,36,81,37,71,385,121,30,42,53,27,58,432,104
"1306500010106",44,62,125,49,91,539,117,21,29,52,29,48,265,60,23,33,73,20,43,274,57
"1306500010110",50,55,122,44,87,502,83,21,28,63,12,46,239,40,29,27,59,32,41,263,43
"1306500010159",29,34,73,29,60,347,43,13,17,37,10,32,163,23,16,17,36,19,28,184,20
"130650001020A",11,5,6,8,17,78,9,9,0,0,3,9,42,5,0,4,4,5,8,36,4
"1306500010214",0,0,0,3,3,24,0,0,0,0,0,0,12,0,0,0,0,0,0,15,0
"1306500010233",0,0,0,0,0,0,0,0,0,0,0,0,0,0,0,0,0,0,0,0,0
"130650002",30,29,68,40,53,421,111,20,14,35,18,32,189,52,10,15,33,22,21,232,59
"130650003",85,103,184,78,180,988,206,43,56,99,30,95,479,100,42,47,85,48,85,509,106
"130650012",0,0,0,0,0,0,0,0,0,0,0,0,0,0,0,0,0,0,0,0,0
"130650013",0,0,0,0,0,0,0,0,0,0,0,0,0,0,0,0,0,0,0,0,0
"130650015",3,4,2,1,0,14,0,3,3,2,1,0,5,0,0,1,0,0,0,9,0
"130660001",260,328,589,302,543,3371,820,132,167,304,152,288,1590,364,128,161,285,150,255,1781,456
"1306600010029",51,67,124,72,141,985,384,30,29,54,32,80,473,159,21,38,70,40,61,512,225
"1306600010048",138,172,328,157,282,1633,305,65,90,172,82,147,753,139,73,82,156,75,135,880,166
"1306600010137",57,69,110,55,96,594,109,25,33,62,29,45,280,53,32,36,48,26,51,314,56
"1306600010141",13,20,26,15,18,146,21,12,15,15,6,12,76,13,0,5,11,9,6,70,8
"1306600010156",0,0,0,3,6,14,0,0,0,0,3,4,8,0,0,0,0,0,0,8,0
"130660002",3,9,19,7,15,60,13,3,4,9,2,7,28,7,0,5,10,5,8,32,6
"130660003",18,28,46,16,32,192,40,10,15,28,9,18,87,21,8,13,18,7,14,105,19
"130660004",12,6,18,11,6,81,15,2,3,9,5,2,38,9,10,3,9,6,4,43,6
"130660005",8,16,25,9,20,161,46,5,10,11,8,13,78,18,3,6,14,1,7,83,28
"130660008",151,147,316,169,222,1485,265,69,80,162,83,108,704,127,82,67,154,86,114,781,138
"1306600080118",117,112,216,117,155,982,163,54,62,106,55,74,460,81,63,50,110,62,81,522,82
"1306600080122",34,35,100,52,67,503,102,15,18,56,28,34,244,46,19,17,44,24,33,259,56
"130660010",0,0,0,0,0,0,0,0,0,0,0,0,0,0,0,0,0,0,0,0,0
"130660011",7,8,13,8,17,69,8,4,3,6,6,8,35,4,3,5,7,2,9,34,4
"130660013",9,11,17,10,13,87,27,4,6,8,3,9,38,13,5,5,9,7,4,49,14
"130660018",67,94,150,90,171,812,103,33,58,73,45,84,402,50,34,36,77,45,87,410,53
"130660023",0,0,0,0,0,0,0,0,0,0,0,0,0,0,0,0,0,0,0,0,0
"130660025",0,0,0,0,0,0,0,0,0,0,0,0,0,0,0,0,0,0,0,0,0
"130660031",66,71,126,71,138,743,115,31,37,55,39,82,350,46,35,34,71,32,56,393,69
"130670001",244,261,530,302,449,2948,664,135,130,271,154,225,1399,320,109,131,259,148,224,1549,344
"1306700010399",120,128,269,145,219,1516,358,69,64,129,79,118,721,166,51,64,140,66,101,795,192
"1306700010401",124,133,261,157,230,1432,306,66,66,142,75,107,678,154,58,67,119,82,123,754,152
"130670002",137,144,318,139,256,1225,195,70,86,158,80,134,593,97,67,58,160,59,122,632,98
"130670003",210,251,512,275,501,2387,495,106,121,272,132,238,1164,227,104,130,240,143,263,1223,268
"1306700030492",61,63,138,75,130,687,151,32,37,70,38,58,332,66,29,26,68,37,72,355,85
"1306700030505",81,116,231,121,240,1044,191,43,48,127,56,113,509,86,38,68,104,65,127,535,105
"130670003051A",68,72,143,79,131,656,153,31,36,75,38,67,323,75,37,36,68,41,64,333,78
"130670004",66,75,182,102,165,949,253,44,42,90,47,84,433,126,22,33,92,55,81,516,127
"130670005",287,318,688,366,630,3378,596,149,162,356,195,325,1635,283,138,156,332,171,305,1743,313
"1306700050469",124,136,282,144,261,1434,251,64,63,151,86,129,691,117,60,73,131,58,132,743,134
"1306700050473",51,55,118,73,108,526,69,31,31,74,33,55,260,36,20,24,44,40,53,266,33
"1306700050488",112,127,288,149,261,1418,276,54,68,131,76,141,684,130,58,59,157,73,120,734,146
"130670006",163,189,397,184,354,2209,492,83,101,203,96,188,1016,225,80,88,194,88,166,1193,267
"1306700060435",163,189,397,184,354,2209,492,83,101,203,96,188,1016,225,80,88,194,88,166,1193,267
"130670007",53,54,127,75,112,599,93,20,33,71,35,53,282,46,33,21,56,40,59,317,47
"130670008",246,254,565,265,469,2670,592,116,138,299,149,222,1253,288,130,116,266,116,247,1417,304
"1306700080416",74,93,174,78,152,882,240,39,51,101,34,66,397,109,35,42,73,44,86,485,131
"1306700080420",172,161,391,187,317,1788,352,77,87,198,115,156,856,179,95,74,193,72,161,932,173
"130670009",350,398,827,458,741,4214,810,181,200,404,246,394,1996,402,169,198,423,212,347,2218,408
"130670009044A",185,216,453,244,405,2254,428,98,110,207,139,211,1078,213,87,106,246,105,194,1176,215
"1306700090454",165,182,374,214,336,1960,382,83,90,197,107,183,918,189,82,92,177,107,153,1042,193
"130670010",174,173,380,144,280,1584,327,86,85,194,65,151,761,172,88,88,186,79,129,823,155
"1306700100539",174,173,380,144,280,1584,327,86,85,194,65,151,761,172,88,88,186,79,129,823,155
"130670011",105,117,271,114,186,1206,258,60,75,148,56,91,567,124,45,42,123,58,95,639,134
"130670012",50,89,183,77,119,810,220,22,48,95,45,57,398,115,28,41,88,32,62,412,105
"130670013",22,15,39,19,29,238,53,13,6,23,13,19,105,25,9,9,16,6,10,133,28
"130670014",20,11,34,18,27,142,29,8,4,15,12,13,75,14,12,7,19,6,14,67,15
"130670015",2,2,21,8,8,48,6,1,1,12,4,5,22,3,1,1,9,4,3,26,3
"130670017",51,51,129,86,119,726,138,24,28,77,39,63,346,65,27,23,52,47,56,380,73
"130670018",70,57,141,52,111,595,122,36,27,74,27,63,276,68,34,30,67,25,48,319,54
"130670019",16,14,30,11,28,156,28,8,4,14,6,16,77,13,8,10,16,5,12,79,15
"130670020",31,44,141,56,88,498,128,18,20,81,38,43,244,63,13,24,60,18,45,254,65
"1306700200524",31,44,141,56,88,498,128,18,20,81,38,43,244,63,13,24,60,18,45,254,65
"130670021",82,104,203,103,164,1025,226,37,61,104,44,77,491,117,45,43,99,59,87,534,109
"130670022",3,3,9,4,3,31,5,2,2,4,2,3,15,2,1,1,5,2,0,16,3
"130670024",23,36,42,16,37,237,33,8,13,22,6,16,121,17,15,23,20,10,21,116,16
"130670025",0,0,0,3,3,14,14,0,0,0,2,2,10,8,0,0,0,1,1,4,6
"130670030",0,1,8,2,11,37,6,0,1,5,1,6,17,5,0,0,3,1,5,20,1
"130670031",0,0,0,0,0,0,0,0,0,0,0,0,0,0,0,0,0,0,0,0,0
"130670032",0,0,0,0,0,0,0,0,0,0,0,0,0,0,0,0,0,0,0,0,0
"130670035",5,6,11,4,5,43,7,3,3,8,2,2,19,4,2,3,3,2,3,24,3
"130670038",0,0,0,0,0,0,0,0,0,0,0,0,0,0,0,0,0,0,0,0,0
"130670040",0,0,0,0,0,0,0,0,0,0,0,0,0,0,0,0,0,0,0,0,0
"130670041",0,1,1,0,1,15,3,0,0,1,0,1,7,1,0,1,0,0,0,8,2
"130670042",14,17,57,25,38,194,40,6,6,28,13,18,98,15,8,11,29,12,20,96,25
"130670043",38,41,96,30,70,348,51,18,24,44,19,37,168,31,20,17,52,11,33,180,20
"130670044",27,28,76,32,59,251,31,17,15,41,11,31,107,17,10,13,35,21,28,144,14
"130670046",12,14,23,14,19,112,21,9,7,13,5,11,51,12,3,7,10,9,8,61,9
"130670048",12,13,34,13,20,102,8,8,8,19,10,11,48,4,4,5,15,3,9,54,4
"130670049",21,37,82,56,61,352,53,8,14,46,28,31,158,27,13,23,36,28,30,194,26
"130670050",1,1,1,1,0,11,6,0,1,1,0,0,5,4,1,0,0,1,0,6,2
"130670051",0,0,0,0,0,0,0,0,0,0,0,0,0,0,0,0,0,0,0,0,0
"130670052",0,2,0,0,0,5,7,0,1,0,0,0,2,5,0,1,0,0,0,3,2
"130670053",0,0,0,0,0,4,1,0,0,0,0,0,2,1,0,0,0,0,0,2,0
"130680001",70,87,200,96,128,910,240,40,45,94,58,65,397,109,30,42,106,38,63,513,131
"1306800010042",70,87,200,96,128,910,240,40,45,94,58,65,397,109,30,42,106,38,63,513,131
"130680002",9,23,53,21,36,170,92,5,13,26,8,17,74,44,4,10,27,13,19,96,48
"130680003",0,0,0,0,0,0,0,0,0,0,0,0,0,0,0,0,0,0,0,0,0
"130680004",10,1,9,8,13,67,26,6,1,2,2,10,34,12,4,0,7,6,3,33,14
"130680005",14,17,44,20,23,142,64,9,7,22,14,7,72,32,5,10,22,6,16,70,32
"130680006",5,5,13,5,8,43,13,3,4,5,2,3,23,5,2,1,8,3,5,20,8
"130680007",0,0,0,0,0,2,5,0,0,0,0,0,1,4,0,0,0,0,0,1,1
"130680008",10,11,30,17,9,90,27,8,7,14,13,2,45,15,2,4,16,4,7,45,12
"130680010",0,0,4,2,1,10,8,0,0,3,1,1,5,4,0,0,1,1,0,5,4
"130680011",2,2,2,0,0,9,1,1,1,0,0,0,5,0,1,1,2,0,0,4,1
"130680012",1,0,1,1,5,13,20,0,0,0,1,3,6,11,1,0,1,0,2,7,9
"130680013",1,0,8,2,2,29,14,1,0,5,2,2,16,7,0,0,3,0,0,13,7
"130680014",21,18,44,14,44,201,37,11,10,20,5,21,102,18,10,8,24,9,23,99,19
"130680016",37,32,87,38,47,164,65,17,20,45,17,27,76,28,20,12,42,21,20,88,37
"130680017",5,7,11,6,5,60,22,2,3,6,3,2,23,12,3,4,5,3,3,37,10
"130680018",3,1,5,1,1,13,9,1,0,2,1,1,6,4,2,1,3,0,0,7,5
"130680019",38,35,121,54,58,282,29,24,17,72,20,25,133,14,14,18,49,34,33,149,15
"130680020",12,18,21,14,11,72,21,9,5,15,8,5,35,9,3,13,6,6,6,37,12
"130680021",6,5,14,9,8,61,23,4,3,6,6,4,34,11,2,2,8,3,4,27,12
"130680022",2,2,5,1,2,24,13,1,1,1,1,1,9,8,1,1,4,0,1,15,5
"130680023",5,5,14,7,6,53,30,4,2,7,4,5,22,15,1,3,7,3,1,31,15
"130680024",5,13,16,21,12,82,37,3,5,5,9,5,39,18,2,8,11,12,7,43,19
"130680025",2,3,8,9,8,41,18,0,0,4,5,5,19,9,2,3,4,4,3,22,9
"130680026",1,3,9,8,20,51,16,1,1,4,5,14,25,6,0,2,5,3,6,26,10
"130680027",0,2,7,3,6,20,19,0,0,3,3,2,7,11,0,2,4,0,4,13,8
"130680028",1,0,4,1,1,12,19,1,0,1,0,0,6,8,0,0,3,1,1,6,11
"130680029",0,0,0,3,1,7,9,0,0,0,3,0,6,6,0,0,0,0,1,1,3
"130680030",17,22,25,16,17,161,38,7,9,14,9,8,76,18,10,13,11,7,9,85,20
"130680031",17,18,40,31,32,177,98,13,7,23,13,18,86,52,4,11,17,18,14,91,46
"130680032",1,1,0,1,1,8,1,1,0,0,1,1,5,0,0,1,0,0,0,3,1
"130680033",68,56,160,87,128,458,81,35,29,86,48,67,223,36,33,27,74,39,61,235,45
"130680034",36,34,86,48,48,217,67,17,14,43,24,26,101,41,19,20,43,24,22,116,26
"130680035",28,34,102,45,71,510,174,14,20,54,20,31,232,89,14,14,48,25,40,278,85
"130680036",27,34,74,44,49,327,139,18,22,42,23,27,161,53,9,12,32,21,22,166,86
"130680037",16,10,28,20,24,120,69,4,4,13,6,11,56,29,12,6,15,14,13,64,40
"130680038",4,6,26,14,13,65,54,2,2,13,5,4,30,28,2,4,13,9,9,35,26
"130680040",1,0,1,0,1,5,4,0,0,1,0,0,1,3,1,0,0,0,1,4,1
"130680041",4,3,7,5,7,40,24,3,2,3,3,3,19,14,1,1,4,2,4,21,10
"130680043",6,11,19,15,21,105,54,2,5,9,9,11,47,30,4,6,10,6,10,58,24
"130680044",10,20,22,7,20,123,71,7,12,9,3,8,60,38,3,8,13,4,12,63,33
"130680045",5,5,6,10,10,55,32,3,2,3,7,7,27,16,2,3,3,3,3,28,16
"130680046",0,0,0,0,0,0,0,0,0,0,0,0,0,0,0,0,0,0,0,0,0
"130680047",44,34,109,37,49,189,19,27,16,52,17,19,91,9,17,18,57,20,30,98,10
"130680048",32,22,68,45,62,223,72,18,12,31,20,30,112,35,14,10,37,25,32,111,37
"130680049",4,8,17,8,7,55,24,2,4,6,4,5,27,13,2,4,11,4,2,28,11
"130680050",41,43,144,50,79,424,88,17,23,80,26,34,212,41,24,20,64,24,45,212,47
"130680051",15,12,33,23,35,180,86,10,5,15,7,20,83,46,5,7,18,16,15,97,40
"130680052",4,2,8,3,12,40,21,0,2,5,2,9,20,11,4,0,3,1,3,20,10
"130680053",38,30,67,32,63,270,71,17,15,38,20,35,126,32,21,15,29,12,28,144,39
"130680055",6,5,19,10,9,66,14,2,2,11,4,5,32,6,4,3,8,6,4,34,8
"130680056",0,0,1,0,1,4,6,0,0,1,0,0,2,3,0,0,0,0,1,2,3
"130680057",2,1,7,5,7,39,10,0,0,4,3,3,18,4,2,1,3,2,4,21,6
"130680059",4,4,3,3,9,28,7,1,4,2,1,2,16,5,3,0,1,2,7,12,2
"130680073",1,0,1,1,0,4,6,0,0,1,0,0,2,4,1,0,0,1,0,2,2
"130680074",0,0,0,0,0,2,7,0,0,0,0,0,0,4,0,0,0,0,0,2,3
"130680081",2,4,7,5,7,50,15,2,2,2,2,5,23,8,0,2,5,3,2,27,7
"130680082",0,0,1,0,1,6,3,0,0,1,0,1,2,3,0,0,0,0,0,4,0
"130680087",0,0,0,1,1,5,2,0,0,0,1,0,2,2,0,0,0,0,1,3,0
"130680089",0,0,2,1,1,4,2,0,0,0,0,1,2,1,0,0,2,1,0,2,1
"130680092",0,0,0,0,0,0,0,0,0,0,0,0,0,0,0,0,0,0,0,0,0
"130680094",0,2,3,0,0,11,2,0,2,1,0,0,6,1,0,0,2,0,0,5,1
"130680095",8,9,13,5,6,47,10,3,7,7,1,3,25,2,5,2,6,4,3,22,8
"130680096",0,0,0,0,0,0,0,0,0,0,0,0,0,0,0,0,0,0,0,0,0
"130690001",2572,2988,6564,3489,5311,33435,5878,1313,1502,3362,1773,2718,15880,2758,1259,1486,3202,1716,2593,17555,3120
"130690001004A",12,14,19,7,10,91,14,5,5,5,3,4,49,9,7,9,14,4,6,42,5
"1306900010054",12,11,27,20,28,160,18,4,5,16,8,13,92,8,8,6,11,12,15,68,10
"1306900010069",176,191,374,156,191,1530,161,82,105,199,93,101,770,67,94,86,175,63,90,760,94
"1306900010073",118,175,321,170,247,1644,308,67,90,163,94,109,785,144,51,85,158,76,138,859,164
"1306900010088",88,101,219,119,196,1421,620,31,52,120,61,105,687,302,57,49,99,58,91,734,318
"130690001011A",103,144,283,171,252,1383,208,64,73,141,86,133,663,99,39,71,142,85,119,720,109
"1306900010158",90,91,255,115,198,1092,177,45,47,130,55,99,502,89,45,44,125,60,99,590,88
"1306900010162",79,91,207,106,170,1215,377,40,43,105,47,90,573,164,39,48,102,59,80,642,213
"1306900010177",172,206,415,263,384,2421,311,95,116,216,138,198,1165,143,77,90,199,125,186,1256,168
"1306900010228",169,160,349,186,267,2212,574,92,84,181,102,132,1043,271,77,76,168,84,135,1169,303
"1306900010232",92,90,198,116,219,1348,415,54,48,103,53,108,625,193,38,42,95,63,111,723,222
"1306900010247",0,0,0,0,0,6,0,0,0,0,0,0,5,0,0,0,0,0,0,0,0
"1306900010251",0,0,0,0,5,25,4,0,0,0,0,0,14,0,0,0,0,0,3,17,0
"1306900010266",4,11,5,5,16,87,19,0,7,4,0,9,41,11,3,4,0,5,7,46,8
"130690001029A",83,82,184,122,172,947,114,37,41,98,55,83,444,49,46,41,86,67,89,503,65
"1306900010317",217,257,596,302,497,3141,649,106,120,290,163,256,1473,289,111,137,306,139,241,1668,360
"1306900010321",134,169,340,172,256,1746,334,69,85,181,82,128,833,149,65,84,159,90,128,913,185
"1306900010336",100,146,291,167,283,1595,208,49,70,153,94,145,744,104,51,76,138,73,138,851,104
"1306900010340",101,89,255,152,305,1750,217,47,42,129,78,163,811,106,54,47,126,74,142,939,111
"1306900010355",374,435,1009,488,657,3960,253,193,204,503,236,343,1890,119,181,231,506,252,314,2070,134
"1306900010374",73,85,202,115,151,977,142,39,49,104,54,81,465,67,34,36,98,61,70,512,75
"1306900010393",71,70,172,107,187,889,117,41,35,91,57,103,437,55,30,35,81,50,84,452,62
"1306900010406",102,130,288,149,235,1734,428,49,67,150,68,115,789,225,53,63,138,81,120,945,203
"1306900010463",3,4,7,6,7,35,3,0,0,4,3,4,14,3,0,3,3,3,3,21,0
"1306900010891",5,6,8,8,13,40,4,0,0,3,4,8,25,0,4,4,5,4,5,19,0
"1306900010980",81,108,256,138,212,916,120,47,50,133,64,104,423,51,34,58,123,74,108,493,69
"130690001100A",40,51,122,55,57,443,28,21,23,62,34,25,216,10,19,28,60,21,32,227,18
"1306900011014",71,69,158,72,96,629,53,33,37,77,40,57,309,26,38,32,81,32,39,320,27
"130690002",376,436,834,494,742,3625,519,183,202,428,273,394,1724,266,193,234,406,221,348,1901,253
"1306900020482",73,70,149,89,137,669,106,32,27,77,45,72,319,48,41,43,72,44,65,350,58
"1306900020497",51,59,129,83,117,527,100,26,29,65,56,62,257,55,25,30,64,27,55,270,45
"130690002050A",120,119,219,118,195,1007,141,56,58,113,65,98,473,74,64,61,106,53,97,534,67
"1306900020514",44,68,107,51,122,492,72,22,32,53,25,71,230,40,22,36,54,26,51,262,32
"1306900020904",0,0,0,0,0,21,3,0,0,0,0,0,11,0,0,0,0,0,0,13,0
"1306900020919",25,27,50,35,46,219,35,15,10,24,14,21,107,17,10,17,26,21,25,112,18
"1306900020923",0,0,0,0,0,0,0,0,0,0,0,0,0,0,0,0,0,0,0,0,0
"1306900020957",62,91,179,117,123,691,61,32,44,95,68,70,327,31,30,47,84,49,53,364,30
"130690004",8,6,16,12,8,57,24,5,5,10,7,4,24,12,3,1,6,5,4,33,12
"130690005",536,554,1200,621,979,5399,694,285,270,597,329,495,2601,336,251,284,603,292,484,2798,358
"1306900051048",65,67,145,62,87,490,65,38,32,83,26,39,224,34,27,35,62,36,48,266,31
"1306900051052",43,33,63,50,78,337,41,22,14,30,29,39,167,22,21,19,33,21,39,170,19
"1306900051067",36,45,87,48,74,370,52,13,26,33,25,34,182,31,23,19,54,23,40,188,21
"1306900051071",72,87,218,113,177,930,109,37,38,99,57,92,455,50,35,49,119,56,85,475,59
"1306900051086",54,53,130,73,134,656,127,27,30,61,39,61,318,55,27,23,69,34,73,338,72
"1306900051090",81,96,171,80,117,713,76,41,42,91,41,59,340,33,40,54,80,39,58,373,43
"1306900051103",73,59,144,68,110,663,72,41,31,78,43,68,315,39,32,28,66,25,42,348,33
"1306900051118",77,81,171,94,160,908,111,42,44,78,52,82,440,50,35,37,93,42,78,468,61
"1306900051122",35,33,71,33,42,332,41,24,13,44,17,21,160,22,11,20,27,16,21,172,19
"130690008",249,305,600,286,522,3207,636,132,151,305,146,270,1579,312,117,154,295,140,252,1628,324
"1306900080213",95,121,232,115,215,1216,234,43,62,118,57,120,588,123,52,59,114,58,95,628,111
"130690008043A",85,98,204,93,164,978,175,48,53,103,52,82,469,86,37,45,101,41,82,509,89
"1306900080444",69,86,164,78,143,1013,227,41,36,84,37,68,522,103,28,50,80,41,75,491,124
"130690009",11,11,22,17,26,136,31,4,7,13,8,18,65,17,7,4,9,9,8,71,14
"130690010",115,151,271,154,246,1573,416,56,78,128,66,125,758,212,59,73,143,88,121,815,204
"1306900100529",40,55,103,48,97,593,193,16,26,48,18,50,293,101,24,29,55,30,47,300,92
"1306900100533",75,96,168,106,149,980,223,40,52,80,48,75,465,111,35,44,88,58,74,515,112
"130690011",122,130,290,146,221,1272,230,63,64,154,70,120,621,126,59,66,136,76,101,651,104
"130690017",0,0,0,0,0,0,0,0,0,0,0,0,0,0,0,0,0,0,0,0,0
"130690019",358,409,989,481,706,4649,765,180,208,502,253,373,2211,395,178,201,487,228,333,2438,370
"1306900190410",188,249,541,270,395,2553,427,97,127,269,139,210,1199,232,91,122,272,131,185,1354,195
"1306900190425",112,92,249,122,204,1317,272,56,41,136,66,106,630,133,56,51,113,56,98,687,139
"1306900190478",0,0,9,7,5,27,4,0,0,6,4,0,17,0,0,0,3,3,3,16,0
"1306900190938",32,38,121,55,74,488,41,18,27,54,31,42,230,20,14,11,67,24,32,258,21
"1306900190976",25,28,69,27,28,264,21,9,12,37,13,13,139,8,16,16,32,14,15,125,13
"130690021",1,1,7,2,4,18,3,0,0,1,0,3,9,2,1,1,6,2,1,9,1
"130690022",0,0,0,0,0,0,0,0,0,0,0,0,0,0,0,0,0,0,0,0,0
"130690023",0,0,0,0,0,0,0,0,0,0,0,0,0,0,0,0,0,0,0,0,0
"130690024",2,3,4,3,1,15,4,1,3,2,2,1,8,2,1,0,2,1,0,7,2
"130690029",43,73,115,59,105,707,183,24,36,55,29,52,323,93,19,37,60,30,53,384,90
"130690031",0,0,0,0,0,0,0,0,0,0,0,0,0,0,0,0,0,0,0,0,0
"130690032",15,13,22,23,36,182,50,8,7,13,14,21,92,24,7,6,9,9,15,90,26
"130690033",0,1,6,0,3,17,3,0,1,4,0,0,7,1,0,0,2,0,3,10,2
"130690036",1,3,6,4,5,16,2,0,2,2,1,2,9,0,1,1,4,3,3,7,2
"130690037",0,0,0,0,0,0,0,0,0,0,0,0,0,0,0,0,0,0,0,0,0
"130690039",0,1,0,0,0,7,5,0,1,0,0,0,4,3,0,0,0,0,0,3,2
"130690040",0,0,0,0,0,0,0,0,0,0,0,0,0,0,0,0,0,0,0,0,0
"130690042",831,983,2254,1305,2348,11660,1303,416,491,1099,677,1168,5490,584,415,492,1155,628,1180,6170,719
"1306900420548",33,62,84,59,104,558,86,15,35,36,31,49,275,38,18,27,48,28,55,283,48
"1306900420552",52,73,183,110,189,898,115,24,33,88,54,93,428,57,28,40,95,56,96,470,58
"1306900420567",111,102,259,131,250,1363,158,58,53,131,71,117,642,73,53,49,128,60,133,721,85
"1306900420571",66,81,167,101,157,947,109,29,33,87,62,87,428,49,37,48,80,39,70,519,60
"1306900420586",35,32,95,52,105,514,70,22,13,47,33,70,252,27,13,19,48,19,35,262,43
"1306900420590",76,77,173,109,193,957,97,30,36,90,60,99,443,45,46,41,83,49,94,514,52
"1306900420603",67,82,154,110,149,786,76,32,44,72,53,71,358,29,35,38,82,57,78,428,47
"1306900420618",68,78,214,108,217,905,95,38,43,101,51,110,416,40,30,35,113,57,107,489,55
"1306900420622",47,53,132,80,152,693,84,28,32,64,33,78,331,41,19,21,68,47,74,362,43
"1306900420637",36,49,99,66,121,560,77,17,21,44,29,57,262,33,19,28,55,37,64,298,44
"1306900420641",61,66,124,69,170,775,79,30,41,61,42,73,365,35,31,25,63,27,97,410,44
"1306900420656",77,88,181,103,165,844,80,37,43,93,51,69,393,37,40,45,88,52,96,451,43
"1306900420660",46,63,187,114,185,881,94,24,25,92,62,104,419,48,22,38,95,52,81,462,46
"1306900420675",56,77,202,93,191,979,83,32,39,93,45,91,478,32,24,38,109,48,100,501,51
"130690044",1211,1393,3054,1868,2735,14438,1417,600,718,1528,959,1387,6882,610,611,675,1526,909,1348,7556,807
"130690044068A",52,69,121,75,127,661,94,30,37,63,38,64,308,41,22,32,58,37,63,353,53
"1306900440694",18,26,69,35,71,345,56,12,14,33,20,25,170,26,6,12,36,15,46,175,30
"1306900440707",23,28,65,34,52,275,27,10,13,39,17,36,130,9,13,15,26,17,16,145,18
"1306900440711",35,55,93,60,87,447,67,21,30,36,28,45,214,25,14,25,57,32,42,233,42
"1306900440726",45,47,97,51,87,482,54,20,21,47,27,51,224,30,25,26,50,24,36,258,24
"1306900440730",79,73,147,95,152,751,74,38,39,69,55,76,352,36,41,34,78,40,76,399,38
"1306900440745",70,63,156,107,147,743,63,35,33,70,53,68,336,28,35,30,86,54,79,407,35
"130690044075A",50,68,170,99,159,756,49,28,37,83,52,71,364,18,22,31,87,47,88,392,31
"1306900440764",60,79,186,120,163,879,78,34,46,96,58,78,412,29,26,33,90,62,85,467,49
"1306900440779",73,79,201,121,158,921,88,36,35,107,63,82,445,34,37,44,94,58,76,476,54
"1306900440783",61,70,173,107,137,766,76,27,34,83,59,70,353,31,34,36,90,48,67,413,45
"1306900440798",62,78,130,94,170,688,70,29,36,61,51,88,339,26,33,42,69,43,82,349,44
"1306900440800",89,87,201,133,178,867,73,41,36,99,60,86,421,29,48,51,102,73,92,446,44
"1306900440815",33,42,117,79,113,559,61,17,26,55,44,59,266,29,16,16,62,35,54,293,32
"130690044082A",41,45,85,55,102,570,90,12,24,46,29,48,270,44,29,21,39,26,54,300,46
"1306900440834",16,34,68,43,64,324,30,11,19,29,22,34,156,14,5,15,39,21,30,168,16
"1306900440849",36,62,131,84,129,665,70,22,28,69,44,71,317,31,14,34,62,40,58,348,39
"1306900440853",27,18,76,62,55,289,24,17,9,35,21,25,143,13,10,9,41,41,30,146,11
"1306900440868",64,61,133,71,108,662,67,26,32,68,38,57,320,33,38,29,65,33,51,342,34
"1306900440872",66,56,140,74,137,706,71,32,25,75,39,72,340,34,34,31,65,35,65,366,37
"1306900440887",41,57,93,73,101,545,50,19,38,43,38,57,271,15,22,19,50,35,44,274,35
"1306900440942",15,20,34,16,19,132,8,11,3,14,12,10,64,0,4,17,20,4,9,70,6
"1306900440961",76,85,160,98,104,641,28,43,49,93,57,58,303,12,33,36,67,41,46,338,16
"1306900440995",7,13,29,17,18,104,13,0,7,15,8,10,43,7,6,6,14,9,8,61,6
"1306900441029",72,78,179,65,97,660,36,28,47,100,26,46,323,14,44,31,79,39,51,337,22
"130690045",29,23,82,45,75,428,56,11,12,42,26,39,204,29,18,11,40,19,36,224,27
"130690048",0,0,0,0,0,0,0,0,0,0,0,0,0,0,0,0,0,0,0,0,0
"130690049",18,17,32,10,26,126,25,9,10,15,2,15,63,13,9,7,17,8,11,63,12
"130690050",319,389,815,406,510,3382,338,158,191,421,207,244,1611,149,161,198,394,199,266,1771,189
"1306900501137",39,46,108,45,52,415,38,23,23,50,19,26,199,16,16,23,58,26,26,216,22
"1306900501141",39,42,86,39,45,386,27,20,19,57,21,24,191,12,19,23,29,18,21,195,15
"1306900501156",34,54,103,49,49,370,11,13,26,58,29,20,179,4,21,28,45,20,29,191,7
"1306900501160",39,40,56,33,47,323,22,20,23,24,18,23,152,12,19,17,32,15,24,171,10
"1306900501175",64,70,182,97,128,754,82,34,36,93,53,72,359,37,30,34,89,44,56,395,45
"130690050118A",48,65,135,62,104,542,86,22,34,68,29,40,258,36,26,31,67,33,64,284,50
"1306900501194",56,72,145,81,85,592,72,26,30,71,38,39,273,32,30,42,74,43,46,319,40
"130690052",14,6,36,15,14,116,17,10,3,19,8,7,56,9,4,3,17,7,7,60,8
"130690053",3,7,6,4,8,45,8,2,5,3,1,5,20,4,1,2,3,3,3,25,4
"130690054",15,22,48,19,28,154,9,9,10,20,9,16,69,4,6,12,28,10,12,85,5
"130690055",651,782,1524,710,939,6520,483,332,404,768,347,481,3104,204,319,378,756,363,458,3416,279
"1306900550143",99,140,233,125,158,1090,89,49,72,118,60,89,520,34,50,68,115,65,69,570,55
"1306900550181",141,168,396,181,242,1670,143,79,94,186,83,119,772,64,62,74,210,98,123,898,79
"1306900550196",156,208,393,201,252,1672,134,77,91,200,108,125,790,64,79,117,193,93,127,882,70
"1306900551033",255,266,502,203,287,2088,117,127,147,264,96,148,1022,42,128,119,238,107,139,1066,75
"130690056",25,23,48,29,44,250,28,18,9,24,17,28,128,13,7,14,24,12,16,122,15
"130690057",0,0,0,0,0,0,0,0,0,0,0,0,0,0,0,0,0,0,0,0,0
"130690058",71,88,155,84,95,664,38,35,44,89,39,37,334,16,36,44,66,45,58,330,22
"130690059",5,3,11,2,5,31,3,3,1,4,1,2,16,1,2,2,7,1,3,15,2
"130690060",0,0,0,0,0,0,0,0,0,0,0,0,0,0,0,0,0,0,0,0,0
"130690061",3,3,3,2,3,36,5,1,1,0,1,1,23,1,2,2,3,1,2,13,4
"130690062",3,3,3,2,6,29,4,2,1,1,1,1,12,2,1,2,2,1,5,17,2
"130690063",7,9,14,2,8,54,5,4,5,9,1,7,23,4,3,4,5,1,1,31,1
"130690064",6,4,5,3,8,33,7,4,2,2,3,4,17,5,2,2,3,0,4,16,2
"130690065",0,0,0,0,0,0,0,0,0,0,0,0,0,0,0,0,0,0,0,0,0
"130690066",12,28,49,23,24,154,20,3,14,25,12,12,74,10,9,14,24,11,12,80,10
"130690067",4,5,2,2,8,24,3,4,2,2,0,4,11,1,0,3,0,2,4,13,2
"130690068",47,45,98,42,40,485,44,25,24,58,20,17,236,23,22,21,40,22,23,249,21
"130700001",336,405,872,399,710,4695,1234,175,218,459,180,368,2206,547,161,187,413,219,342,2489,687
"1307000010021",95,117,266,133,246,1603,527,46,61,146,60,123,747,239,49,56,120,73,123,856,288
"1307000010036",211,255,537,236,422,2777,652,115,134,276,106,221,1313,277,96,121,261,130,201,1464,375
"1307000010074",18,20,48,22,22,208,31,8,14,22,11,14,90,20,10,6,26,11,8,118,11
"1307000010089",12,13,21,8,18,104,18,6,9,15,3,9,54,8,6,4,6,5,9,50,10
"1307000010093",0,0,0,0,0,5,6,0,0,0,0,0,3,3,0,0,0,0,0,2,3
"130700002",137,183,371,156,274,1633,292,63,96,177,72,139,778,143,74,87,194,84,135,855,149
"130700002013A",137,183,371,156,274,1633,292,63,96,177,72,139,778,143,74,87,194,84,135,855,149
"130700003",196,226,503,250,419,2491,432,96,119,285,127,215,1210,199,100,107,218,123,204,1281,233
"1307000030040",51,64,146,67,133,738,116,25,32,80,31,68,357,54,26,32,66,36,65,381,62
"1307000030055",73,59,158,90,120,750,132,34,26,100,45,61,363,57,39,33,58,45,59,387,75
"130700003006A",68,87,184,85,146,928,167,35,48,99,46,75,454,81,33,39,85,39,71,474,86
"1307000030144",4,16,15,8,20,75,17,0,13,6,5,11,36,7,0,3,9,3,9,39,10
"130700005",0,0,0,0,0,0,0,0,0,0,0,0,0,0,0,0,0,0,0,0,0
"130700014",79,106,197,102,198,921,129,37,52,102,51,100,446,60,42,54,95,51,98,475,69
"130700015",10,5,15,2,9,77,12,5,2,8,2,5,38,10,5,3,7,0,4,39,2
"130700016",0,2,2,1,2,4,1,0,0,0,1,1,1,1,0,2,2,0,1,3,0
"130700018",0,0,0,0,0,0,0,0,0,0,0,0,0,0,0,0,0,0,0,0,0
"130700019",21,23,51,27,45,237,16,10,14,31,13,30,121,7,11,9,20,14,15,116,9
"130700020",3,3,7,4,6,25,0,2,1,4,2,1,12,0,1,2,3,2,5,13,0
"130700021",7,5,7,7,10,49,5,2,4,3,5,4,22,3,5,1,4,2,6,27,2
"130700023",7,3,13,6,21,59,5,4,3,7,4,13,29,4,3,0,6,2,8,30,1
"130700024",7,9,12,9,12,70,7,2,6,7,5,4,28,4,5,3,5,4,8,42,3
"130700027",0,0,0,0,0,0,0,0,0,0,0,0,0,0,0,0,0,0,0,0,0
"130700028",2,4,12,9,16,91,25,1,2,7,5,13,45,16,1,2,5,4,3,46,9
"130710001",10,14,31,14,27,140,50,7,8,19,8,6,63,23,3,6,12,6,21,77,27
"1307100010052",10,14,31,14,27,140,50,7,8,19,8,6,63,23,3,6,12,6,21,77,27
"130710002",19,23,59,40,57,285,130,9,9,29,23,27,130,61,10,14,30,17,30,155,69
"130710003",0,1,3,3,0,17,15,0,1,2,2,0,8,7,0,0,1,1,0,9,8
"130710004",3,3,7,6,4,41,26,1,2,3,2,1,22,13,2,1,4,4,3,19,13
"130710005",1,1,12,6,14,38,15,1,1,6,2,6,24,11,0,0,6,4,8,14,4
"130710006",24,14,29,10,19,126,42,11,8,12,7,7,58,24,13,6,17,3,12,68,18
"130710007",31,50,69,36,51,302,99,17,25,37,15,25,120,55,14,25,32,21,26,182,44
"130710008",0,0,5,4,10,34,16,0,0,3,3,5,18,6,0,0,2,1,5,16,10
"130710009",5,6,6,3,8,37,22,2,3,3,1,3,18,13,3,3,3,2,5,19,9
"130710010",3,10,16,9,15,82,66,1,1,6,2,7,41,36,2,9,10,7,8,41,30
"130710011",3,4,12,4,2,53,46,0,2,7,3,1,24,23,3,2,5,1,1,29,23
"130710012",7,16,39,22,26,182,96,2,7,21,12,13,88,55,5,9,18,10,13,94,41
"130710013",7,4,38,20,10,74,53,2,3,18,14,3,37,27,5,1,20,6,7,37,26
"130710014",12,8,16,12,14,80,23,7,1,10,7,9,38,14,5,7,6,5,5,42,9
"130710015",4,5,12,7,13,54,12,3,3,8,1,2,26,9,1,2,4,6,11,28,3
"130710016",7,10,29,15,14,98,47,3,4,16,9,5,41,24,4,6,13,6,9,57,23
"130710017",4,1,11,5,9,46,24,3,0,5,3,5,21,10,1,1,6,2,4,25,14
"130710018",8,10,16,4,9,63,47,5,5,11,0,5,30,19,3,5,5,4,4,33,28
"130710019",1,0,2,2,0,12,14,1,0,2,1,0,5,8,0,0,0,1,0,7,6
"130710020",1,1,1,2,2,42,24,1,1,0,2,2,23,14,0,0,1,0,0,19,10
"130710021",15,7,24,11,15,96,42,10,4,13,5,6,43,21,5,3,11,6,9,53,21
"130710022",6,4,2,1,7,30,14,4,1,0,0,4,16,9,2,3,2,1,3,14,5
"130710023",2,16,34,20,14,129,91,1,4,19,10,6,52,46,1,12,15,10,8,77,45
"130710024",8,6,21,15,20,97,35,2,4,10,6,7,45,16,6,2,11,9,13,52,19
"130710025",10,11,21,8,11,87,44,5,4,9,6,5,40,23,5,7,12,2,6,47,21
"130710026",3,1,9,6,9,39,22,0,0,4,4,5,17,14,3,1,5,2,4,22,8
"130710027",2,12,19,10,17,81,52,2,9,9,4,11,40,27,0,3,10,6,6,41,25
"130710028",3,3,6,3,5,31,12,3,0,4,2,3,13,8,0,3,2,1,2,18,4
"130710029",4,10,19,6,9,67,22,0,5,3,3,5,33,13,4,5,16,3,4,34,9
"130710030",26,25,45,25,44,191,46,15,16,18,11,27,91,24,11,9,27,14,17,100,22
"130710032",1,0,0,1,1,3,3,1,0,0,1,0,2,3,0,0,0,0,1,1,0
"130710033",2,5,20,5,12,59,25,1,1,11,3,8,32,10,1,4,9,2,4,27,15
"130710034",1,5,9,2,8,40,15,0,3,3,1,5,18,8,1,2,6,1,3,22,7
"130710035",1,9,14,7,15,58,19,1,5,8,3,6,20,10,0,4,6,4,9,38,9
"130710036",3,7,6,9,13,47,13,3,3,1,8,6,22,7,0,4,5,1,7,25,6
"130710037",15,8,20,15,18,89,31,9,6,10,10,10,40,18,6,2,10,5,8,49,13
"130710038",5,2,1,5,10,35,12,2,1,0,5,6,16,6,3,1,1,0,4,19,6
"130710040",3,4,13,6,5,41,25,2,2,6,2,4,17,16,1,2,7,4,1,24,9
"130710041",2,0,4,2,4,24,10,1,0,3,1,1,15,6,1,0,1,1,3,9,4
"130710046",1,0,2,1,0,4,7,1,0,1,0,0,1,4,0,0,1,1,0,3,3
"130710048",0,0,0,0,0,0,0,0,0,0,0,0,0,0,0,0,0,0,0,0,0
"130710054",1,4,10,6,4,31,10,1,1,4,5,3,14,5,0,3,6,1,1,17,5
"130710055",0,0,0,0,0,0,0,0,0,0,0,0,0,0,0,0,0,0,0,0,0
"130710056",0,0,0,1,2,5,3,0,0,0,0,0,4,1,0,0,0,1,2,1,2
"130710057",0,1,0,1,0,6,7,0,1,0,1,0,3,3,0,0,0,0,0,3,4
"130710058",0,0,8,2,5,23,7,0,0,1,1,2,12,3,0,0,7,1,3,11,4
"130710059",0,0,0,0,0,0,0,0,0,0,0,0,0,0,0,0,0,0,0,0,0
"130710060",0,0,0,0,0,0,0,0,0,0,0,0,0,0,0,0,0,0,0,0,0
"130710061",0,3,1,1,1,11,10,0,3,0,0,0,5,4,0,0,1,1,1,6,6
"130710062",0,0,0,3,1,6,5,0,0,0,1,0,3,3,0,0,0,2,1,3,2
"130710063",3,2,1,1,1,12,2,0,0,0,0,0,6,0,3,2,1,1,1,6,2
"130710064",0,0,0,0,0,0,0,0,0,0,0,0,0,0,0,0,0,0,0,0,0
"130710065",1,2,3,2,0,19,12,0,0,0,2,0,8,6,1,2,3,0,0,11,6
"130710066",3,3,4,3,5,20,14,2,2,1,1,2,10,5,1,1,3,2,3,10,9
"130710067",6,5,16,7,17,79,19,1,4,8,5,11,40,9,5,1,8,2,6,39,10
"130710068",0,0,0,0,0,0,0,0,0,0,0,0,0,0,0,0,0,0,0,0,0
"130710069",17,18,32,11,29,147,30,12,12,15,4,18,70,17,5,6,17,7,11,77,13
"130710070",0,0,0,0,0,0,0,0,0,0,0,0,0,0,0,0,0,0,0,0,0
"130710071",0,0,0,0,0,0,0,0,0,0,0,0,0,0,0,0,0,0,0,0,0
"130710072",0,0,0,0,0,0,0,0,0,0,0,0,0,0,0,0,0,0,0,0,0
"130710073",0,0,0,0,0,0,0,0,0,0,0,0,0,0,0,0,0,0,0,0,0
"130710075",1,2,1,0,2,6,2,0,2,0,0,0,4,1,1,0,1,0,2,2,1
"130710076",0,3,2,2,2,8,4,0,1,1,2,2,4,2,0,2,1,0,0,4,2
"130710077",0,0,0,0,0,0,0,0,0,0,0,0,0,0,0,0,0,0,0,0,0
"130710078",12,20,26,14,30,140,29,3,7,10,10,12,63,16,9,13,16,4,18,77,13
"130710079",1,2,4,0,2,17,7,0,1,2,0,0,9,5,1,1,2,0,2,8,2
"130710080",0,0,0,1,2,9,5,0,0,0,1,1,4,3,0,0,0,0,1,5,2
"130710081",0,1,1,0,0,6,3,0,0,1,0,0,3,2,0,1,0,0,0,3,1
"130710082",0,0,0,0,0,0,0,0,0,0,0,0,0,0,0,0,0,0,0,0,0
"130710083",3,1,6,2,4,23,11,2,0,4,1,2,8,5,1,1,2,1,2,15,6
"130710084",2,3,15,5,11,51,28,1,2,4,2,7,25,15,1,1,11,3,4,26,13
"130710086",0,0,0,0,0,0,0,0,0,0,0,0,0,0,0,0,0,0,0,0,0
"130710088",4,1,7,2,3,24,6,3,1,4,1,0,10,2,1,0,3,1,3,14,4
"130710089",0,3,8,3,2,9,4,0,2,3,1,1,3,3,0,1,5,2,1,6,1
"130710090",2,2,3,0,1,17,8,1,0,1,0,1,8,4,1,2,2,0,0,9,4
"130710092",0,0,1,0,0,6,3,0,0,1,0,0,4,2,0,0,0,0,0,2,1
"130710094",1,3,7,5,11,33,15,1,3,4,2,5,14,7,0,0,3,3,6,19,8
"130710095",0,1,3,0,0,11,5,0,0,2,0,0,5,2,0,1,1,0,0,6,3
"130710096",0,0,0,0,0,0,0,0,0,0,0,0,0,0,0,0,0,0,0,0,0
"130710097",46,40,76,42,60,262,72,25,20,40,24,22,115,43,21,20,36,18,38,147,29
"130710098",1,0,3,2,0,9,3,1,0,1,2,0,3,2,0,0,2,0,0,6,1
"130710099",0,0,0,0,0,0,0,0,0,0,0,0,0,0,0,0,0,0,0,0,0
"130710100",1,1,2,1,1,4,2,0,1,0,1,1,2,1,1,0,2,0,0,2,1
"130710101",0,0,5,1,0,7,2,0,0,2,0,0,3,1,0,0,3,1,0,4,1
"130710102",0,0,0,0,0,0,0,0,0,0,0,0,0,0,0,0,0,0,0,0,0
"130710104",0,0,0,0,0,0,0,0,0,0,0,0,0,0,0,0,0,0,0,0,0
"130710106",0,0,0,0,0,0,0,0,0,0,0,0,0,0,0,0,0,0,0,0,0
"130710107",0,0,0,0,0,0,0,0,0,0,0,0,0,0,0,0,0,0,0,0,0
"130710109",0,0,0,0,0,0,0,0,0,0,0,0,0,0,0,0,0,0,0,0,0
"130710110",0,0,0,0,0,3,2,0,0,0,0,0,2,1,0,0,0,0,0,1,1
"130710111",0,0,0,0,0,0,0,0,0,0,0,0,0,0,0,0,0,0,0,0,0
"130710112",0,0,0,0,0,0,0,0,0,0,0,0,0,0,0,0,0,0,0,0,0
"130710113",0,0,0,0,0,4,5,0,0,0,0,0,2,4,0,0,0,0,0,2,1
"130710115",0,0,0,0,0,0,0,0,0,0,0,0,0,0,0,0,0,0,0,0,0
"130710116",2,3,5,3,2,22,9,1,0,2,2,1,9,6,1,3,3,1,1,13,3
"130710119",0,0,0,0,0,0,0,0,0,0,0,0,0,0,0,0,0,0,0,0,0
"130710120",0,1,1,0,1,4,2,0,0,1,0,1,2,1,0,1,0,0,0,2,1
"130710121",0,0,0,0,0,0,0,0,0,0,0,0,0,0,0,0,0,0,0,0,0
"130710125",0,0,0,0,0,0,0,0,0,0,0,0,0,0,0,0,0,0,0,0,0
"130710129",0,0,0,0,0,0,0,0,0,0,0,0,0,0,0,0,0,0,0,0,0
"130710136",0,0,0,0,0,0,0,0,0,0,0,0,0,0,0,0,0,0,0,0,0
"130710139",2,2,4,2,4,17,3,0,0,4,2,2,8,1,2,2,0,0,2,9,2
"130710140",1,1,2,1,3,12,2,0,1,0,0,1,6,0,1,0,2,1,2,6,2
"130710141",1,1,2,1,2,14,12,1,0,1,1,1,5,4,0,1,1,0,1,9,8
"130710142",1,3,5,2,2,16,1,0,1,1,1,2,6,1,1,2,4,1,0,10,0
"130710143",0,0,0,0,0,3,3,0,0,0,0,0,0,2,0,0,0,0,0,3,1
"130720001",270,353,785,387,658,4392,1217,132,185,370,188,338,2085,585,138,168,415,199,320,2307,632
"1307200010045",59,74,198,84,129,861,203,31,42,87,44,63,406,93,28,32,111,40,66,455,110
"130720001005A",11,11,18,12,20,155,28,8,3,6,4,9,78,13,3,8,12,8,11,77,15
"1307200010079",87,103,229,110,181,1355,487,41,58,116,49,107,657,232,46,45,113,61,74,698,255
"1307200010083",113,165,340,181,328,2021,499,52,82,161,91,159,944,247,61,83,179,90,169,1077,252
"130720002",14,20,42,22,35,200,55,3,9,21,10,20,97,28,11,11,21,12,15,103,27
"130720003",10,15,24,15,16,111,22,5,7,9,8,5,51,10,5,8,15,7,11,60,12
"130720005",25,42,85,40,59,416,102,12,22,45,23,32,189,52,13,20,40,17,27,227,50
"130720007",0,0,0,0,0,1,5,0,0,0,0,0,0,3,0,0,0,0,0,1,2
"130720009",1,3,5,1,1,21,7,1,2,3,1,0,8,4,0,1,2,0,1,13,3
"130720010",6,10,21,8,9,76,12,3,6,10,3,3,34,4,3,4,11,5,6,42,8
"130720011",0,0,0,0,0,0,0,0,0,0,0,0,0,0,0,0,0,0,0,0,0
"130720018",3,3,6,2,2,28,8,1,1,4,2,1,16,5,2,2,2,0,1,12,3
"130720019",0,0,0,0,0,0,0,0,0,0,0,0,0,0,0,0,0,0,0,0,0
"130720020",29,41,96,59,92,732,228,15,19,42,31,50,341,123,14,22,54,28,42,391,105
"130720021",0,0,0,0,0,0,0,0,0,0,0,0,0,0,0,0,0,0,0,0,0
"130720022",5,2,11,7,10,54,13,4,2,6,2,9,22,7,1,0,5,5,1,32,6
"130720032",0,0,0,0,0,0,0,0,0,0,0,0,0,0,0,0,0,0,0,0,0
"130720035",0,0,0,0,0,0,0,0,0,0,0,0,0,0,0,0,0,0,0,0,0
"130720037",0,0,0,0,0,0,0,0,0,0,0,0,0,0,0,0,0,0,0,0,0
"130720039",1,1,1,0,0,4,1,1,1,1,0,0,1,1,0,0,0,0,0,3,0
"130720041",0,0,0,0,0,0,0,0,0,0,0,0,0,0,0,0,0,0,0,0,0
"130720043",2,3,2,0,2,13,2,2,2,0,0,1,6,1,0,1,2,0,1,7,1
"130720044",0,0,0,0,0,0,0,0,0,0,0,0,0,0,0,0,0,0,0,0,0
"130720045",0,0,0,0,0,0,0,0,0,0,0,0,0,0,0,0,0,0,0,0,0
"130730001",360,356,779,341,541,3095,643,174,176,391,180,280,1401,298,186,180,388,161,261,1694,345
"1307300010127",208,207,451,192,323,1824,389,106,103,229,101,172,827,176,102,104,222,91,151,997,213
"1307300010131",135,127,297,135,199,1169,240,59,57,151,72,99,529,116,76,70,146,63,100,640,124
"1307300010165",17,22,31,14,19,102,14,9,16,11,7,9,45,6,8,6,20,7,10,57,8
"130730002",84,121,232,113,135,557,116,33,64,107,68,76,276,62,51,57,125,45,59,281,54
"130730003",21,21,48,32,46,238,83,11,8,27,16,19,110,42,10,13,21,16,27,128,41
"130730004",7,2,6,9,29,86,43,2,2,1,3,16,40,22,5,0,5,6,13,46,21
"130730005",37,44,93,58,88,369,86,20,17,45,30,42,181,38,17,27,48,28,46,188,48
"130730006",24,19,50,30,51,213,40,12,10,28,15,25,101,22,12,9,22,15,26,112,18
"130730007",19,17,24,18,34,166,60,8,9,11,8,13,78,30,11,8,13,10,21,88,30
"130730009",10,12,21,7,7,62,18,3,9,11,3,3,30,10,7,3,10,4,4,32,8
"130730010",5,7,31,7,15,74,19,2,4,18,4,9,37,12,3,3,13,3,6,37,7
"130730011",27,23,62,35,60,302,162,18,12,31,14,41,154,89,9,11,31,21,19,148,73
"130730012",1,6,5,3,3,15,11,1,3,5,2,0,6,4,0,3,0,1,3,9,7
"130730013",20,18,40,16,35,219,62,11,10,18,11,18,110,30,9,8,22,5,17,109,32
"130730014",21,19,53,23,25,135,29,11,9,26,10,12,53,17,10,10,27,13,13,82,12
"130730015",81,103,204,112,150,481,86,42,52,105,54,77,228,52,39,51,99,58,73,253,34
"130730016",101,103,211,136,180,487,102,54,60,104,67,94,241,49,47,43,107,69,86,246,53
"130730017",58,59,119,52,90,483,141,20,26,59,23,48,225,64,38,33,60,29,42,258,77
"130730018",18,18,35,23,19,124,46,7,4,17,14,10,66,23,11,14,18,9,9,58,23
"130730019",70,72,175,93,121,625,160,37,43,98,48,70,303,78,33,29,77,45,51,322,82
"130730020",83,104,172,94,144,693,182,44,54,80,52,65,316,85,39,50,92,42,79,377,97
"130730021",39,43,80,37,64,358,122,18,27,43,21,37,158,58,21,16,37,16,27,200,64
"130730022",42,44,102,40,63,353,92,20,30,48,22,39,170,45,22,14,54,18,24,183,47
"130730023",62,80,148,83,101,528,154,31,43,79,42,48,254,90,31,37,69,41,53,274,64
"130730024",10,20,51,20,37,167,68,4,6,24,11,22,80,34,6,14,27,9,15,87,34
"130730025",76,89,171,108,175,643,131,42,48,84,58,96,321,65,34,41,87,50,79,322,66
"130730026",25,26,63,32,42,214,88,15,9,33,10,19,105,43,10,17,30,22,23,109,45
"130730027",21,17,54,24,49,220,74,10,7,27,10,27,99,42,11,10,27,14,22,121,32
"130730028",19,23,48,29,27,203,117,8,9,26,15,14,85,66,11,14,22,14,13,118,51
"130730029",15,12,27,11,21,111,27,8,6,10,6,7,56,13,7,6,17,5,14,55,14
"130730030",22,16,31,19,42,149,23,17,9,17,7,21,76,15,5,7,14,12,21,73,8
"130730031",22,26,43,23,43,201,70,13,11,23,14,30,104,34,9,15,20,9,13,97,36
"130730033",50,52,137,55,93,399,112,23,24,62,27,57,181,60,27,28,75,28,36,218,52
"130730034",45,56,132,54,93,467,144,25,28,66,30,49,214,70,20,28,66,24,44,253,74
"130730035",0,1,5,1,1,30,22,0,0,4,0,0,15,12,0,1,1,1,1,15,10
"130730036",43,41,76,33,65,231,49,26,20,42,16,31,103,23,17,21,34,17,34,128,26
"130730037",44,36,81,56,78,283,109,22,18,35,25,37,134,60,22,18,46,31,41,149,49
"130730038",144,201,431,161,241,1110,264,72,103,200,78,125,479,136,72,98,231,83,116,631,128
"1307300380061",144,201,431,161,241,1110,264,72,103,200,78,125,479,136,72,98,231,83,116,631,128
"130730039",7,3,7,2,7,45,24,2,2,5,0,5,19,13,5,1,2,2,2,26,11
"130730040",47,51,109,65,95,479,210,25,29,49,29,45,226,108,22,22,60,36,50,253,102
"130730041",9,10,17,11,12,99,14,5,6,7,6,4,47,7,4,4,10,5,8,52,7
"130730042",18,14,48,25,40,123,35,7,9,25,11,24,56,19,11,5,23,14,16,67,16
"130730043",10,7,13,6,13,39,10,5,4,5,3,8,18,6,5,3,8,3,5,21,4
"130730044",3,1,5,4,2,15,8,1,0,4,4,1,6,7,2,1,1,0,1,9,1
"130730045",16,12,22,20,35,122,41,9,4,14,15,20,55,22,7,8,8,5,15,67,19
"130730046",5,9,29,12,18,80,35,3,4,20,8,8,40,20,2,5,9,4,10,40,15
"130730047",72,67,117,66,127,454,104,39,32,74,37,65,210,51,33,35,43,29,62,244,53
"130730048",20,26,47,26,46,173,56,12,15,26,12,22,78,35,8,11,21,14,24,95,21
"130730049",12,12,33,18,22,123,33,7,4,15,9,15,61,22,5,8,18,9,7,62,11
"130730050",5,11,20,11,14,71,24,2,4,8,7,6,32,11,3,7,12,4,8,39,13
"130730051",1,0,3,1,1,13,6,0,0,2,1,0,7,2,1,0,1,0,1,6,4
"130730054",14,8,31,14,23,91,26,5,5,16,7,15,42,14,9,3,15,7,8,49,12
"130730055",5,5,15,13,9,47,17,3,3,8,6,4,20,7,2,2,7,7,5,27,10
"130730057",0,0,0,0,0,0,0,0,0,0,0,0,0,0,0,0,0,0,0,0,0
"130730059",6,6,10,15,18,73,15,3,3,6,3,10,34,9,3,3,4,12,8,39,6
"130730060",19,26,46,20,37,143,54,7,11,22,13,20,72,31,12,15,24,7,17,71,23
"130730062",5,8,10,7,13,24,17,1,1,5,3,6,11,8,4,7,5,4,7,13,9
"130730063",14,15,30,25,36,110,21,8,10,24,14,20,49,10,6,5,6,11,16,61,11
"130730064",0,0,0,1,2,7,3,0,0,0,0,0,4,1,0,0,0,1,2,3,2
"130730067",1,3,8,1,1,21,3,0,1,1,1,1,9,1,1,2,7,0,0,12,2
"130730095",15,27,53,16,30,158,46,9,11,25,9,17,71,23,6,16,28,7,13,87,23
"130730098",2,0,2,0,2,8,2,1,0,0,0,1,4,0,1,0,2,0,1,4,2
"130730099",1,7,10,15,12,33,9,1,4,5,4,10,18,4,0,3,5,11,2,15,5
"130730101",0,0,0,0,0,0,0,0,0,0,0,0,0,0,0,0,0,0,0,0,0
"130730102",0,0,0,0,0,0,0,0,0,0,0,0,0,0,0,0,0,0,0,0,0
"130730104",4,5,20,14,18,62,23,3,2,9,7,7,36,10,1,3,11,7,11,26,13
"130730105",2,2,5,3,1,14,7,2,0,2,1,0,6,4,0,2,3,2,1,8,3
"130730106",0,1,1,0,0,5,3,0,1,1,0,0,2,1,0,0,0,0,0,3,2
"130730107",0,0,0,0,0,0,0,0,0,0,0,0,0,0,0,0,0,0,0,0,0
"130730108",6,10,15,8,8,46,11,2,6,8,4,4,24,6,4,4,7,4,4,22,5
"130730109",0,0,0,0,0,0,0,0,0,0,0,0,0,0,0,0,0,0,0,0,0
"130730110",2,3,5,4,2,17,2,1,2,4,0,1,9,0,1,1,1,4,1,8,2
"130730111",2,0,0,2,2,10,1,2,0,0,2,1,5,0,0,0,0,0,1,5,1
"130730113",0,0,0,0,0,0,0,0,0,0,0,0,0,0,0,0,0,0,0,0,0
"130730116",0,0,0,0,0,0,0,0,0,0,0,0,0,0,0,0,0,0,0,0,0
"130730117",11,11,21,10,9,68,8,7,7,9,4,5,29,3,4,4,12,6,4,39,5
"130730119",24,23,44,17,36,151,30,15,11,26,9,16,63,15,9,12,18,8,20,88,15
"130730120",4,6,16,5,6,37,9,1,2,6,2,4,19,6,3,4,10,3,2,18,3
"130730121",0,0,0,0,0,0,0,0,0,0,0,0,0,0,0,0,0,0,0,0,0
"130730123",4,2,9,6,2,22,11,1,1,4,3,1,9,4,3,1,5,3,1,13,7
"130730131",12,8,21,14,23,94,24,7,2,15,7,9,46,13,5,6,6,7,14,48,11
"130730132",11,14,24,15,22,99,41,4,7,8,7,15,46,20,7,7,16,8,7,53,21
"130730133",10,6,14,8,12,50,12,4,1,10,5,5,24,5,6,5,4,3,7,26,7
"130740001",573,639,1387,744,1299,8162,1885,283,347,693,376,655,3866,887,290,292,694,368,644,4296,998
"1307400010054",24,12,50,25,36,242,47,13,5,22,12,17,106,24,11,7,28,13,19,136,23
"1307400010069",0,0,4,4,3,18,0,0,0,0,0,0,12,0,0,0,4,0,0,9,0
"1307400010105",8,8,18,5,8,69,6,4,3,12,0,3,38,3,4,5,6,5,5,31,3
"130740001011A",84,87,213,97,203,1169,282,52,49,112,46,102,559,118,32,38,101,51,101,610,164
"1307400010124",113,133,317,199,299,1872,462,53,76,170,108,158,900,230,60,57,147,91,141,972,232
"1307400010162",149,191,412,194,386,2378,628,61,102,198,98,189,1116,290,88,89,214,96,197,1262,338
"1307400010177",192,206,369,218,360,2401,456,98,110,176,110,181,1132,219,94,96,193,108,179,1269,237
"1307400010196",0,0,4,0,4,17,0,0,0,3,0,3,8,0,0,0,0,0,0,10,0
"130740002",355,400,876,409,698,4428,819,201,205,432,202,352,2138,380,154,195,444,207,346,2290,439
"1307400020088",126,138,316,157,238,1563,303,71,74,149,80,115,752,138,55,64,167,77,123,811,165
"1307400020092",229,262,560,252,460,2865,516,130,131,283,122,237,1386,242,99,131,277,130,223,1479,274
"130740003",213,261,509,226,438,2476,507,103,133,252,113,220,1191,252,110,128,257,113,218,1285,255
"1307400030139",109,135,280,129,245,1310,297,55,68,133,66,127,619,149,54,67,147,63,118,691,148
"1307400030143",101,120,223,97,190,1136,210,45,63,116,47,91,556,103,56,57,107,50,99,580,107
"1307400030181",3,6,6,0,3,30,0,3,0,3,0,0,18,0,0,4,3,0,0,15,0
"130740004",60,58,124,60,114,665,131,23,19,63,24,47,328,66,37,39,61,36,67,337,65
"130740007",1,4,6,1,9,31,13,1,0,1,1,5,16,8,0,4,5,0,4,15,5
"130740008",0,0,0,1,2,6,0,0,0,0,1,2,4,0,0,0,0,0,0,2,0
"130740013",0,0,0,0,0,0,0,0,0,0,0,0,0,0,0,0,0,0,0,0,0
"130740014",0,1,3,0,3,15,3,0,0,1,0,2,7,1,0,1,2,0,1,8,2
"130750001",297,418,971,502,792,4930,1056,161,182,485,259,412,2316,489,136,236,486,243,380,2614,567
"1307500010051",80,91,227,124,215,1382,349,36,38,109,60,105,662,157,44,53,118,64,110,720,192
"1307500010066",27,49,105,49,81,600,172,17,22,52,20,32,284,73,10,27,53,29,49,316,99
"1307500010070",54,70,185,102,149,1046,272,27,29,100,57,80,484,124,27,41,85,45,69,562,148
"1307500010085",29,38,72,49,78,429,98,15,14,35,21,46,197,52,14,24,37,28,32,232,46
"1307500010102",3,0,0,0,7,26,8,0,0,0,0,5,13,4,0,0,0,0,0,15,4
"1307500010117",0,3,3,0,3,23,5,0,3,0,0,0,12,3,0,0,0,0,0,16,0
"1307500010155",26,50,89,50,77,430,71,16,26,46,28,42,197,39,10,24,43,22,35,233,32
"130750001016A",14,30,50,27,47,191,19,11,11,26,14,25,82,9,3,19,24,13,22,109,10
"1307500010174",17,25,60,24,37,194,11,12,13,21,13,17,91,5,5,12,39,11,20,103,6
"1307500010189",45,60,178,75,98,609,51,24,24,94,44,58,296,23,21,36,84,31,40,313,28
"130750002",148,221,382,205,332,2144,468,77,105,184,98,166,999,231,71,116,198,107,166,1145,237
"1307500020121",64,101,154,83,160,955,200,28,59,80,39,87,451,95,36,42,74,44,73,504,105
"1307500020136",49,59,108,47,72,526,91,33,22,47,27,32,249,45,16,37,61,20,40,277,46
"1307500020140",35,61,120,75,100,663,177,16,24,57,32,47,299,91,19,37,63,43,53,364,86
"130750006",0,0,0,0,0,0,0,0,0,0,0,0,0,0,0,0,0,0,0,0,0
"130750008",0,0,0,0,0,0,0,0,0,0,0,0,0,0,0,0,0,0,0,0,0
"130750009",14,19,37,17,32,174,21,4,10,22,9,13,83,8,10,9,15,8,19,91,13
"130750010",0,0,2,1,3,65,42,0,0,1,1,2,36,16,0,0,1,0,1,29,26
"130750011",52,49,111,55,114,658,143,29,16,64,20,59,324,70,23,33,47,35,55,334,73
"130750013",47,55,119,57,95,603,151,25,31,67,33,53,278,68,22,24,52,24,42,325,83
"130750017",0,0,0,0,0,0,0,0,0,0,0,0,0,0,0,0,0,0,0,0,0
"130750022",0,0,0,0,0,0,0,0,0,0,0,0,0,0,0,0,0,0,0,0,0
"130750024",0,0,0,0,0,0,0,0,0,0,0,0,0,0,0,0,0,0,0,0,0
"130750027",0,0,0,0,0,0,0,0,0,0,0,0,0,0,0,0,0,0,0,0,0
"130750030",0,0,0,0,0,0,0,0,0,0,0,0,0,0,0,0,0,0,0,0,0
"130750032",1,4,3,0,1,11,3,0,1,2,0,0,4,2,1,3,1,0,1,7,1
"130750034",2,2,2,2,4,16,3,1,0,2,1,4,8,2,1,2,0,1,0,8,1
"130750035",2,2,3,0,3,13,0,1,0,3,0,2,7,0,1,2,0,0,1,6,0
"130750036",0,0,0,0,0,0,0,0,0,0,0,0,0,0,0,0,0,0,0,0,0
"130750038",0,0,0,0,0,0,0,0,0,0,0,0,0,0,0,0,0,0,0,0,0
"130750040",93,95,197,102,172,987,110,45,40,101,63,77,460,44,48,55,96,39,95,527,66
"130750041",203,271,517,226,278,2174,164,102,144,281,117,128,1031,75,101,127,236,109,150,1143,89
"1307500410193",54,54,108,35,31,423,23,25,30,60,16,14,202,14,29,24,48,19,17,221,9
"1307500410206",62,96,193,79,106,752,63,36,47,104,41,48,360,28,26,49,89,38,58,392,35
"1307500410210",87,121,216,112,141,999,78,41,67,117,60,66,469,33,46,54,99,52,75,530,45
"130750045",0,2,4,1,4,20,3,0,2,3,1,3,9,3,0,0,1,0,1,11,0
"130750048",0,0,0,0,0,0,0,0,0,0,0,0,0,0,0,0,0,0,0,0,0
"130750049",0,0,0,0,0,0,0,0,0,0,0,0,0,0,0,0,0,0,0,0,0
"130750052",0,0,0,0,0,0,0,0,0,0,0,0,0,0,0,0,0,0,0,0,0
"130760001",1136,1312,2691,1404,2320,16102,4345,537,675,1393,708,1127,7422,1967,599,637,1298,696,1193,8680,2378
"1307600010082",72,73,198,100,161,1227,559,35,34,96,55,80,571,230,37,39,102,45,81,656,329
"1307600010114",128,131,273,170,290,1943,723,55,67,148,83,136,882,319,73,64,125,87,154,1061,404
"1307600010237",100,124,257,111,194,1231,197,55,57,132,58,90,565,94,45,67,125,53,104,666,103
"1307600010379",101,120,237,115,210,1398,387,51,60,130,62,104,632,174,50,60,107,53,106,766,213
"1307600010383",62,84,146,80,127,775,168,26,50,76,33,57,374,77,36,34,70,47,70,401,91
"1307600010398",66,80,137,78,138,965,286,31,44,74,41,72,439,135,35,36,63,37,66,526,151
"1307600010400",70,64,166,89,164,1187,352,32,28,91,45,87,537,145,38,36,75,44,77,650,207
"130760001042A",141,173,318,153,229,1795,313,65,82,161,75,111,841,157,76,91,157,78,118,954,156
"1307600010434",49,47,119,67,94,675,134,22,30,58,35,43,318,70,27,17,61,32,51,357,64
"1307600010449",42,52,118,79,111,748,251,17,29,63,45,54,333,118,25,23,55,34,57,415,133
"1307600010631",35,46,67,42,61,406,52,15,23,36,21,32,184,27,20,23,31,21,29,222,25
"1307600010650",53,62,119,67,94,735,176,24,34,60,32,44,338,86,29,28,59,35,50,397,90
"1307600010665",81,108,233,109,185,1196,259,45,60,116,60,92,546,116,36,48,117,49,93,650,143
"1307600010699",6,5,10,4,6,41,9,0,4,4,0,3,18,5,5,0,6,0,3,23,4
"1307600010754",4,9,24,7,15,103,23,0,0,11,0,7,55,10,4,7,13,5,8,48,13
"1307600010769",0,0,0,0,0,9,0,0,0,0,0,0,3,0,0,0,0,0,0,6,0
"130760001081A",46,46,107,49,93,590,138,23,21,53,22,44,270,62,23,25,54,27,49,320,76
"1307600010824",78,85,156,84,143,1060,317,39,48,83,37,70,507,142,39,37,73,47,73,553,175
"1307600010843",0,0,5,0,5,19,0,0,0,0,0,0,10,0,0,0,4,0,4,10,0
"1307600010985",0,0,0,0,0,0,0,0,0,0,0,0,0,0,0,0,0,0,0,0,0
"130760002",5,15,15,5,23,105,29,1,7,5,3,12,49,13,4,8,10,2,11,56,16
"130760004",50,55,109,65,119,658,145,28,30,63,41,50,321,73,22,25,46,24,69,337,72
"130760005",19,22,36,24,30,209,74,12,13,14,10,16,100,39,7,9,22,14,14,109,35
"130760006",120,138,275,171,238,1559,275,60,76,146,87,124,759,124,60,62,129,84,114,800,151
"130760006003A",63,77,144,92,129,833,169,33,46,78,46,64,404,78,30,31,66,46,65,429,91
"1307600060171",51,58,125,73,106,693,106,22,29,65,39,57,336,46,29,29,60,34,49,357,60
"1307600060241",6,3,6,6,3,33,0,5,0,3,0,3,19,0,0,0,3,4,0,14,0
"130760007",19,15,25,17,28,193,36,11,7,13,7,13,83,18,8,8,12,10,15,110,18
"130760008",705,842,1651,850,1491,9875,1917,346,427,834,440,776,4629,884,359,415,817,410,715,5246,1033
"1307600080453",120,147,275,124,242,1685,341,55,80,135,63,127,769,154,65,67,140,61,115,916,187
"1307600080468",106,122,238,127,220,1372,280,55,59,116,66,116,661,123,51,63,122,61,104,711,157
"1307600080608",7,7,7,7,7,70,7,3,6,4,0,5,30,3,4,0,3,7,0,42,4
"130760008067A",86,109,181,90,186,1192,237,40,63,90,43,94,553,108,46,46,91,47,92,639,129
"1307600080684",65,94,173,99,141,1041,226,39,39,91,63,75,489,99,26,55,82,36,66,552,127
"1307600080701",98,91,183,108,167,1130,242,54,40,90,53,98,524,114,44,51,93,55,69,606,128
"1307600080773",0,3,7,4,0,22,3,0,0,0,0,0,11,0,0,0,5,4,0,14,0
"1307600080932",32,46,115,60,121,601,99,11,21,59,37,57,284,56,21,25,56,23,64,317,43
"1307600080947",53,52,131,53,106,714,135,28,28,65,26,54,356,65,25,24,66,27,52,358,70
"1307600080951",11,0,7,6,11,61,6,4,0,3,4,4,29,4,7,0,4,0,7,34,0
"1307600080966",50,90,178,90,142,1092,203,25,48,103,43,77,507,93,25,42,75,47,65,585,110
"1307600080970",46,36,72,49,101,526,109,18,18,37,23,46,253,51,28,18,35,26,55,273,58
"1307600081038",0,0,0,3,8,21,0,0,0,0,3,3,7,0,0,0,0,0,5,14,0
"1307600081042",5,0,9,0,3,25,3,4,0,4,0,0,14,0,0,0,5,0,3,14,0
"1307600081057",0,6,13,4,6,34,0,0,0,10,4,4,12,0,0,4,3,0,0,24,0
"1307600081061",20,34,60,24,29,292,24,7,19,25,10,16,134,10,13,15,35,14,13,158,14
"130760009",8,10,27,8,11,95,33,4,5,15,6,4,46,15,4,5,12,2,7,49,18
"130760010",62,53,107,59,103,687,193,31,27,51,29,53,327,95,31,26,56,30,50,360,98
"130760011",179,207,397,191,331,2271,428,84,109,211,99,158,1108,209,95,98,186,92,173,1163,219
"1307600110345",83,99,192,88,160,1178,223,42,49,106,45,73,581,108,41,50,86,43,87,597,115
"130760011035A",88,102,181,86,159,997,186,39,57,91,47,79,481,91,49,45,90,39,80,516,95
"1307600110805",8,5,22,16,11,90,17,3,0,13,6,6,43,9,5,3,9,10,5,47,8
"1307600110858",0,0,0,0,0,9,0,0,0,0,0,0,4,0,0,0,0,0,0,5,0
"130760012",49,83,153,82,124,827,202,23,36,66,34,63,383,93,26,47,87,48,61,444,109
"130760013",67,77,161,87,150,1126,276,38,42,91,47,90,527,142,29,35,70,40,60,599,134
"130760015",37,39,89,48,87,458,90,21,20,50,18,49,207,51,16,19,39,30,38,251,39
"130760016",53,81,144,76,138,925,189,26,34,76,36,73,434,97,27,47,68,40,65,491,92
"130760017",8,4,17,6,10,54,12,5,2,8,3,4,26,8,3,2,9,3,6,28,4
"130760018",28,22,63,21,50,237,70,10,10,28,8,23,114,36,18,12,35,13,27,123,34
"130760019",107,132,256,110,176,1156,187,49,66,130,59,86,546,101,58,66,126,51,90,610,86
"130760021",28,36,74,40,59,394,92,8,19,36,23,32,194,44,20,17,38,17,27,200,48
"130760022",536,639,1370,660,1055,7671,1941,236,305,707,319,548,3597,887,300,334,663,341,507,4074,1054
"1307600220059",77,103,206,112,154,1248,439,31,54,104,68,79,592,205,46,49,102,44,75,656,234
"1307600220222",158,158,388,188,321,2190,608,73,70,198,96,159,1017,266,85,88,190,92,162,1173,342
"1307600220523",69,94,223,95,146,1224,304,35,40,118,36,84,559,122,34,54,105,59,62,665,182
"1307600220538",89,117,248,99,188,1395,355,38,60,136,48,96,669,168,51,57,112,51,92,726,187
"1307600220580",5,4,12,7,6,53,21,0,0,4,4,0,27,8,3,3,8,3,5,27,13
"1307600220595",4,0,10,3,7,44,13,0,0,3,0,4,22,7,0,0,7,3,3,22,6
"1307600220646",3,0,3,0,8,33,8,0,0,0,0,3,17,4,0,0,0,0,5,16,4
"1307600220788",26,44,76,35,37,377,70,14,28,43,13,20,176,40,12,16,33,22,17,201,30
"1307600220862",28,28,42,27,56,277,26,10,13,19,14,34,133,12,18,15,23,13,22,144,14
"1307600220877",77,88,162,92,132,830,97,30,39,80,38,68,386,55,47,49,82,54,64,444,42
"130760023",55,69,123,66,117,750,184,22,37,63,35,59,371,103,33,32,60,31,58,379,81
"130760024",302,328,669,355,615,4533,1205,151,161,338,178,342,2117,568,151,167,331,177,273,2416,637
"1307600240078",115,137,268,155,278,1932,607,52,67,127,79,150,913,289,63,70,141,76,128,1019,318
"1307600240364",22,23,44,29,49,288,34,11,10,24,11,23,139,20,11,13,20,18,26,149,14
"1307600240542",31,38,82,40,79,693,233,15,19,49,21,45,317,102,16,19,33,19,34,376,131
"1307600240720",4,5,11,5,10,79,18,3,0,9,3,7,38,9,0,3,0,0,3,41,9
"1307600240735",6,0,0,0,0,28,0,3,0,0,0,0,12,0,3,0,0,0,0,16,0
"130760024074A",0,0,0,0,0,0,0,0,0,0,0,0,0,0,0,0,0,0,0,0,0
"1307600240881",0,0,0,0,0,0,0,0,0,0,0,0,0,0,0,0,0,0,0,0,0
"1307600240913",39,38,78,42,71,444,89,22,16,46,20,41,207,47,17,22,32,22,30,237,42
"1307600240928",80,80,174,80,119,1004,212,41,45,78,41,69,459,98,39,35,96,39,50,545,114
"130760024099A",0,0,3,0,0,23,3,0,0,0,0,0,12,0,0,0,0,0,0,14,0
"1307600241023",3,4,7,0,6,44,7,0,0,0,0,5,24,0,0,3,5,0,0,22,6
"130760025",39,38,96,63,85,608,140,21,15,57,30,42,275,67,18,23,39,33,43,333,73
"130760026",202,212,403,187,307,1870,409,97,120,222,87,152,868,195,105,92,181,100,155,1002,214
"1307600260129",93,107,183,80,142,906,188,43,56,112,33,75,403,89,50,51,71,47,67,503,99
"1307600260152",39,51,90,51,78,419,81,19,30,45,24,35,194,39,20,21,45,27,43,225,42
"130760026028A",15,13,36,16,21,155,52,8,10,20,12,13,83,27,7,3,16,4,8,72,25
"1307600260294",41,33,80,31,52,322,74,20,17,39,13,21,154,33,21,16,41,18,31,168,41
"1307600260792",14,8,14,9,14,68,14,7,7,6,5,8,34,7,7,0,8,4,6,34,7
"130760027",108,129,313,173,228,1879,447,58,72,174,94,111,875,212,50,57,139,79,117,1004,235
"1307600271004",56,85,176,102,151,1134,257,32,48,106,62,76,534,124,24,37,70,40,75,600,133
"1307600271019",52,44,137,71,77,745,190,26,24,68,32,35,341,88,26,20,69,39,42,404,102
"130760028",104,115,217,122,208,1246,325,58,59,113,47,99,625,164,46,56,104,75,109,621,161
"130760029",27,40,72,28,48,376,75,12,18,32,11,24,186,30,15,22,40,17,24,190,45
"130760031",17,24,46,17,21,152,48,9,8,20,6,14,70,22,8,16,26,11,7,82,26
"130760032",96,87,196,104,150,890,250,47,51,83,47,69,421,129,49,36,113,57,81,469,121
"130760040",18,30,61,19,45,319,73,10,12,33,11,26,155,35,8,18,28,8,19,164,38
"130760046",41,60,95,66,79,481,78,19,24,49,27,35,218,44,22,36,46,39,44,263,34
"130760052",6,1,3,3,10,24,4,2,0,1,2,5,16,2,4,1,2,1,5,8,2
"130760053",11,13,17,7,14,129,25,3,6,11,5,7,65,10,8,7,6,2,7,64,15
"130760057",5,1,2,2,7,25,10,2,1,1,2,5,12,6,3,0,1,0,2,13,4
"130760058",98,106,231,116,206,1179,147,48,55,116,56,119,535,79,50,51,115,60,87,644,68
"130760061",49,48,84,52,81,624,86,26,21,47,23,45,285,42,23,27,37,29,36,339,44
"130760062",4,12,20,11,16,95,21,2,5,12,6,8,43,9,2,7,8,5,8,52,12
"130760063",1,2,10,3,0,38,10,0,0,6,2,0,19,5,1,2,4,1,0,19,5
"130760064",2,1,2,0,1,4,2,2,1,0,0,0,2,1,0,0,2,0,1,2,1
"130760065",16,16,35,14,29,187,35,15,9,16,6,16,90,17,1,7,19,8,13,97,18
"130760067",84,97,177,87,131,945,160,40,55,86,53,63,436,76,44,42,91,34,68,509,84
"130760069",0,0,0,0,0,0,0,0,0,0,0,0,0,0,0,0,0,0,0,0,0
"130760070",3,9,12,4,12,62,19,2,3,6,2,7,33,7,1,6,6,2,5,29,12
"130760071",2,3,9,6,10,53,8,0,2,5,2,3,28,6,2,1,4,4,7,25,2
"130760072",3,2,1,2,0,14,3,1,2,0,1,0,7,2,2,0,1,1,0,7,1
"130760073",29,31,63,25,60,305,62,14,16,30,16,37,149,34,15,15,33,9,23,156,28
"130760074",8,12,19,8,22,139,19,7,4,13,2,11,68,13,1,8,6,6,11,71,6
"130760075",0,0,0,0,0,0,0,0,0,0,0,0,0,0,0,0,0,0,0,0,0
"130760079",0,0,0,0,0,2,2,0,0,0,0,0,2,1,0,0,0,0,0,0,1
"130760084",5,11,21,4,13,63,9,4,6,11,3,5,33,3,1,5,10,1,8,30,6
"130760085",30,37,64,34,58,358,96,21,12,30,18,25,168,52,9,25,34,16,33,190,44
"130760086",0,1,0,0,2,6,1,0,1,0,0,1,2,1,0,0,0,0,1,4,0
"130760087",9,9,23,11,7,83,21,3,2,12,5,4,37,10,6,7,11,6,3,46,11
"130760088",0,0,0,0,0,0,0,0,0,0,0,0,0,0,0,0,0,0,0,0,0
"130760089",0,0,0,0,0,0,0,0,0,0,0,0,0,0,0,0,0,0,0,0,0
"130760090",4,2,8,4,12,42,8,3,2,5,3,4,20,4,1,0,3,1,8,22,4
"130760091",0,0,0,0,0,0,0,0,0,0,0,0,0,0,0,0,0,0,0,0,0
"130760092",21,19,19,13,18,172,16,14,12,13,7,11,82,6,7,7,6,6,7,90,10
"130760093",0,0,0,0,0,0,0,0,0,0,0,0,0,0,0,0,0,0,0,0,0
"130760094",3,4,8,3,12,45,8,1,2,4,1,2,20,5,2,2,4,2,10,25,3
"130760095",14,6,18,6,13,85,7,7,4,13,1,7,34,5,7,2,5,5,6,51,2
"130760098",0,2,1,2,0,15,4,0,0,0,1,0,8,3,0,2,1,1,0,7,1
"130760099",0,2,1,1,0,10,0,0,2,1,0,0,5,0,0,0,0,1,0,5,0
"130760100",0,0,0,0,0,0,0,0,0,0,0,0,0,0,0,0,0,0,0,0,0
"130760101",28,14,33,14,48,707,44,14,6,18,9,25,564,32,14,8,15,5,23,143,12
"130760102",0,0,0,0,0,0,0,0,0,0,0,0,0,0,0,0,0,0,0,0,0
"130760103",4,7,8,5,7,70,19,2,4,3,4,3,27,7,2,3,5,1,4,43,12
"130760104",0,0,1,3,3,7,0,0,0,0,1,3,3,0,0,0,1,2,0,4,0
"130760105",62,70,152,77,130,842,81,32,37,79,37,65,407,43,30,33,73,40,65,435,38
"130760106",1,2,6,2,2,24,4,0,1,4,2,0,13,3,1,1,2,0,2,11,1
"130760107",0,1,1,2,5,12,2,0,0,1,0,2,7,1,0,1,0,2,3,5,1
"130760108",0,1,2,2,1,8,1,0,0,2,1,1,4,0,0,1,0,1,0,4,1
"130760109",0,0,0,0,0,0,0,0,0,0,0,0,0,0,0,0,0,0,0,0,0
"130760110",0,0,0,0,0,0,0,0,0,0,0,0,0,0,0,0,0,0,0,0,0
"130770001",4538,4912,10331,5374,9236,57682,14021,2300,2546,5301,2768,4643,26495,5914,2238,2366,5030,2606,4593,31187,8107
"1307700010018",53,58,91,46,103,683,244,27,26,51,31,52,307,103,26,32,40,15,51,376,141
"1307700010022",121,111,256,147,242,1493,414,64,62,124,86,129,673,186,57,49,132,61,113,820,228
"1307700010037",179,178,356,197,312,2014,605,93,90,185,98,167,921,254,86,88,171,99,145,1093,351
"1307700010060",161,177,349,210,360,2248,679,78,93,175,95,179,998,276,83,84,174,115,181,1250,403
"1307700010075",188,222,508,228,385,2266,465,104,126,261,112,181,1015,206,84,96,247,116,204,1251,259
"130770001008A",157,171,344,189,325,2215,768,80,85,178,101,157,977,311,77,86,166,88,168,1238,457
"1307700010111",71,64,188,92,181,1323,694,36,28,91,55,84,589,257,35,36,97,37,97,734,437
"1307700010130",3,3,8,4,3,35,11,0,0,5,3,0,19,7,0,0,3,0,0,19,4
"1307700010198",0,0,0,0,3,8,0,0,0,0,0,0,5,0,0,0,0,0,0,6,0
"1307700010215",112,138,295,174,315,1867,237,61,75,156,98,161,856,105,51,63,139,76,154,1011,132
"130770001022A",13,24,46,25,40,309,60,4,11,21,12,20,145,26,9,13,25,13,20,164,34
"1307700010268",173,159,352,180,362,2003,567,99,74,177,104,197,905,240,74,85,175,76,165,1098,327
"1307700010272",91,93,233,106,186,1035,155,44,51,113,51,90,502,77,47,42,120,55,96,533,78
"1307700010287",171,182,384,209,295,1723,337,78,90,198,112,148,776,130,93,92,186,97,147,947,207
"1307700010291",0,0,0,0,0,0,0,0,0,0,0,0,0,0,0,0,0,0,0,0,0
"1307700010319",40,43,108,39,78,555,90,21,20,57,20,43,257,41,19,23,51,19,35,298,49
"1307700010323",12,11,23,13,29,174,30,6,6,8,8,13,81,17,6,5,15,5,16,93,13
"1307700010338",55,62,155,84,168,927,159,20,23,86,39,88,423,68,35,39,69,45,80,504,91
"1307700010342",139,141,258,129,265,1291,185,68,64,126,65,141,596,100,71,77,132,64,124,695,85
"1307700010361",10,5,14,7,18,101,24,8,3,0,0,7,45,8,0,0,12,5,11,56,16
"1307700010376",15,23,45,26,32,221,45,10,10,20,14,17,106,22,5,13,25,12,15,115,23
"1307700010380",66,57,146,46,80,719,244,30,30,73,21,46,330,105,36,27,73,25,34,389,139
"1307700010412",110,133,275,156,243,1423,290,50,82,154,82,116,664,132,60,51,121,74,127,759,158
"1307700010465",180,163,310,162,266,1456,194,92,85,169,79,128,672,75,88,78,141,83,138,784,119
"130770001047A",49,53,119,51,100,1439,293,27,24,56,23,45,924,131,22,29,63,28,55,515,162
"1307700010484",82,103,237,119,251,1600,412,36,55,120,59,128,703,185,46,48,117,60,123,897,227
"1307700010499",43,57,117,80,106,819,248,19,27,69,44,56,364,103,24,30,48,36,50,455,145
"1307700010501",35,31,86,47,84,479,167,16,18,48,24,58,217,69,19,13,38,23,26,262,98
"1307700010516",66,62,141,72,136,917,383,32,30,65,36,73,418,164,34,32,76,36,63,499,219
"1307700010520",45,53,94,61,91,862,399,21,27,50,30,46,385,167,24,26,44,31,45,477,232
"1307700010535",73,87,166,109,147,1157,276,36,42,76,67,66,511,123,37,45,90,42,81,646,153
"130770001054A",102,140,224,120,221,1401,270,61,68,117,62,108,624,114,41,72,107,58,113,777,156
"1307700010573",85,105,203,111,215,1457,397,36,57,89,62,99,673,174,49,48,114,49,116,784,223
"1307700010588",58,62,171,79,160,1001,399,34,31,94,48,87,453,136,24,31,77,31,73,548,263
"1307700010592",139,137,284,151,238,1545,287,75,79,144,73,129,703,129,64,58,140,78,109,842,158
"1307700010605",75,86,206,103,166,1047,171,36,39,111,51,75,479,77,39,47,95,52,91,568,94
"130770001061A",124,114,287,155,264,1571,497,63,60,135,87,126,696,203,61,54,152,68,138,875,294
"1307700010624",130,140,277,120,224,1329,312,76,75,129,62,110,602,130,54,65,148,58,114,727,182
"1307700010639",48,39,103,49,66,459,55,23,22,57,21,32,221,25,25,17,46,28,34,238,30
"1307700010643",4,0,7,0,12,30,5,0,0,4,0,8,17,0,0,0,3,0,4,14,4
"1307700010658",120,107,264,112,184,1080,128,61,64,139,62,93,500,55,59,43,125,50,91,580,73
"1307700010662",157,174,319,155,267,1535,242,82,91,168,79,128,711,111,75,83,151,76,139,824,131
"1307700010677",128,157,306,174,253,1457,197,58,72,163,79,122,676,73,70,85,143,95,131,781,124
"1307700010681",23,29,35,23,56,377,168,11,15,14,8,29,181,66,12,14,21,15,27,196,102
"1307700010696",27,29,83,51,93,685,345,13,17,39,27,50,290,137,14,12,44,24,43,395,208
"1307700010709",121,118,237,167,246,1745,552,64,56,135,80,119,776,221,57,62,102,87,127,969,331
"1307700010713",75,93,167,77,154,1142,476,41,53,92,34,83,514,176,34,40,75,43,71,628,300
"1307700010747",0,5,3,0,5,25,0,0,0,0,0,3,12,0,0,4,0,0,0,15,0
"1307700010751",4,3,5,5,10,36,3,3,0,3,0,0,18,0,0,3,0,4,9,19,3
"1307700010817",15,23,39,19,24,154,13,10,14,21,7,9,77,7,5,9,18,12,15,77,6
"1307700010821",56,48,128,35,85,476,48,30,26,65,20,35,233,24,26,22,63,15,50,243,24
"1307700010836",4,6,10,3,10,40,8,0,5,6,3,4,20,6,0,0,4,0,6,22,0
"1307700010840",69,65,151,97,135,595,56,36,33,76,49,72,275,26,33,32,75,48,63,320,30
"1307700010889",16,30,54,33,57,414,144,8,21,30,18,29,190,60,8,9,24,15,28,224,84
"1307700010893",11,13,29,12,20,98,8,7,9,13,7,9,48,6,4,4,16,5,11,52,0
"1307700010906",7,10,33,8,13,81,6,0,4,19,4,3,34,5,5,6,14,4,10,48,0
"1307700010910",43,43,92,60,88,457,55,19,27,50,31,45,207,24,24,16,42,29,43,250,31
"1307700010959",29,28,83,40,49,384,43,9,15,47,19,27,178,22,20,13,36,21,22,206,21
"1307700010963",0,4,13,5,4,30,6,0,0,8,4,0,16,4,0,0,5,0,3,17,0
"1307700010978",68,96,125,81,156,637,60,30,54,65,39,80,296,32,38,42,60,42,76,341,28
"1307700010982",71,106,207,112,197,921,97,35,51,102,54,101,436,48,36,55,105,58,96,485,49
"1307700010997",81,86,170,69,127,814,145,41,47,90,40,63,363,68,40,39,80,29,64,451,77
"1307700011001",82,97,176,83,134,767,93,46,46,87,35,77,343,35,36,51,89,48,57,424,58
"1307700011035",6,5,17,3,9,54,3,5,4,9,0,3,30,0,0,0,8,0,6,24,3
"130770001104A",19,19,43,17,37,165,18,4,10,21,10,23,75,8,15,9,22,7,14,90,10
"1307700011177",13,20,51,21,37,245,33,9,12,26,12,15,119,18,4,8,25,9,22,126,15
"1307700011181",11,7,24,13,14,65,3,4,5,16,7,6,34,0,7,0,8,6,8,34,0
"130770002",16,19,29,9,28,119,25,10,9,13,7,12,54,14,6,10,16,2,16,65,11
"130770003",148,135,301,158,288,1374,196,78,66,124,77,133,639,99,70,69,177,81,155,735,97
"1307700030408",77,75,161,81,161,781,128,37,37,62,39,76,376,63,40,38,99,42,85,405,65
"1307700031209",71,60,140,77,127,593,68,41,29,62,38,57,263,36,30,31,78,39,70,330,32
"130770005",17,11,38,19,23,127,19,8,4,13,11,11,60,7,9,7,25,8,12,67,12
"130770007",50,44,90,48,67,380,73,28,21,47,25,33,181,34,22,23,43,23,34,199,39
"130770008",29,25,65,35,36,269,49,18,11,37,17,14,119,24,11,14,28,18,22,150,25
"130770010",368,399,838,456,733,4445,734,187,208,430,240,374,2025,343,181,191,408,216,359,2420,391
"1307700100431",140,158,335,186,257,1709,303,69,90,165,97,127,773,137,71,68,170,89,130,936,166
"1307700100446",130,132,292,153,240,1524,305,65,66,161,72,123,696,144,65,66,131,81,117,828,161
"1307700100802",74,81,153,89,205,965,95,40,37,74,50,105,440,46,34,44,79,39,100,525,49
"1307700101016",0,0,3,0,0,14,4,0,0,0,0,0,9,0,0,0,3,0,0,6,3
"1307700101020",5,4,7,3,3,29,0,0,3,3,0,0,17,0,3,0,4,0,0,15,0
"1307700101139",11,12,31,17,19,145,20,6,6,16,12,11,65,11,5,6,15,5,8,80,9
"1307700101196",6,11,17,7,7,61,7,4,5,11,6,4,30,4,0,6,6,0,3,31,3
"130770011",9,9,18,9,10,75,17,2,3,8,7,6,34,10,7,6,10,2,4,41,7
"130770012",83,88,199,90,141,802,177,47,44,104,48,72,359,83,36,44,95,42,69,443,94
"130770014",2,0,3,2,3,21,5,2,0,1,1,1,9,3,0,0,2,1,2,12,2
"130770016",1,2,3,2,6,31,7,1,2,2,1,3,16,4,0,0,1,1,3,15,3
"130770017",23,31,46,11,45,237,33,12,12,20,6,16,110,20,11,19,26,5,29,127,13
"130770018",309,297,664,332,522,2597,510,164,153,309,153,241,1129,227,145,144,355,179,281,1468,283
"1307700180554",122,119,223,127,203,1008,206,65,55,98,61,97,440,89,57,64,125,66,106,568,117
"1307700180569",175,168,418,201,302,1497,286,95,92,200,91,139,647,131,80,76,218,110,163,850,155
"1307700180728",4,6,10,0,7,46,9,0,4,5,0,0,25,4,3,0,5,0,5,23,5
"1307700180855",8,4,13,0,10,46,9,3,0,6,0,3,19,3,5,0,7,0,7,27,6
"130770018086A",0,0,0,0,0,0,0,0,0,0,0,0,0,0,0,0,0,0,0,0,0
"130770020",229,234,448,199,338,1927,320,108,112,217,102,162,891,136,121,122,231,97,176,1036,184
"1307700201088",123,124,228,89,162,945,137,64,64,117,37,82,447,59,59,60,111,52,80,498,78
"1307700201092",74,75,150,81,117,657,140,29,35,69,50,49,306,60,45,40,81,31,68,351,80
"1307700201105",30,32,65,27,58,299,39,13,13,30,15,30,128,15,17,19,35,12,28,171,24
"1307700201162",0,3,5,0,0,27,4,0,0,0,0,0,13,0,0,3,4,0,0,18,0
"130770021",42,44,99,24,54,405,79,15,28,51,14,31,181,38,27,16,48,10,23,224,41
"130770022",64,66,131,58,98,511,95,32,39,76,30,50,226,42,32,27,55,28,48,285,53
"130770024",23,37,56,25,42,207,35,8,25,32,13,22,101,16,15,12,24,12,20,106,19
"130770034",68,74,157,71,124,637,113,39,33,76,37,68,296,62,29,41,81,34,56,341,51
"130770041",20,17,32,22,28,127,30,13,8,20,17,12,57,16,7,9,12,5,16,70,14
"130770042",14,24,39,15,23,148,39,7,9,20,8,16,68,22,7,15,19,7,7,80,17
"130770048",34,33,92,25,41,260,38,16,15,43,15,14,122,21,18,18,49,10,27,138,17
"130770053",421,406,842,453,739,4231,645,215,220,432,250,369,1995,304,206,186,410,203,370,2236,341
"1307700530770",119,98,225,141,178,1206,188,58,57,101,82,85,562,89,61,41,124,59,93,644,99
"1307700530785",134,140,274,154,271,1498,272,71,64,158,77,134,702,126,63,76,116,77,137,796,146
"1307700530874",168,168,343,158,290,1527,185,86,99,173,91,150,731,89,82,69,170,67,140,796,96
"130770055",66,95,152,60,100,600,80,30,47,79,30,55,291,33,36,48,73,30,45,309,47
"130770057",28,31,54,20,34,264,36,16,19,20,7,17,138,15,12,12,34,13,17,126,21
"130770059",13,14,17,6,24,100,17,9,9,11,1,12,49,7,4,5,6,5,12,51,10
"130770060",2,0,2,1,6,12,1,1,0,0,0,4,7,0,1,0,2,1,2,5,1
"130770062",7,7,19,6,8,60,15,2,1,9,3,6,26,7,5,6,10,3,2,34,8
"130770064",42,41,79,43,72,375,64,21,20,36,19,46,165,36,21,21,43,24,26,210,28
"130770065",3,9,15,10,15,53,12,2,6,9,4,4,25,6,1,3,6,6,11,28,6
"130770066",0,0,0,0,0,0,0,0,0,0,0,0,0,0,0,0,0,0,0,0,0
"130770068",384,438,858,414,716,4479,527,200,227,439,198,383,2039,233,184,211,419,216,333,2440,294
"1307700680925",110,116,268,136,185,1146,130,54,65,134,62,97,513,56,56,51,134,74,88,633,74
"130770068093A",109,142,253,112,225,1316,174,61,77,129,54,125,586,75,48,65,124,58,100,730,99
"1307700680944",114,123,234,123,242,1588,190,61,56,118,61,131,748,85,53,67,116,62,111,840,105
"1307700681054",9,12,29,16,21,125,16,3,7,16,8,7,53,7,6,5,13,8,14,72,9
"1307700681069",30,26,52,18,30,199,9,16,14,30,7,15,95,5,14,12,22,11,15,104,4
"1307700681073",0,5,4,0,4,27,5,0,0,0,0,0,16,0,0,3,0,0,0,17,3
"1307700681143",11,14,18,7,9,78,3,5,6,10,4,6,32,3,6,8,8,3,3,46,0
"1307700681158",0,0,0,0,0,0,0,0,0,0,0,0,0,0,0,0,0,0,0,0,0
"130770069",1,3,1,0,2,11,1,0,1,1,0,1,6,0,1,2,0,0,1,5,1
"130770070",39,62,104,31,89,772,186,22,33,42,11,54,351,76,17,29,62,20,35,421,110
"130770071",25,26,53,30,52,433,125,14,13,25,11,24,197,65,11,13,28,19,28,236,60
"130770072",13,12,30,16,22,140,36,7,6,17,8,13,66,17,6,6,13,8,9,74,19
"130770073",7,9,17,11,14,89,9,5,3,8,7,8,37,4,2,6,9,4,6,52,5
"130770074",9,12,24,20,15,77,14,5,5,10,12,8,37,7,4,7,14,8,7,40,7
"130770075",48,52,103,57,96,561,88,24,28,54,31,58,268,34,24,24,49,26,38,293,54
"130770076",0,2,6,1,3,19,3,0,1,5,0,2,8,3,0,1,1,1,1,11,0
"130770077",1,1,2,1,0,6,2,0,1,1,0,0,2,1,1,0,1,1,0,4,1
"130770078",9,12,19,9,18,58,12,7,5,6,5,9,24,6,2,7,13,4,9,34,6
"130770079",27,36,51,31,52,216,39,17,15,32,12,22,105,16,10,21,19,19,30,111,23
"130770080",90,86,186,100,176,748,106,43,43,109,50,83,345,56,47,43,77,50,93,403,50
"130770082",3,2,11,6,3,28,7,1,0,4,4,2,15,4,2,2,7,2,1,13,3
"130770084",11,6,12,6,6,59,10,5,2,7,2,5,23,8,6,4,5,4,1,36,2
"130770085",4,3,6,3,4,32,8,3,3,3,3,4,16,6,1,0,3,0,0,16,2
"130770086",0,0,0,0,0,0,0,0,0,0,0,0,0,0,0,0,0,0,0,0,0
"130770087",56,44,100,64,100,610,162,29,23,63,30,48,292,71,27,21,37,34,52,318,91
"130770088",6,7,9,6,4,40,8,3,3,5,3,1,19,3,3,4,4,3,3,21,5
"130770089",31,24,53,38,54,224,59,17,10,24,16,26,102,21,14,14,29,22,28,122,38
"130770090",8,5,9,6,19,55,7,3,3,4,6,8,25,4,5,2,5,0,11,30,3
"130770091",8,8,12,5,10,49,5,4,3,7,3,8,23,3,4,5,5,2,2,26,2
"130770092",1,2,0,1,0,8,1,1,1,0,0,0,3,1,0,1,0,1,0,5,0
"130770093",1,1,6,5,2,23,5,1,1,2,4,1,13,3,0,0,4,1,1,10,2
"130770094",12,4,26,16,15,78,8,4,2,17,8,9,37,4,8,2,9,8,6,41,4
"130770095",1,3,2,3,2,22,4,0,1,1,2,1,11,1,1,2,1,1,1,11,3
"130770097",54,58,90,39,78,397,67,29,30,58,21,41,195,33,25,28,32,18,37,202,34
"130770098",11,10,23,7,19,112,22,6,6,10,4,7,56,13,5,4,13,3,12,56,9
"130770101",0,0,0,0,0,0,0,0,0,0,0,0,0,0,0,0,0,0,0,0,0
"130770102",30,39,54,38,50,234,37,12,19,26,19,26,114,21,18,20,28,19,24,120,16
"130770103",0,0,0,0,0,0,0,0,0,0,0,0,0,0,0,0,0,0,0,0,0
"130770104",5,3,15,7,13,69,9,3,1,10,3,7,35,3,2,2,5,4,6,34,6
"130770105",55,61,96,45,64,372,50,28,28,55,20,35,172,33,27,33,41,25,29,200,17
"130770107",0,0,0,0,0,0,0,0,0,0,0,0,0,0,0,0,0,0,0,0,0
"130770108",242,284,547,320,448,2578,207,126,133,282,158,227,1180,85,116,151,265,162,221,1398,122
"130770108111A",110,143,281,176,237,1311,104,60,66,144,88,126,594,43,50,77,137,88,111,717,61
"1307701081124",132,141,266,144,211,1267,103,66,67,138,70,101,586,42,66,74,128,74,110,681,61
"130770109",2,0,6,4,10,21,5,0,0,2,2,6,11,2,2,0,4,2,4,10,3
"130770110",2,1,1,2,5,14,1,0,1,0,1,3,7,1,2,0,1,1,2,7,0
"130770111",2,1,8,2,6,28,5,1,1,3,1,2,16,3,1,0,5,1,4,12,2
"130770112",1,3,8,0,3,26,11,1,2,4,0,1,10,5,0,1,4,0,2,16,6
"130770113",8,5,20,8,10,72,3,1,2,11,3,5,35,2,7,3,9,5,5,37,1
"130770114",4,0,9,2,2,39,7,3,0,4,0,1,22,5,1,0,5,2,1,17,2
"130770115",1,0,5,4,7,19,8,1,0,1,2,3,5,3,0,0,4,2,4,14,5
"130770116",0,1,2,0,3,9,4,0,0,1,0,2,5,2,0,1,1,0,1,4,2
"130770117",0,0,1,2,1,9,0,0,0,0,1,0,4,0,0,0,1,1,1,5,0
"130770118",0,2,1,0,0,5,1,0,2,1,0,0,2,1,0,0,0,0,0,3,0
"130770119",5,4,13,6,14,50,3,3,1,5,3,11,27,3,2,3,8,3,3,23,0
"130770120",1,3,6,1,0,16,3,0,1,4,1,0,8,2,1,2,2,0,0,8,1
"130770121",4,6,6,0,7,32,6,3,3,2,0,3,12,4,1,3,4,0,4,20,2
"130770122",0,0,2,4,4,15,5,0,0,1,3,1,6,4,0,0,1,1,3,9,1
"130770123",0,0,0,0,0,0,0,0,0,0,0,0,0,0,0,0,0,0,0,0,0
"130780001",76,80,162,80,129,817,249,46,45,83,39,64,384,115,30,35,79,41,65,433,134
"1307800010034",76,80,162,80,129,817,249,46,45,83,39,64,384,115,30,35,79,41,65,433,134
"130780002",25,29,85,56,89,228,77,14,14,45,25,38,99,39,11,15,40,31,51,129,38
"130780003",10,24,58,28,58,224,135,5,10,30,16,37,105,62,5,14,28,12,21,119,73
"130780004",4,16,29,29,12,109,42,3,8,15,17,5,51,21,1,8,14,12,7,58,21
"130780005",3,8,13,13,16,39,27,1,5,8,7,6,15,11,2,3,5,6,10,24,16
"130780006",13,15,21,10,19,88,26,9,5,11,4,8,39,16,4,10,10,6,11,49,10
"130780007",20,15,39,28,30,120,30,9,7,21,16,16,56,11,11,8,18,12,14,64,19
"130780008",8,17,47,44,48,161,94,5,8,23,24,29,74,44,3,9,24,20,19,87,50
"130780010",15,13,52,37,39,112,29,9,4,27,14,22,56,14,6,9,25,23,17,56,15
"130780011",28,31,56,41,49,192,77,12,12,26,20,22,87,39,16,19,30,21,27,105,38
"130780013",34,23,86,57,62,221,40,16,12,54,32,36,101,15,18,11,32,25,26,120,25
"130780014",37,42,78,68,76,380,183,17,20,39,30,31,177,87,20,22,39,38,45,203,96
"130780016",14,27,50,37,51,187,86,6,15,27,19,23,90,45,8,12,23,18,28,97,41
"130780017",121,139,341,179,258,1013,254,71,70,168,82,139,491,109,50,69,173,97,119,522,145
"130780018",41,56,153,90,89,501,226,21,27,70,40,49,227,94,20,29,83,50,40,274,132
"130780019",35,31,49,21,40,247,78,16,16,22,11,18,115,38,19,15,27,10,22,132,40
"130780020",25,36,54,42,66,295,80,15,23,21,26,33,147,36,10,13,33,16,33,148,44
"130780021",39,38,88,61,65,253,45,22,19,37,34,30,126,14,17,19,51,27,35,127,31
"130780022",19,31,63,49,50,208,93,11,17,31,25,31,100,44,8,14,32,24,19,108,49
"130780023",10,18,41,34,32,137,36,3,10,26,16,18,68,14,7,8,15,18,14,69,22
"130780024",16,17,52,33,39,218,58,9,8,22,19,23,94,29,7,9,30,14,16,124,29
"130780025",23,24,99,58,49,381,208,10,14,58,43,25,180,96,13,10,41,15,24,201,112
"130780026",41,54,111,54,91,361,88,14,27,59,31,50,178,32,27,27,52,23,41,183,56
"130780027",16,17,63,31,46,137,31,6,8,28,16,27,63,15,10,9,35,15,19,74,16
"130780028",26,38,95,64,56,252,74,19,18,53,28,26,120,34,7,20,42,36,30,132,40
"130780029",15,11,38,31,34,158,113,7,5,19,15,17,63,53,8,6,19,16,17,95,60
"130780030",13,24,66,46,52,181,35,4,11,39,28,30,86,20,9,13,27,18,22,95,15
"130780031",8,8,12,11,21,68,27,3,4,6,5,10,33,11,5,4,6,6,11,35,16
"130780032",14,16,41,24,35,115,16,5,6,21,11,17,53,5,9,10,20,13,18,62,11
"130780033",9,10,22,16,15,65,43,4,5,10,6,9,25,20,5,5,12,10,6,40,23
"130780034",5,10,25,22,20,68,19,4,3,12,12,13,33,9,1,7,13,10,7,35,10
"130780035",7,13,17,9,9,48,13,3,7,8,6,5,21,6,4,6,9,3,4,27,7
"130780038",9,14,31,9,15,85,20,4,8,18,4,10,42,8,5,6,13,5,5,43,12
"130780040",0,0,0,0,0,0,0,0,0,0,0,0,0,0,0,0,0,0,0,0,0
"130780041",2,5,16,10,18,53,26,1,3,8,6,10,24,14,1,2,8,4,8,29,12
"130780042",0,0,0,0,0,0,0,0,0,0,0,0,0,0,0,0,0,0,0,0,0
"130780047",5,9,22,16,21,64,18,4,7,10,6,11,29,8,1,2,12,10,10,35,10
"130780048",18,23,47,17,32,157,30,13,15,19,9,14,63,13,5,8,28,8,18,94,17
"130780049",0,0,0,0,0,0,0,0,0,0,0,0,0,0,0,0,0,0,0,0,0
"130780052",12,14,21,6,9,62,11,6,8,13,3,6,30,5,6,6,8,3,3,32,6
"130780053",0,2,0,0,0,7,4,0,2,0,0,0,5,3,0,0,0,0,0,2,1
"130780054",2,4,5,2,3,19,3,0,2,2,1,2,9,1,2,2,3,1,1,10,2
"130790001",55,63,125,62,96,668,232,30,29,52,27,47,316,115,25,34,73,35,49,352,117
"1307900010065",26,27,64,36,52,384,117,17,10,24,10,24,181,66,9,17,40,26,28,203,51
"130790001007A",29,36,61,26,44,284,115,13,19,28,17,23,135,49,16,17,33,9,21,149,66
"130790002",2,3,12,5,16,65,34,2,1,5,4,10,24,17,0,2,7,1,6,41,17
"130790003",4,11,18,5,20,70,40,4,6,12,2,9,34,23,0,5,6,3,11,36,17
"130790004",1,3,5,2,0,24,20,1,3,4,1,0,15,9,0,0,1,1,0,9,11
"130790005",0,1,9,1,7,38,38,0,0,5,0,2,20,22,0,1,4,1,5,18,16
"130790006",3,5,20,9,7,57,50,1,1,14,5,4,29,18,2,4,6,4,3,28,32
"130790007",2,3,5,3,5,42,48,1,0,4,2,2,19,29,1,3,1,1,3,23,19
"130790008",0,1,0,1,4,8,9,0,1,0,1,2,4,4,0,0,0,0,2,4,5
"130790009",0,1,0,2,5,17,7,0,1,0,2,2,8,4,0,0,0,0,3,9,3
"130790010",3,0,0,0,0,5,3,1,0,0,0,0,3,2,2,0,0,0,0,2,1
"130790011",6,8,21,11,12,104,107,5,4,12,4,7,50,48,1,4,9,7,5,54,59
"130790012",8,9,20,9,17,79,24,3,1,7,2,6,38,14,5,8,13,7,11,41,10
"130790013",2,0,4,5,6,42,43,2,0,2,1,3,20,23,0,0,2,4,3,22,20
"130790014",3,7,23,8,17,90,40,2,4,9,4,9,44,19,1,3,14,4,8,46,21
"130790015",1,0,0,1,4,17,21,0,0,0,0,1,10,11,1,0,0,1,3,7,10
"130790016",2,0,1,2,2,18,18,1,0,1,0,1,11,9,1,0,0,2,1,7,9
"130790017",55,53,97,52,95,536,159,28,32,51,29,56,246,70,27,21,46,23,39,290,89
"130790018",7,13,31,12,26,131,63,3,7,16,6,13,69,31,4,6,15,6,13,62,32
"130790019",4,10,21,13,22,93,34,2,4,9,7,15,41,17,2,6,12,6,7,52,17
"130790020",48,56,102,76,143,497,151,20,32,63,38,79,238,71,28,24,39,38,64,259,80
"130790021",11,22,43,26,41,182,93,4,14,27,14,17,81,47,7,8,16,12,24,101,46
"130790022",7,10,25,9,19,106,40,7,2,15,7,12,50,18,0,8,10,2,7,56,22
"130790023",35,30,56,30,48,282,113,17,13,33,13,27,127,58,18,17,23,17,21,155,55
"130790024",1,2,9,5,8,31,25,0,1,5,3,5,16,11,1,1,4,2,3,15,14
"130790025",0,0,0,0,0,0,0,0,0,0,0,0,0,0,0,0,0,0,0,0,0
"130790026",4,4,8,6,9,38,10,3,2,3,2,7,20,6,1,2,5,4,2,18,4
"130790027",3,4,4,1,8,31,9,2,3,2,0,1,15,2,1,1,2,1,7,16,7
"130790029",0,0,0,0,0,0,0,0,0,0,0,0,0,0,0,0,0,0,0,0,0
"130790030",0,0,0,0,1,5,2,0,0,0,0,1,4,2,0,0,0,0,0,1,0
"130790033",2,1,3,3,4,10,7,1,1,2,2,2,6,4,1,0,1,1,2,4,3
"130790035",1,2,3,1,3,14,0,0,1,2,1,3,7,0,1,1,1,0,0,7,0
"130790036",0,0,0,0,0,0,0,0,0,0,0,0,0,0,0,0,0,0,0,0,0
"130800001",66,65,117,67,99,654,317,35,33,60,31,51,307,151,31,32,57,36,48,347,166
"1308000010032",66,65,117,67,99,654,317,35,33,60,31,51,307,151,31,32,57,36,48,347,166
"130800002",32,26,51,34,68,219,90,18,12,26,16,34,103,42,14,14,25,18,34,116,48
"130800003",37,28,68,37,40,313,73,17,13,32,18,14,158,33,20,15,36,19,26,155,40
"130800004",16,18,40,21,24,125,40,5,11,23,11,11,59,21,11,7,17,10,13,66,19
"130800005",35,34,93,47,64,287,119,22,20,46,19,40,132,53,13,14,47,28,24,155,66
"130800006",14,13,52,25,42,118,22,7,8,24,16,26,58,9,7,5,28,9,16,60,13
"130800007",30,35,66,36,59,210,108,19,18,33,18,21,97,43,11,17,33,18,38,113,65
"130800008",4,2,12,7,11,51,29,2,0,7,3,7,25,13,2,2,5,4,4,26,16
"130800009",4,4,15,5,5,43,19,2,2,9,2,4,19,7,2,2,6,3,1,24,12
"130800010",20,20,43,18,30,114,27,10,13,20,11,16,58,12,10,7,23,7,14,56,15
"130800011",102,89,206,120,201,1068,294,62,54,114,54,100,473,139,40,35,92,66,101,595,155
"130800012",14,17,26,23,28,185,96,9,6,14,13,12,88,33,5,11,12,10,16,97,63
"130800013",8,17,23,14,23,101,57,5,8,15,8,12,46,30,3,9,8,6,11,55,27
"130800014",68,73,128,103,96,452,192,39,38,61,56,56,209,88,29,35,67,47,40,243,104
"130800015",8,7,8,7,6,58,29,4,4,2,2,4,33,14,4,3,6,5,2,25,15
"130800016",43,63,127,54,100,553,142,23,30,62,24,63,268,70,20,33,65,30,37,285,72
"130800017",294,307,672,414,614,2219,421,141,153,324,226,312,1126,186,153,154,348,188,302,1093,235
"1308000170047",294,307,672,414,614,2219,421,141,153,324,226,312,1126,186,153,154,348,188,302,1093,235
"130800018",17,21,41,31,29,192,65,4,11,21,16,16,96,30,13,10,20,15,13,96,35
"130800019",72,78,133,81,103,331,58,34,35,75,39,56,169,32,38,43,58,42,47,162,26
"130800020",28,28,62,36,42,143,53,10,9,34,24,22,68,25,18,19,28,12,20,75,28
"130800021",51,52,129,91,137,602,183,26,20,64,42,76,275,87,25,32,65,49,61,327,96
"130800022",21,20,41,32,32,230,81,8,12,25,13,16,104,42,13,8,16,19,16,126,39
"130800023",92,110,269,132,224,1058,350,45,53,152,70,105,494,159,47,57,117,62,119,564,191
"130800024",9,15,30,9,24,82,44,2,6,20,4,14,39,16,7,9,10,5,10,43,28
"130800025",72,57,134,117,170,528,120,42,27,64,60,87,249,53,30,30,70,57,83,279,67
"130800026",14,13,51,32,31,120,43,9,4,25,20,15,58,20,5,9,26,12,16,62,23
"130800027",65,55,164,88,155,620,300,28,28,75,50,80,285,137,37,27,89,38,75,335,163
"130800028",11,10,36,14,22,121,41,4,6,18,9,14,58,22,7,4,18,5,8,63,19
"130800029",29,38,76,34,39,181,37,19,24,33,14,22,90,19,10,14,43,20,17,91,18
"130800030",13,4,17,13,27,79,20,6,1,11,9,12,37,11,7,3,6,4,15,42,9
"130800031",6,6,15,9,12,54,26,1,1,10,6,6,29,13,5,5,5,3,6,25,13
"130800034",6,4,16,13,20,57,14,4,1,6,8,10,31,6,2,3,10,5,10,26,8
"130800038",0,0,0,0,0,0,0,0,0,0,0,0,0,0,0,0,0,0,0,0,0
"130800039",1,0,0,0,0,5,2,0,0,0,0,0,2,0,1,0,0,0,0,3,2
"130800041",5,2,6,4,8,20,4,1,2,2,2,7,10,0,4,0,4,2,1,10,4
"130810001",1784,1594,3169,1616,2923,15871,2514,899,814,1595,819,1392,7330,1104,885,780,1574,797,1531,8541,1410
"130810001003A",16,11,24,12,14,98,18,11,6,11,6,6,51,8,5,5,13,6,8,47,10
"1308100010044",19,8,18,11,19,90,15,11,0,9,6,10,43,9,8,6,9,5,9,47,6
"1308100010082",17,15,21,16,13,121,17,10,8,9,8,7,61,7,7,7,12,8,6,60,10
"130810001010A",98,80,201,95,134,824,117,47,46,105,53,64,392,50,51,34,96,42,70,432,67
"1308100010114",57,69,103,63,101,588,110,29,35,51,32,52,266,53,28,34,52,31,49,322,57
"1308100010148",193,179,345,161,339,1735,300,104,96,153,83,167,787,128,89,83,192,78,172,948,172
"1308100010152",88,52,131,89,134,822,240,42,22,63,42,57,357,109,46,30,68,47,77,465,131
"1308100010167",179,178,384,164,297,1731,266,78,92,203,83,142,810,112,101,86,181,81,155,921,154
"1308100010171",110,94,210,126,240,1144,229,48,42,100,62,111,537,94,62,52,110,64,129,607,135
"1308100010186",68,71,157,84,133,921,223,36,38,89,41,64,420,90,32,33,68,43,69,501,133
"1308100010190",19,12,44,22,36,190,28,10,8,29,13,22,90,10,9,4,15,9,14,100,18
"1308100010218",6,5,11,5,8,51,10,3,3,6,3,3,24,4,3,0,5,0,5,27,6
"1308100010222",19,8,22,8,17,87,12,9,4,13,4,6,38,4,10,4,9,4,11,49,8
"1308100010237",20,6,21,7,25,149,22,8,0,9,3,13,76,11,12,4,12,4,12,73,11
"1308100010241",155,123,252,125,220,1080,128,77,68,132,57,107,493,61,78,55,120,68,113,587,67
"1308100010256",145,135,305,152,280,1362,125,76,69,146,78,141,632,56,69,66,159,74,139,730,69
"1308100010260",237,225,351,192,365,2072,282,123,112,160,95,164,971,124,114,113,191,97,201,1101,158
"1308100010275",202,197,334,161,317,1702,265,98,110,169,87,155,766,123,104,87,165,74,162,936,142
"130810001028A",7,4,8,3,10,48,9,3,3,7,0,5,25,4,4,0,0,0,5,23,5
"1308100010307",113,106,182,86,169,829,76,67,45,107,41,79,388,38,46,61,75,45,90,441,38
"1308100010311",6,8,19,9,14,59,8,4,0,9,6,4,23,3,0,6,10,3,10,36,5
"1308100010326",10,8,26,25,38,168,14,5,0,15,14,13,80,6,5,7,11,11,25,88,8
"130810002",6,5,9,3,3,39,18,3,2,2,1,3,18,10,3,3,7,2,0,21,8
"130810003",49,63,136,62,110,660,157,22,38,78,24,60,305,73,27,25,58,38,50,355,84
"130810004",46,36,75,35,70,403,162,28,19,41,16,31,197,73,18,17,34,19,39,206,89
"130810005",9,17,34,22,29,148,42,6,7,18,11,22,71,18,3,10,16,11,7,77,24
"130810006",2,2,7,3,4,26,8,0,2,5,3,2,10,2,2,0,2,0,2,16,6
"130810007",5,13,16,9,12,75,19,3,3,7,6,7,35,11,2,10,9,3,5,40,8
"130810008",18,29,50,32,39,250,75,10,16,24,16,15,114,39,8,13,26,16,24,136,36
"130810009",7,11,26,7,10,99,27,2,5,11,2,6,47,10,5,6,15,5,4,52,17
"130810010",5,11,17,8,7,51,22,3,7,14,4,3,27,13,2,4,3,4,4,24,9
"130810011",1,0,0,0,0,15,11,0,0,0,0,0,8,4,1,0,0,0,0,7,7
"130810012",38,56,92,64,82,458,84,17,26,45,27,39,219,37,21,30,47,37,43,239,47
"130810013",11,10,31,23,27,135,48,5,7,16,9,13,59,24,6,3,15,14,14,76,24
"130810014",1,5,4,1,3,19,20,1,2,3,0,1,9,10,0,3,1,1,2,10,10
"130810015",3,6,10,8,4,51,9,2,2,4,5,2,23,5,1,4,6,3,2,28,4
"130810016",0,3,2,1,3,12,10,0,0,1,0,2,5,8,0,3,1,1,1,7,2
"130810017",8,5,24,15,18,97,91,6,5,13,5,10,48,36,2,0,11,10,8,49,55
"130810018",1,1,4,4,4,25,7,0,0,4,4,1,14,4,1,1,0,0,3,11,3
"130810019",18,19,28,20,35,191,48,8,11,11,4,17,91,20,10,8,17,16,18,100,28
"130810020",13,17,59,20,37,214,62,9,9,36,9,18,99,25,4,8,23,11,19,115,37
"130810021",7,3,24,5,9,58,25,4,2,16,4,4,26,9,3,1,8,1,5,32,16
"130810022",1,0,8,7,3,46,19,0,0,3,2,2,21,10,1,0,5,5,1,25,9
"130810023",5,4,9,5,4,51,22,3,2,4,2,3,25,10,2,2,5,3,1,26,12
"130810024",46,49,88,40,71,463,103,26,24,42,17,34,227,51,20,25,46,23,37,236,52
"130810025",27,34,94,42,76,511,187,15,16,47,15,33,246,85,12,18,47,27,43,265,102
"130810026",23,31,64,26,47,253,57,14,18,36,16,25,112,24,9,13,28,10,22,141,33
"130810033",0,0,0,0,0,0,0,0,0,0,0,0,0,0,0,0,0,0,0,0,0
"130810043",2,4,10,3,6,22,3,1,0,5,1,4,10,1,1,4,5,2,2,12,2
"130810046",1,2,5,1,2,28,3,1,2,4,1,1,14,0,0,0,1,0,1,14,3
"130810048",1,0,1,0,1,2,3,0,0,1,0,0,2,1,1,0,0,0,1,0,2
"130810049",0,0,0,0,0,0,0,0,0,0,0,0,0,0,0,0,0,0,0,0,0
"130810053",0,2,0,1,2,8,0,0,0,0,1,0,4,0,0,2,0,0,2,4,0
"130810058",3,0,2,0,2,13,3,3,0,2,0,1,6,2,0,0,0,0,1,7,1
"130820001",162,192,410,283,406,2759,765,85,101,199,144,206,1321,357,77,91,211,139,200,1438,408
"1308200010145",0,3,4,0,3,25,0,0,0,0,0,3,13,0,0,0,3,0,0,12,0
"1308200010179",52,66,114,85,137,889,275,28,29,57,37,65,437,120,24,37,57,48,72,452,155
"1308200010183",28,30,101,76,62,555,193,19,20,49,49,31,249,90,9,10,52,27,31,306,103
"1308200010287",55,65,120,67,135,916,251,28,31,59,35,73,448,122,27,34,61,32,62,468,129
"1308200010291",27,28,68,51,65,355,46,10,20,31,22,31,167,25,17,8,37,29,34,188,21
"1308200010342",0,0,3,0,4,19,0,0,0,0,0,3,7,0,0,0,0,0,0,13,0
"130820002",496,559,1176,663,1048,5845,1231,267,286,563,330,538,2721,590,229,273,613,333,510,3124,641
"1308200020056",78,79,166,112,152,1035,300,43,37,75,60,74,485,133,35,42,91,52,78,550,167
"1308200020126",83,90,230,118,198,958,219,45,46,106,49,100,423,116,38,44,124,69,98,535,103
"1308200020164",0,0,10,3,10,37,3,0,0,0,0,4,17,3,0,0,8,0,6,20,0
"1308200020198",81,108,211,127,181,959,190,42,66,97,56,76,460,88,39,42,114,71,105,499,102
"1308200020200",61,57,113,70,127,603,118,35,28,56,40,67,269,51,26,29,57,30,60,334,67
"1308200020215",58,67,125,76,130,748,155,33,29,52,45,83,348,76,25,38,73,31,47,400,79
"1308200020249",3,0,6,0,4,16,0,3,0,4,0,4,5,0,0,0,0,0,0,11,0
"1308200020268",64,78,145,77,96,705,133,28,37,85,32,54,329,68,36,41,60,45,42,376,65
"1308200020272",66,79,170,79,150,786,111,37,43,86,45,76,386,54,29,36,84,34,74,400,57
"130820003",192,240,494,266,492,2854,637,107,114,242,140,252,1336,307,85,126,252,126,240,1518,330
"1308200030304",65,73,196,94,187,957,215,33,41,96,49,101,435,104,32,32,100,45,86,522,111
"1308200030319",48,61,147,78,131,834,160,31,27,75,38,65,391,83,17,34,72,40,66,443,77
"1308200030323",32,63,81,46,77,454,68,18,27,40,23,39,226,32,14,36,41,23,38,228,36
"1308200030338",47,43,70,48,97,609,194,25,19,31,30,47,284,88,22,24,39,18,50,325,106
"130820004",0,0,1,1,1,5,0,0,0,0,1,0,4,0,0,0,1,0,1,1,0
"130820008",0,0,0,0,0,0,0,0,0,0,0,0,0,0,0,0,0,0,0,0,0
"130820016",0,0,0,0,0,0,0,0,0,0,0,0,0,0,0,0,0,0,0,0,0
"130820023",0,0,0,0,0,0,0,0,0,0,0,0,0,0,0,0,0,0,0,0,0
"130820025",2,3,3,3,5,25,5,1,1,0,2,3,12,2,1,2,3,1,2,13,3
"130820028",1,3,3,1,1,16,4,1,2,1,0,1,7,1,0,1,2,1,0,9,3
"130820032",0,0,0,0,0,0,0,0,0,0,0,0,0,0,0,0,0,0,0,0,0
"130820036",7,12,28,14,9,87,12,3,3,16,10,7,41,6,4,9,12,4,2,46,6
"130820040",0,0,0,0,0,0,0,0,0,0,0,0,0,0,0,0,0,0,0,0,0
"130820041",0,0,0,0,0,0,0,0,0,0,0,0,0,0,0,0,0,0,0,0,0
"130830001",209,315,712,357,623,3948,1038,113,166,347,169,314,1840,491,96,149,365,188,309,2108,547
"1308300010087",0,0,3,0,0,18,3,0,0,0,0,0,13,0,0,0,0,0,0,8,0
"1308300010119",40,45,109,47,85,568,113,22,26,51,22,43,271,56,18,19,58,25,42,297,57
"1308300010123",14,24,67,35,45,232,46,11,16,24,16,26,99,20,3,8,43,19,19,133,26
"1308300010138",0,3,9,5,4,62,23,0,0,6,0,0,35,10,0,0,3,3,0,31,13
"1308300010157",37,51,142,66,111,667,167,17,30,70,31,56,331,81,20,21,72,35,55,336,86
"1308300010180",39,61,100,59,105,686,158,21,32,50,29,47,321,75,18,29,50,30,58,365,83
"1308300010195",35,62,118,63,133,853,264,16,29,56,23,67,380,117,19,33,62,40,66,473,147
"1308300010208",0,0,8,0,3,30,7,0,0,8,0,0,16,6,0,0,0,0,0,18,0
"1308300010231",15,23,47,21,30,259,44,12,16,22,9,12,128,22,3,7,25,12,18,131,22
"1308300010246",15,15,42,17,29,239,98,9,4,22,12,13,110,43,6,11,20,5,16,129,55
"1308300010250",6,15,30,21,45,182,56,0,5,18,9,32,79,29,6,10,12,12,13,103,27
"1308300010265",5,12,37,20,32,153,59,3,6,18,14,13,64,30,0,6,19,6,19,89,29
"130830002",45,59,111,64,114,612,174,23,31,55,22,67,285,86,22,28,56,42,47,327,88
"130830006",31,54,101,43,63,423,75,18,23,34,25,22,203,36,13,31,67,18,41,220,39
"130830007",34,30,90,41,69,397,81,22,13,51,14,40,196,36,12,17,39,27,29,201,45
"130830008",1,4,6,3,4,33,5,0,1,5,1,1,16,2,1,3,1,2,3,17,3
"130830009",12,14,44,19,33,139,51,7,10,19,9,14,63,26,5,4,25,10,19,76,25
"130830011",0,0,0,0,0,0,0,0,0,0,0,0,0,0,0,0,0,0,0,0,0
"130830014",0,2,1,0,0,6,0,0,0,0,0,0,2,0,0,2,1,0,0,4,0
"130830015",34,37,93,68,76,596,293,14,15,41,38,39,277,143,20,22,52,30,37,319,150
"130830016",38,49,96,57,65,538,119,17,20,47,32,38,257,65,21,29,49,25,27,281,54
"130830017",31,46,112,66,112,582,168,17,25,50,27,60,273,80,14,21,62,39,52,309,88
"130830019",39,43,102,44,94,496,131,22,23,46,27,47,225,64,17,20,56,17,47,271,67
"130830020",0,0,0,0,0,0,0,0,0,0,0,0,0,0,0,0,0,0,0,0,0
"130830021",68,113,197,110,173,1105,287,35,54,106,49,84,517,139,33,59,91,61,89,588,148
"130830022",0,1,1,1,1,4,6,0,1,1,0,1,2,4,0,0,0,1,0,2,2
"130830023",140,185,402,173,283,2070,386,72,92,212,82,147,971,172,68,93,190,91,136,1099,214
"130830023027A",67,100,210,94,147,1051,188,37,47,119,49,82,494,79,30,53,91,45,65,557,109
"1308300230284",73,85,192,79,136,1019,198,35,45,93,33,65,477,93,38,40,99,46,71,542,105
"130830025",7,20,36,25,22,127,31,5,14,15,9,13,55,17,2,6,21,16,9,72,14
"130830026",96,103,264,135,231,1359,326,52,48,135,72,116,629,157,44,55,129,63,115,730,169
"1308300260299",51,54,126,78,106,602,151,28,25,55,41,45,274,78,23,29,71,37,61,328,73
"1308300260301",20,20,68,24,72,343,70,11,9,38,15,44,155,37,9,11,30,9,28,188,33
"1308300260316",25,29,70,33,53,414,105,13,14,42,16,27,200,42,12,15,28,17,26,214,63
"130830027",12,10,29,8,35,138,31,10,5,22,5,18,66,13,2,5,7,3,17,72,18
"130830028",23,41,64,35,39,357,95,8,17,32,17,16,189,44,15,24,32,18,23,168,51
"130830029",115,125,300,135,231,1290,230,58,62,148,73,119,634,109,57,63,152,62,112,656,121
"130830030",21,38,75,30,55,354,86,11,22,43,13,30,174,40,10,16,32,17,25,180,46
"130830031",20,12,48,19,30,242,65,9,7,27,8,13,122,38,11,5,21,11,17,120,27
"130830032",47,44,90,39,83,463,91,21,23,39,20,40,233,51,26,21,51,19,43,230,40
"130830034",0,1,1,1,6,17,8,0,0,0,1,3,8,4,0,1,1,0,3,9,4
"130830035",0,0,0,0,0,0,0,0,0,0,0,0,0,0,0,0,0,0,0,0,0
"130830037",16,31,71,30,47,267,51,10,17,35,14,25,132,28,6,14,36,16,22,135,23
"130830042",6,5,15,0,9,62,13,0,2,6,0,5,29,7,6,3,9,0,4,33,6
"130830045",16,18,40,19,20,163,42,5,10,19,8,10,88,22,11,8,21,11,10,75,20
"130830046",7,6,25,8,20,80,21,2,5,14,6,14,32,14,5,1,11,2,6,48,7
"130830047",0,2,5,2,1,9,6,0,1,2,2,1,5,2,0,1,3,0,0,4,4
"130830048",0,0,0,0,0,0,0,0,0,0,0,0,0,0,0,0,0,0,0,0,0
"130830055",0,0,0,0,0,0,0,0,0,0,0,0,0,0,0,0,0,0,0,0,0
"130830058",0,0,0,0,0,0,0,0,0,0,0,0,0,0,0,0,0,0,0,0,0
"130830059",0,0,0,0,0,0,0,0,0,0,0,0,0,0,0,0,0,0,0,0,0
"130830060",88,103,266,166,213,1297,252,43,55,158,79,103,607,123,45,48,108,87,110,690,129
"130830062",0,0,0,0,0,0,0,0,0,0,0,0,0,0,0,0,0,0,0,0,0
"130830064",0,0,0,0,0,0,0,0,0,0,0,0,0,0,0,0,0,0,0,0,0
"130830071",2,6,12,4,8,57,12,0,3,6,1,7,25,8,2,3,6,3,1,32,4
"130830074",5,1,5,0,9,36,1,2,0,3,0,6,21,0,3,1,2,0,3,15,1
"130830076",0,0,0,0,0,0,0,0,0,0,0,0,0,0,0,0,0,0,0,0,0
"130830077",1,5,5,3,4,13,1,1,3,1,2,2,6,1,0,2,4,1,2,7,0
"130830080",16,19,37,29,50,205,44,10,4,22,13,20,96,19,6,15,15,16,30,109,25
"130830084",0,0,0,0,0,0,0,0,0,0,0,0,0,0,0,0,0,0,0,0,0
"130830085",0,0,0,0,0,0,0,0,0,0,0,0,0,0,0,0,0,0,0,0,0
"130830086",0,1,3,4,5,18,13,0,0,2,2,3,9,7,0,1,1,2,2,9,6
"130830087",0,0,1,1,0,10,7,0,0,0,1,0,4,3,0,0,1,0,0,6,4
"130830088",0,0,0,0,0,0,0,0,0,0,0,0,0,0,0,0,0,0,0,0,0
"130830089",0,0,0,0,0,0,0,0,0,0,0,0,0,0,0,0,0,0,0,0,0
"130830090",0,0,0,0,0,5,6,0,0,0,0,0,4,4,0,0,0,0,0,1,2
"130830093",1,1,1,2,2,14,15,0,0,0,1,2,7,7,1,1,1,1,0,7,8
"130830095",0,0,0,0,0,0,0,0,0,0,0,0,0,0,0,0,0,0,0,0,0
"130830100",0,0,0,0,0,0,0,0,0,0,0,0,0,0,0,0,0,0,0,0,0
"130830102",121,171,389,209,362,2403,499,61,101,204,96,178,1130,228,60,70,185,113,184,1273,271
"1308301020161",31,46,98,57,101,692,132,17,24,53,26,48,323,58,14,22,45,31,53,369,74
"1308301020176",52,72,174,90,157,1017,185,21,46,89,36,78,486,81,31,26,85,54,79,531,104
"1308301020509",25,26,74,42,57,375,110,16,13,37,23,30,163,53,9,13,37,19,27,212,57
"1308301020513",13,27,43,20,47,319,72,7,18,25,11,22,158,36,6,9,18,9,25,161,36
"130830105",0,0,0,0,0,0,0,0,0,0,0,0,0,0,0,0,0,0,0,0,0
"130830111",0,0,0,0,0,0,0,0,0,0,0,0,0,0,0,0,0,0,0,0,0
"130830115",1,0,0,2,5,10,4,1,0,0,2,3,5,3,0,0,0,0,2,5,1
"130830116",0,0,0,0,0,0,0,0,0,0,0,0,0,0,0,0,0,0,0,0,0
"130830117",0,0,0,0,0,0,0,0,0,0,0,0,0,0,0,0,0,0,0,0,0
"130830118",0,2,2,0,1,3,2,0,2,1,0,1,1,1,0,0,1,0,0,2,1
"130830119",0,0,0,0,0,0,0,0,0,0,0,0,0,0,0,0,0,0,0,0,0
"130830122",0,0,0,0,0,0,0,0,0,0,0,0,0,0,0,0,0,0,0,0,0
"130830123",0,0,0,0,0,0,0,0,0,0,0,0,0,0,0,0,0,0,0,0,0
"130830124",1,0,5,0,2,6,1,0,0,1,0,0,2,0,1,0,4,0,2,4,1
"130830126",4,6,2,6,6,43,8,3,3,1,2,1,19,4,1,3,1,4,5,24,4
"130830128",3,4,10,7,8,41,12,0,2,4,1,5,20,8,3,2,6,6,3,21,4
"130830129",0,0,1,1,0,8,0,0,0,1,1,0,5,0,0,0,0,0,0,3,0
"130830130",5,8,18,8,10,65,4,4,5,7,2,5,32,3,1,3,11,6,5,33,1
"130830131",3,3,10,2,8,32,4,2,1,8,1,3,11,2,1,2,2,1,5,21,2
"130830132",7,2,13,2,5,44,11,3,2,4,0,3,23,6,4,0,9,2,2,21,5
"130830133",653,853,1788,940,1438,10530,1387,331,401,878,483,748,4987,605,322,452,910,457,690,5543,782
"1308301330015",0,3,3,4,0,29,0,0,0,3,0,0,9,0,0,0,0,3,0,20,0
"1308301330320",41,60,167,104,190,1019,174,27,31,80,51,110,470,80,14,29,87,53,80,549,94
"1308301330335",59,60,125,65,116,860,124,35,25,60,32,63,399,47,24,35,65,33,53,461,77
"130830133034A",72,106,274,154,238,1436,211,39,43,120,68,134,681,92,33,63,154,86,104,755,119
"1308301330354",35,53,128,61,108,749,133,18,29,58,38,64,378,54,17,24,70,23,44,371,79
"1308301330369",49,61,154,115,149,1028,145,19,26,78,63,86,473,67,30,35,76,52,63,555,78
"1308301330373",4,4,7,6,9,60,4,0,0,4,0,6,29,0,4,3,3,4,3,32,3
"1308301330388",5,16,46,23,41,189,29,5,6,21,15,19,80,12,0,10,25,8,22,109,17
"1308301330392",16,27,59,23,38,270,33,11,11,31,14,25,124,17,5,16,28,9,13,146,16
"1308301330405",20,19,65,24,56,287,38,11,10,25,10,25,134,19,9,9,40,14,31,153,19
"130830133041A",6,9,11,7,7,56,5,0,6,3,0,5,27,0,5,3,8,5,0,33,3
"1308301330424",47,78,126,54,70,733,72,25,42,62,27,36,361,32,22,36,64,27,34,372,40
"1308301330439",85,100,207,84,115,1062,75,39,52,114,50,47,505,36,46,48,93,34,68,557,39
"1308301330443",9,27,43,35,39,248,30,8,11,15,15,19,116,14,0,16,28,20,20,132,16
"1308301330458",41,48,126,68,75,638,54,19,23,68,34,29,312,24,22,25,58,34,46,326,30
"1308301330462",14,14,26,19,19,162,21,7,10,14,10,9,80,9,7,4,12,9,10,82,12
"1308301330477",54,46,79,25,46,529,46,24,15,42,13,18,266,17,30,31,37,12,28,263,29
"1308301330481",93,115,138,68,120,1132,188,40,57,78,37,53,525,80,53,58,60,31,67,607,108
"1308301330496",0,7,4,0,0,47,3,0,0,0,0,0,23,0,0,5,0,0,0,27,0
"130830134",54,39,119,59,84,706,142,26,24,41,30,44,337,58,28,15,78,29,40,369,84
"130830135",25,17,57,28,60,264,48,12,6,25,13,22,131,19,13,11,32,15,38,133,29
"130830136",23,26,57,42,65,369,54,12,14,31,18,33,180,20,11,12,26,24,32,189,34
"130830137",14,15,33,22,25,156,14,5,4,14,10,10,71,6,9,11,19,12,15,85,8
"130830138",15,15,42,14,39,209,27,5,6,24,5,24,100,11,10,9,18,9,15,109,16
"130830140",3,3,3,2,5,17,3,1,2,2,0,3,8,3,2,1,1,2,2,9,0
"130830141",0,0,0,0,0,0,0,0,0,0,0,0,0,0,0,0,0,0,0,0,0
"130830142",0,0,0,0,0,0,0,0,0,0,0,0,0,0,0,0,0,0,0,0,0
"130840001",711,786,1749,853,1289,7693,1651,351,389,914,429,633,3487,738,360,397,835,424,656,4206,913
"1308400010099",50,42,106,51,101,636,288,24,16,62,21,51,282,123,26,26,44,30,50,354,165
"1308400010173",53,56,135,60,111,578,86,28,31,59,31,63,266,29,25,25,76,29,48,312,57
"1308400010188",69,78,157,76,102,625,95,40,38,87,35,50,272,43,29,40,70,41,52,353,52
"1308400010192",65,70,185,101,148,845,193,27,30,98,56,73,378,89,38,40,87,45,75,467,104
"1308400010205",108,130,257,126,206,1235,294,52,68,128,59,101,569,123,56,62,129,67,105,666,171
"130840001021A",125,126,271,113,207,1209,312,62,70,153,59,92,535,150,63,56,118,54,115,674,162
"1308400010224",64,79,182,111,133,851,197,26,42,90,57,58,375,83,38,37,92,54,75,476,114
"1308400010243",8,6,22,7,3,57,6,4,0,14,4,0,28,5,4,5,8,3,0,33,0
"1308400010258",11,6,19,7,12,100,14,6,0,9,5,4,48,5,5,4,10,0,8,52,9
"1308400010262",24,26,41,19,30,262,41,11,14,20,6,16,136,22,13,12,21,13,14,126,19
"1308400010277",55,78,146,58,67,529,53,33,37,78,31,43,244,29,22,41,68,27,24,285,24
"1308400010281",58,64,138,77,113,526,59,30,27,73,41,54,242,31,28,37,65,36,59,284,28
"1308400010296",3,0,10,9,13,34,4,0,0,6,6,7,22,0,0,0,4,3,6,16,0
"1308400010309",4,4,19,3,6,36,0,0,3,9,0,4,16,0,0,0,10,0,0,22,0
"1308400010313",14,20,61,35,37,171,8,5,10,28,16,15,78,4,9,10,33,19,22,93,4
"130840002",12,12,25,26,22,102,24,6,6,15,15,12,48,11,6,6,10,11,10,54,13
"130840003",6,7,13,13,14,123,47,3,3,7,9,8,56,20,3,4,6,4,6,67,27
"130840004",9,12,40,22,92,149,50,2,6,16,11,43,64,22,7,6,24,11,49,85,28
"130840005",47,48,101,39,77,542,166,16,24,48,22,33,234,78,31,24,53,17,44,308,88
"130840006",4,6,12,7,8,92,59,1,3,6,5,4,39,26,3,3,6,2,4,53,33
"130840007",47,59,117,46,91,421,61,24,33,58,29,47,197,29,23,26,59,17,44,224,32
"130840008",4,5,9,5,13,48,14,2,3,4,0,8,21,9,2,2,5,5,5,27,5
"130840010",11,16,22,9,19,102,28,3,8,13,5,11,52,12,8,8,9,4,8,50,16
"130840011",1,7,15,10,5,47,21,0,3,5,5,1,24,11,1,4,10,5,4,23,10
"130840012",8,13,22,15,17,108,47,4,9,11,8,9,48,20,4,4,11,7,8,60,27
"130840013",5,7,27,17,17,92,35,2,4,16,3,12,40,17,3,3,11,14,5,52,18
"130840014",9,17,46,15,25,181,81,4,12,28,8,9,85,38,5,5,18,7,16,96,43
"130840016",8,10,19,10,15,74,12,4,5,12,4,6,28,6,4,5,7,6,9,46,6
"130840017",0,0,0,0,0,0,0,0,0,0,0,0,0,0,0,0,0,0,0,0,0
"130840018",5,4,7,5,8,49,22,4,0,2,4,3,19,6,1,4,5,1,5,30,16
"130840019",13,21,39,27,36,244,103,6,8,27,11,22,117,47,7,13,12,16,14,127,56
"130840020",12,8,18,7,18,88,15,7,3,9,1,8,39,6,5,5,9,6,10,49,9
"130840021",4,3,5,2,10,23,27,3,1,1,1,5,11,14,1,2,4,1,5,12,13
"130840022",2,6,13,12,15,67,21,1,3,5,8,8,30,11,1,3,8,4,7,37,10
"130840023",5,5,10,3,9,62,25,4,4,4,2,4,38,9,1,1,6,1,5,24,16
"130840024",41,37,72,54,64,428,198,22,16,42,28,33,189,91,19,21,30,26,31,239,107
"130840025",6,6,15,8,7,91,32,3,3,6,6,2,48,12,3,3,9,2,5,43,20
"130840026",6,5,16,6,17,69,45,6,3,9,3,7,34,22,0,2,7,3,10,35,23
"130840027",78,68,133,70,102,785,262,40,42,61,33,56,366,119,38,26,72,37,46,419,143
"130840028",7,6,10,7,9,60,29,4,5,2,2,3,30,13,3,1,8,5,6,30,16
"130840029",11,5,36,21,33,136,48,6,1,17,12,17,64,23,5,4,19,9,16,72,25
"130840031",8,5,29,12,18,109,19,5,4,17,9,6,50,11,3,1,12,3,12,59,8
"130840032",2,1,6,0,2,13,4,2,1,4,0,1,5,3,0,0,2,0,1,8,1
"130840033",12,8,32,19,18,147,58,8,6,22,5,8,60,25,4,2,10,14,10,87,33
"130840034",9,10,14,4,14,106,22,5,7,6,2,8,54,8,4,3,8,2,6,52,14
"130840035",5,7,9,1,5,32,6,3,2,7,1,2,14,4,2,5,2,0,3,18,2
"130840036",12,13,41,17,27,149,71,3,8,22,7,13,73,34,9,5,19,10,14,76,37
"130840037",1,0,3,1,1,17,9,1,0,1,0,1,10,4,0,0,2,1,0,7,5
"130840039",42,49,114,59,82,463,103,13,25,50,33,41,200,45,29,24,64,26,41,263,58
"130840040",4,4,7,8,6,38,10,1,2,1,4,3,13,2,3,2,6,4,3,25,8
"130840041",19,17,38,9,21,127,17,8,7,21,5,10,64,11,11,10,17,4,11,63,6
"130840042",8,14,41,25,26,162,60,5,8,11,13,13,74,29,3,6,30,12,13,88,31
"130840043",3,3,6,4,7,36,28,1,0,3,3,4,16,13,2,3,3,1,3,20,15
"130840044",3,10,23,2,5,54,10,3,4,8,1,2,22,3,0,6,15,1,3,32,7
"130840045",51,46,100,61,98,498,137,25,22,43,31,52,230,61,26,24,57,30,46,268,76
"130840046",0,1,21,2,1,25,5,0,1,8,1,0,13,1,0,0,13,1,1,12,4
"130840047",1,0,0,0,1,10,10,0,0,0,0,0,6,4,1,0,0,0,1,4,6
"130840048",2,7,17,7,9,51,17,1,6,11,3,4,23,7,1,1,6,4,5,28,10
"130840049",6,6,35,20,28,152,40,3,4,20,12,15,67,21,3,2,15,8,13,85,19
"130840050",3,6,12,7,15,57,31,1,3,6,3,9,23,15,2,3,6,4,6,34,16
"130840051",5,10,20,6,12,60,22,2,4,12,3,7,29,10,3,6,8,3,5,31,12
"130840052",5,3,7,8,7,35,11,2,2,3,5,5,16,7,3,1,4,3,2,19,4
"130840053",5,6,12,7,18,92,24,3,3,7,0,9,43,14,2,3,5,7,9,49,10
"130840054",3,1,2,0,3,26,12,1,0,1,0,1,11,5,2,1,1,0,2,15,7
"130840055",2,0,8,4,4,34,27,0,0,4,2,3,15,11,2,0,4,2,1,19,16
"130840056",6,1,11,6,13,86,35,3,1,7,2,11,39,17,3,0,4,4,2,47,18
"130840057",0,0,0,0,0,6,6,0,0,0,0,0,5,5,0,0,0,0,0,1,1
"130840058",6,5,9,9,13,39,12,2,0,4,4,6,17,8,4,5,5,5,7,22,4
"130840059",52,56,126,54,70,455,91,24,27,58,27,40,205,42,28,29,68,27,30,250,49
"130840060",0,0,0,0,0,1,4,0,0,0,0,0,0,3,0,0,0,0,0,1,1
"130840061",1,5,5,3,7,20,13,1,2,3,1,4,9,6,0,3,2,2,3,11,7
"130840062",30,26,61,25,35,207,33,15,10,35,13,20,93,12,15,16,26,12,15,114,21
"130840063",19,8,22,15,22,151,34,11,3,13,8,7,68,14,8,5,9,7,15,83,20
"130840064",13,16,31,11,28,143,34,1,7,15,8,11,77,17,12,9,16,3,17,66,17
"130840065",1,1,0,0,0,5,10,0,0,0,0,0,2,4,1,1,0,0,0,3,6
"130840066",1,0,2,1,1,11,6,1,0,1,0,0,6,3,0,0,1,1,1,5,3
"130840067",4,6,7,2,12,45,20,2,2,3,1,4,18,7,2,4,4,1,8,27,13
"130840068",1,0,1,1,3,23,6,1,0,1,1,1,15,4,0,0,0,0,2,8,2
"130840069",1,2,3,2,4,19,4,0,0,1,2,1,8,0,1,2,2,0,3,11,4
"130840070",10,8,21,10,20,97,14,4,4,10,3,8,41,4,6,4,11,7,12,56,10
"130840071",0,6,9,5,7,38,9,0,1,4,3,2,21,4,0,5,5,2,5,17,5
"130840072",9,11,24,10,11,109,45,5,6,13,7,6,50,17,4,5,11,3,5,59,28
"130840073",2,3,4,2,6,29,11,0,0,2,0,4,12,6,2,3,2,2,2,17,5
"130840074",6,4,5,8,9,45,22,4,2,3,4,4,21,13,2,2,2,4,5,24,9
"130840075",2,2,13,3,5,25,13,1,1,10,2,2,12,6,1,1,3,1,3,13,7
"130840076",3,3,11,7,10,38,6,3,3,5,3,5,19,4,0,0,6,4,5,19,2
"130840077",5,3,10,7,8,61,26,3,1,5,1,4,26,12,2,2,5,6,4,35,14
"130840078",10,2,17,7,15,59,19,3,2,11,4,5,27,7,7,0,6,3,10,32,12
"130840079",1,2,0,1,4,12,0,1,0,0,1,1,5,0,0,2,0,0,3,7,0
"130840082",1,2,4,1,1,14,6,1,1,2,0,1,6,3,0,1,2,1,0,8,3
"130840083",8,10,14,5,9,74,22,5,3,7,3,4,38,10,3,7,7,2,5,36,12
"130840088",10,12,14,19,14,79,22,8,4,7,12,5,38,8,2,8,7,7,9,41,14
"130840089",0,0,0,2,0,4,6,0,0,0,0,0,2,1,0,0,0,2,0,2,5
"130840090",10,9,28,24,25,120,39,7,5,16,13,8,53,18,3,4,12,11,17,67,21
"130840093",0,2,5,2,4,18,3,0,1,2,1,2,10,0,0,1,3,1,2,8,3
"130840094",3,2,2,2,2,10,2,2,1,1,1,1,5,1,1,1,1,1,1,5,1
"130840095",1,0,2,0,1,3,5,1,0,1,0,1,0,3,0,0,1,0,0,3,2
"130840096",2,1,4,5,3,16,1,1,1,1,1,3,6,1,1,0,3,4,0,10,0
"130840098",3,0,1,1,3,24,12,2,0,1,0,0,8,4,1,0,0,1,3,16,8
"130840099",10,20,35,25,34,157,22,4,13,19,12,16,67,11,6,7,16,13,18,90,11
"130840100",7,3,7,2,10,49,21,5,2,2,0,4,19,9,2,1,5,2,6,30,12
"130840101",2,2,4,4,4,29,11,1,2,2,2,2,11,6,1,0,2,2,2,18,5
"130840105",2,1,4,2,5,38,8,1,0,2,1,1,22,4,1,1,2,1,4,16,4
"130840106",0,0,2,0,1,8,4,0,0,1,0,1,4,3,0,0,1,0,0,4,1
"130840107",6,3,7,7,15,55,21,4,1,4,6,3,32,11,2,2,3,1,12,23,10
"130840109",39,38,82,46,52,416,80,27,21,38,18,28,184,36,12,17,44,28,24,232,44
"130840110",2,1,1,0,1,6,4,1,0,1,0,1,3,2,1,1,0,0,0,3,2
"130840111",1,1,2,1,2,8,2,1,1,1,1,2,4,2,0,0,1,0,0,4,0
"130840112",4,5,12,2,6,42,12,3,0,8,1,3,18,8,1,5,4,1,3,24,4
"130840113",4,3,2,2,3,26,4,1,3,1,1,2,12,3,3,0,1,1,1,14,1
"130840114",2,2,0,0,0,8,1,2,2,0,0,0,3,0,0,0,0,0,0,5,1
"130840115",16,15,26,26,36,180,38,9,9,14,10,19,85,16,7,6,12,16,17,95,22
"130840116",5,2,6,2,8,30,23,2,0,2,2,3,13,8,3,2,4,0,5,17,15
"130840117",0,2,2,1,1,10,2,0,0,1,1,0,5,0,0,2,1,0,1,5,2
"130840118",4,7,9,13,21,86,13,0,1,5,4,11,39,5,4,6,4,9,10,47,8
"130840119",5,5,20,7,8,56,16,1,0,13,3,6,28,9,4,5,7,4,2,28,7
"130840120",3,4,6,8,9,50,25,1,1,2,1,3,21,16,2,3,4,7,6,29,9
"130840121",5,5,20,2,2,68,18,2,0,12,2,1,32,8,3,5,8,0,1,36,10
"130840122",1,4,5,4,7,26,10,0,2,3,3,4,12,5,1,2,2,1,3,14,5
"130840123",1,0,3,1,2,10,2,0,0,1,0,1,4,0,1,0,2,1,1,6,2
"130840124",0,0,0,0,0,0,0,0,0,0,0,0,0,0,0,0,0,0,0,0,0
"130840126",3,5,5,8,8,53,11,2,3,2,4,5,24,5,1,2,3,4,3,29,6
"130840127",4,1,6,2,2,37,11,3,1,4,1,2,16,6,1,0,2,1,0,21,5
"130840130",3,1,7,3,7,31,11,3,0,6,1,3,14,5,0,1,1,2,4,17,6
"130840131",3,4,10,4,8,42,24,1,2,6,1,1,21,10,2,2,4,3,7,21,14
"130840132",28,32,76,37,46,326,87,18,13,41,18,25,153,44,10,19,35,19,21,173,43
"130840133",43,57,104,44,88,466,111,20,30,54,23,40,215,45,23,27,50,21,48,251,66
"130840135",0,1,12,7,3,27,11,0,1,6,6,3,11,4,0,0,6,1,0,16,7
"130840136",3,4,6,2,0,24,16,2,2,5,0,0,11,9,1,2,1,2,0,13,7
"130840137",7,4,8,3,6,33,19,3,1,5,3,2,13,8,4,3,3,0,4,20,11
"130840141",55,52,124,61,98,592,141,31,25,61,32,55,278,59,24,27,63,29,43,314,82
"130840142",2,0,3,0,2,15,13,1,0,3,0,1,10,7,1,0,0,0,1,5,6
"130840144",0,0,2,1,1,5,4,0,0,0,1,0,1,1,0,0,2,0,1,4,3
"130840145",2,2,1,2,2,15,13,2,2,1,1,2,8,6,0,0,0,1,0,7,7
"130840146",0,0,0,0,0,0,0,0,0,0,0,0,0,0,0,0,0,0,0,0,0
"130840148",1,0,1,1,1,11,4,1,0,1,0,1,6,2,0,0,0,1,0,5,2
"130840149",0,0,1,3,1,5,2,0,0,0,1,1,3,2,0,0,1,2,0,2,0
"130840150",3,2,10,9,6,39,7,2,2,6,4,2,20,3,1,0,4,5,4,19,4
"130840151",2,0,0,0,0,5,2,0,0,0,0,0,4,0,2,0,0,0,0,1,2
"130840152",0,0,0,0,0,0,0,0,0,0,0,0,0,0,0,0,0,0,0,0,0
"130840153",0,0,0,0,1,8,3,0,0,0,0,1,4,2,0,0,0,0,0,4,1
"130840154",0,0,0,0,0,0,0,0,0,0,0,0,0,0,0,0,0,0,0,0,0
"130840155",1,0,3,3,5,18,6,0,0,0,2,4,7,3,1,0,3,1,1,11,3
"130840156",2,0,2,1,2,14,6,0,0,1,0,0,7,1,2,0,1,1,2,7,5
"130840158",0,1,3,0,1,5,3,0,1,1,0,1,3,1,0,0,2,0,0,2,2
"130840159",6,6,9,6,4,47,13,4,2,3,5,3,20,6,2,4,6,1,1,27,7
"130840160",1,4,13,7,3,31,8,1,4,12,2,2,15,5,0,0,1,5,1,16,3
"130840162",0,0,0,0,0,0,0,0,0,0,0,0,0,0,0,0,0,0,0,0,0
"130840164",0,0,0,0,0,0,0,0,0,0,0,0,0,0,0,0,0,0,0,0,0
"130840165",0,0,0,0,0,0,0,0,0,0,0,0,0,0,0,0,0,0,0,0,0
"130840166",0,0,0,0,0,0,0,0,0,0,0,0,0,0,0,0,0,0,0,0,0
"130840167",5,4,8,7,13,44,14,2,4,4,4,8,21,7,3,0,4,3,5,23,7
"130840168",4,3,4,0,1,14,3,2,1,3,0,0,8,1,2,2,1,0,1,6,2
"130840169",6,7,11,4,10,31,5,3,0,5,1,7,14,3,3,7,6,3,3,17,2
"130840170",0,0,3,2,2,6,2,0,0,3,1,1,3,1,0,0,0,1,1,3,1
"130840171",6,14,23,13,18,95,15,3,9,14,11,6,45,5,3,5,9,2,12,50,10
"130840172",2,3,8,10,6,24,8,1,2,3,3,2,11,2,1,1,5,7,4,13,6
"130840173",3,2,7,4,6,41,21,1,1,4,1,3,17,10,2,1,3,3,3,24,11
"130840174",0,0,0,2,1,17,4,0,0,0,1,0,11,2,0,0,0,1,1,6,2
"130840175",2,2,4,2,1,21,4,1,0,2,1,1,11,2,1,2,2,1,0,10,2
"130840176",0,0,0,0,0,0,0,0,0,0,0,0,0,0,0,0,0,0,0,0,0
"130840177",1,2,1,3,2,8,1,1,0,1,2,1,1,0,0,2,0,1,1,7,1
"130840178",2,2,3,0,1,13,6,1,1,2,0,0,8,4,1,1,1,0,1,5,2
"130840179",2,3,6,3,5,37,9,1,0,4,1,2,17,2,1,3,2,2,3,20,7
"130840180",9,10,26,9,11,88,12,6,6,19,5,7,43,9,3,4,7,4,4,45,3
"130840182",11,14,29,7,8,75,13,4,4,13,4,4,36,4,7,10,16,3,4,39,9
"130840183",0,0,0,0,0,0,0,0,0,0,0,0,0,0,0,0,0,0,0,0,0
"130840184",6,2,14,5,13,56,15,4,1,8,4,7,25,6,2,1,6,1,6,31,9
"130840185",0,0,1,1,1,6,3,0,0,1,1,1,3,2,0,0,0,0,0,3,1
"130840187",3,1,10,1,4,25,7,2,1,8,1,2,14,2,1,0,2,0,2,11,5
"130840188",1,1,0,1,0,9,3,1,1,0,0,0,4,2,0,0,0,1,0,5,1
"130840190",6,6,8,5,5,50,14,4,1,3,3,4,21,8,2,5,5,2,1,29,6
"130840191",0,0,0,0,0,0,0,0,0,0,0,0,0,0,0,0,0,0,0,0,0
